165 125 483 194 271 553 94 349 3 3 453 279 414 509 220 168 43 279 165 553 521 168 551 600 20 304 591 553 145 564 388 574 14 20 550 600 70 134 502 549 291 471 427 578 82 539 110 496 359 274 94 221 130 316 121 184 427 36 279 214 468 76 300 509 586 154 235 1 428 321 565 572 251
54 517 559 258 159 427 386 523 215 350 451 452 516 582 9 248 172 100 473 76 38 366 426 494 561 40 110 167 148 563 397 563 209 267 145 190 443 383 400 323 264 409 540 36 395 590 235 270 143 527 472 267 186 373 64 493 416 251 459 230 562 259 426 233 433 220 537 220 447 149 46 352 519 110 164 321 258 463 123 355 422 487 256 406 477 151 519 300 399 232 291 76 280 473 68 578 402 279 118 502 72 68 360 579 454 306 331 508 158 173 584 224 554 357 349 267 255 431 531 50 498 179 554 461 236 513 226 479 350 334 137 55 588 123 386 112 223 259 114 135 53 324 269 456 305 518 583 346 246 141 377 13 263 270 334 353 335 363 555 569 348 295 4 82 301 14 506 594 108 13 240 410 229 107 567 81 131 316 7 436 265 62 38 83
25 460 223 348 280 516 10 163 207 225 107 367 16 132 392 553 435 241 421 370 307 53 198 401 280 86 49 65 434 134 248 510 114 518 154 480 34 260 475 11 21 244 204 540 515 110 143 532 523 271 79 67 515 82 368 361 368 590 130 395 473 151 31 524 437 528 170 348 474 243 468 148 181 137 514 399 193 128 399 78 261 80 203 405 463 401 89 270 298 0 442 74 159 554 263 106 218 368 59 250 265 361 136 588 81 505 129 576 76 570 253 408 461 291 382 136 296 402 381 557 591 166 79 99 85 480 8 319 292 173 552 561 71 277 196 307 402 114 85 218 30 456 296 467 448 488 103 344 457 39 509 363 366 344 342 84 556 418 581 433 362 280 97 280 224 187 440 305 383 145 599 305 576 279 32 133 185 216
262 175 488 337 426 349 281 296 290 357 562 236 202 184 55 67 598 14 363 326 441 233 198 115 176 310 382 414 302 170 423 587 563 114 569 527 6 362 427 163 73 306 400 221
572 579 378 577 28 470 3 172 444 232 549 532 346 331 184 336 350 245 441 287 417 476 275 441 404 493 301 217 122 343 569 473 116 306 391 203 439 530 485 353 232 42 552 237 231 308 156 177 121 302 417 412 460 220 524 332 447 556 380 500 536 362 257 259 552 60 102 258 148 442 184 123 227 146 28 333 528 67 449 493 56 132 224 279 337 305 72 7 138 76 94 159 40 296 591 531
96 436 133 117 584 302 89 412 533 57 7 237 544 501 246 166 593 498 305 416 97 37 323 55 84 461 541 527 551 467 254 417 129 568 82 525 154 156 251 47 331 211 155 121 371 366 447 529 484 140 103 220 434 4 223 363 267 348 231 100 13 597 105 438 132 558 87 118 18 38 358 373 524 310 539 347 400 561 229 152 527 370 593 463 244 447 320 277 433 371 551 341 10 116 274 213 472 536 542 262 82 389 25 462 123 543 183 545 53 362 370 415 19 462 108 397 52 424 519 50 205 555 424 364 109 134 465 199 349 588 307 240 511 497 173 339 583 78 568 30 164 86 426 528 384 570 320 375 200 152 61
390 488 192 550 396 534 327 3 80 561 187 366 14 334 36 497 33 276 320 25 519 382 446 345 347 98 424 41 551 349 427 312 411 1 27 66 592 19 139 36 339 281 114 393 241 571 464 41 545 532 70 439 381 118 333 218 169 132 300 427 448 288 394 236 524 527 534 316 589 103 598 266 198 452 441 207 330 311 487 100 283 449 460 525 482 117 329 380 536 122 565 44 486 266 161 194 574 507 370 178 1 591 259 288 82 184 234 393 153 46 272 506 427 108 222 44 378 348 509 13 451 377 34 136 523 484 329 575 206 43 103 53 176 237 510 227 260 184 194 376 34 523 146 398 478 164 135 276 513 595 317 465 141 523 419 209 554 10 185 178 587 514 137 291 447 532 178
295 493 151 214 55 563 149 461 378 38 175 589 31 301 288 160 295 460 101 574 70 103 590 578 40 40 421 418 441 70 199 495 322 48 300 240 402 574 47 4 293 406 173 527 120 582 513 115 466 13 553 368 336 370 388 320 512 137 141 160 446 481 71 369 117 310 31 416 444 395 310 299 571 410 261 74 469 282 582 501 209 584 456 515 105 402 243 581 551 291 364 140 143 232 138 136 304 7 325 370 557 198 8 442 508 514 58 111 594 491 428 103 335 153 256 85 93 33 416 375 126 334 334 228 151 393 40 270 249 400
284 355 284 228 152 343 419 147 311 233 569 567 16 217 488 21 446 73 16 70 11 102 55 500 127 426 539 317 534 380 241 3 550 303 284 266 540 343 51 236 492 247 159 401 232 568 17 193 320 596 266 35 248 137 552 30 119 8 504 181 101 410 391 59 252 56 369 115 289 570 491 530 313 545 512 199 109 128 306 497 458 121 323 598 142 383 355 205 310 337 380 391 263 189 533 562 235 347 209 479 531 277 589 200 574 283 99 291 425 530 46 161 480
206 79 163 301 275 204 497 234 64 53 499 309 248 401 542 308 320 335 106 543 158 418 335 523 260 220 165 439 353 237 185 422 407 449 314 74 190 470 352 565 73 463 448 66 191 218 47 352 26 346 460 109 582 90 373 451 453 254 37 269 258 284 158 177 428 246 198 423 494 594 302 543 407 183 393 149 458 283 417 288 83 356 320 317 84 533 13 24 399 348 524 27 542 69 232 130 17 305 224 470 237 507 438 26 421
333 102 410 222 521 533 4 179 504 593 86 507 570 592 444 375 349 408 103 394 226 530 214 371 569 597 466 205 480 255 334 149 268 344 440 468 148 377 573 177 469 483 187 344 234 214 246 491 84 227 529 253 231 537 136 292 47 214 419 589 58 8 229 358 537
563 522 332 189 440 97 118 159 392 245 337 272 258 238 150 549 244 127 81 314 243 183 316 153 236 384 584 399 387 3 439 317 42 190 302 269 394 169 548 28 360 413 335 21 448 333 202 119 349 93 530 484 475 266 553 526 185 97 226 92 210 518 461 565 8 4 335 369 315 398 19 316 58 82 14 131 462 511 368 572 214 23 190 436 533 144 440 171 252 398 255 521 266 556 392 151 201 516 135 8 29 171 540 407 359 421 201 415 44 11 379 51 530 562 320 157 570 206 247 373 518 31 150 188 291 475 523 283 364 545 40 433 584 184 381 458 47 536 63 546 211 122 508 297 370 375 155 361 532 268 385 301 561 56 156 42 64 555 269 13 142 437 408 161
579 489 300 104 525 116 485 218 89 420 223 253 457 3 283 259 252 122 391 296 319 398 428 269 224 259 432 264 357 403 356 422 415 479 505 520 44 113 505 39 552 445 385 115 577 141 309 232 525 29 136 56 475 58 103 503 106 596 79 356 487 104 99 290 1 211 308 237 140 108 342 39 529 435 153 88 279 15 125 385 205 253 87 71 106 533 255 355 65 350 446 53 457 152 462 222 394 95 549 176 410 243 450 208 406 31 75 585 552 149 70 232 262 85 5 81 136 489 283 330 538 436 171 30 514 141 371 475
37 30 373 67 23 483 576 558 124 512 282 239 144 196 395 6 68
209 406 272 181 162 377 106 222 0 175 308 110 90 108 557 60 1 248 95 349 441 161 26 377 448 584 194 390 596 234 204 157 201 577 166 277 94 61 542 3 3 418 536 407 554 470 221 406 59 391 55 396 83 164 533 552 162 4 306 27 90 461 25 15 379 340 523 273 96 458 514 398 269 241 556 359 239 236 142 235 350 346 192 322 160 236 460 579 332 33 43 251 490 190 527 14 260 322 377 190 24 329 219 199 338 75 543 187 204 94 242 249 419 54 441 179 204 47 30 25 80 397 510 209 200 153 150 94 308 482 523 268 583 192 108 407
309 558 278 258 36 0 136 194 182 209 219 389 434 35 67 244 306 75 100 97 507 293 542 66 179 206 287 425 18 501 185 485 112 218 148 421 195 17 10 10 61 453 96 13 351 498 438 592 564 121 415 125 68 237 367 291 240 87 481 600 432 185 150 112 59 507 35 294 327 583 458 453 95 325 345 439 72 312 585 341 448 74 119 231 511 275 567 554 575 227 576 311 424 296 303 17 295 436 464 26 431 29 443 368 351 277 311 456 460 281 389 140 491 75 132 319 540 31 335 4 274 228 53 350 459 469 348 34 171 563 258 481 592 401 77 554 242 458 311 133 450 307 16
592 197 413 244 315 368 578 227 598 92 127 477 38 2 120 14 120 484 568 276 55 490 485 150 537 341 346 331 158
42 346 568 103 568 476 169 65 302 18 300 41 558 496 179 590 554 417 493 111 477 222 22 539 329 546 447 401 309 365 453 488 589 427 482 559 210 411 450 254 214 339 48 568 174 2 383 35 238 342 357 403 8 312 563 68 550 313 12 245 376 305 340 458 412 342 508 204 496 193 508 269 64 37 98 429 4 524 460 514 42 309 83 304 126 479 324 535 520 91 187 8 551 348 333 558 493 49
492 6 22 537 220 586 17 511 543 56 414 409 396 85 156 70 343 304 67 241 34 1 523 248 356 200 586 234 445 66 359 367 51 103 473 158 491 235 280 221 179 285 250 235 374 64 559 437 83 358 365 410 391 401 183 470 575 35 175 289 296 271 151 471 95 465 530 466 411 417 556 525 498 299 429 401 270 130 180 419 560 183 220 529 101 384 392 129 119 176 197 552 494 422 29 579 521 438 75 412 366 302 23 192 371 354 83 137 216 436 456 46 527 422 322 82 246 41 70 390 155 0 412
509 157 438 195 475 336 200 103 320 402
241 231 554 130 196 226 156 154 148 411 465 11 526 349 542 201 298 433 37 326 590 484 316 471 180 37 212 209 407 161 55 485 187 440 1 350 135 207 47 397 401 206 544 133 191 339 547 70 527 163 148 235 80 119 141 47 117 280 144 404 211 109 541 52 414 66 514 251 197 454 449 484 497 545 157 24 337 469 275 50 364 169 437 529 363 396 284 118 236 205 434 288 204 112 435 290 278 551 161 133 189 580 406 132 563 19 388 589 581 123 476 577 333 521 454 411 453 89 216 30 101 239 264 185 468 403 202 163 96 49 207 275 167 600 162 503 596 349 313 148 368 488 403 15 183 582 90
572 358 451 524 343 103 436 498 392 271 287 278 46 426 566 24 425 372 33 98 530 396 368 293 225 70 552 465 85 205 409 568 82 385 160 123 582 30 260 177 310 328 127 370 386 512 125 335 168 541 378 493 5
49 515 215 118 150 108 63 456 347 36 150 362 551 388 274 364 547 594 524 122 358 528 152 314 37 168 35 143 22 410 132 158 34 494 575 313 402 564 185 94 396 28 495 321 192 310 447 137 19 217 67 312 385 310 265 414 469 581 364 218 529 192 218 191 270 548 123 230 286 324 430 480 366 425 139 309 59 539 20 535 541 599 290 485 355 319
302 122 85 272 36 395 469 476 467 311 470 252 567 96 397 267
191 269 210 321 197 46 159 445 396 554 20 595 124 72 327 106 129 151 230 591 448 261 572 312 321 20 304 16 354 91 106 315 356 367 595 152 136 107 418 568 18 49 249 110 547 571 18 37 4 74 526 476 62 17 366 107 180 352 37 47 52 540 493 49 521 523 169 265 275 201 490 415 523 552 4 367 460 559 187 61 7 51 358 406 137 487 84 139 60 123 453 210 479 235 182 55 123 320 239 451 160 239 63 525 137 590 22 227 347 227 270 431 66 29 248 233 75 214 491 33 42 403 191 54 493 367 395 445 301 329 568 473 98 484 513 71 574 313 15 93 27 177 398 285 357 594 530 438 147 192 555 282 438 22 381 382 401 159 98 463 317 43 50 134 578 2 392 301 284 225 353 381 223 68 496 372 177 216 546 304 540 136 362
13 337 109 354 99 329 200 593 215 272 390 70 397 19 294 369 39 293 493 540 4 231 311 77 270 369 223 357 461 258 113 207 238 63 366 397 256 126 49 557 393 507 373 224 155 106 164 458 45 505 340 224 343 39 252 276 146 372 485 96 471 264 593 118 256 200 25 427 587 192 88 361 273 338 444 432 489 403 530 481 375 496 165 474 27 107 478 551 80 556 549 445 598 278 235 303 25 234 293 212 361 579 182 476 527 528 202 527 535 380 460 253 29 555 319 34 569 155 42 483 157 148 495 488 513 483 4 316 484 74 521 77 431 95 428 191 61 174 511 527 443 104 564 129 163 539 68 428 527 107 363 322 430 595 404 8 550 134 63 467 275 595 476 21 520 498 381 110 388 409 360 594 577 282 390 95 443 289 424 222 432 159 148 454 63 143 82 107 391 256 373 253 58 540 134
556 585 79 373 61 179 177 305 113 515 577 70 456 554 353 444 272 102 184 16 252 583 166 103 525 231 157 88 109 354 254 202 519 403 502 11 533 590 269 264 169 235 80 166 11 299 345 539 473 399 536 223 362 477 143 228 481 3 140 118 346 292 61 159 138 520 94 457 394 466 90 493 105 382 368 114 319 334 358 446 118 111 160 397 408 503 185 140 106 336 409 73 473 367 226 193 358 192 114 140 570 600 491 58 201 36 55 168 137 150 46 251 337 349
488 262 555 485 302 276 406 120 170 325 391 150 584 103 504 320 341 537 141 554 275 407 439 154 322 104 519 371 2 416 215 20 304 542 88 135 159 462 349 448 453 554 57 327 174 338 455 273 474 444 40 218 585 105 144 576 144 401 148 206 185 422 237 535 25 370 119 598 520 127 221 45 463 463 155 436 56 458 357 176 362 71 354 250 156 400 227 117 2 554 149 211 424 554 381 564 281 393 413 460 179 304 77 252 337 529 496 256 52 381 403 9 377 77 409 178
110 567 154 147 533 526 508 389 215 309 220 148 240 316 474 7 322 227 205 107 334 125 142 445 193 192 275 285 447 509 241 187 490 289 74 314 377 286 219 462 387 22 393 194 570 360 319 167 283 353 301 513 27 353 213 343 126 378 59 261 264 371 344 78 320 366 507 93 262 107 260 370 373 553 482 110 218 233 82 385 129 517 301 96 16 129 289 484 99 220 330 460 157 449 548 156 33 129 136 381 176 380 572 217 353 435 42 581 441 329 554 469 503 152 299 486 113 430 188 145 135 538
352 145 521 251 179 62 330 380 293 249 247 130 255 349 134 380 379 532 26 578 328 463 429 339 69 92 312 113 314 533 503 358 150 408 396 10 235 365 180 254 16 8 551 399 386 467 231 262 482 211 173 214 511 39 128 227 6 559 162 166 336 448 169 116 304 161 136 331 64 429 76 300 570 523 228 457 152 168 514 483 404 7 278 18 396 143 369 122 331 503 82 600 123 108 229 313 233 455 292 535 399 211 338 234 368
376 430 299 181 261 217 408 507 80 337 559 534 5 476 326 153 455 102 324 316 138 582 160 496 572 38 334 3 418 172 581 306 471 519 177 298 166 171 334 240 536 367 548 293 22 592 245 279 550 112 539 343 295 279 9 6 493 83 71 55 451 527 174 262 82 132 437 342 169 456 124 560 586 189 173 318 97 109 328 43 511 115 114 275 195 408 506 564 382 191 580 470 322 291 443 321 285 449 488 399 360 514 179 384 438 118 293 493 384 335 116 6 302 582 482 547 397 18 483 405 441 459 436 227 147 437 542 194 471 186 363 121 225 272 557 414 173 195 435 325
92 124 249 494 362 18 85 323 4 88 242 154 88 157 96 74 209 92 276 10 179 10 18 48 204 389 516 129 461 270 48 499 366 206 212 437 301 319 196 334 541 373 510 339 548 257 99 548 143 370 21 203 410 151 136 499 355 43 276 483 486 395 365 559 315 9 20 442 33 566 157 59 0 177 418 408 388 224 193 259 441 108 25 596 341 196 11 56 525 392 376 104 485 356 231 597 316 365 355 228 263 13 471 143 122 430 112 235 181 198 78
599 341 180 148 261 288 328 95 5 439 333 349 213 45 178 517 432 247 389 31 478 51 190 460 480 364 497 355 461 359 114 363 149 91 357 77 84 530 222 89 428 317 410 459 387 306 28 460 6 503 511 64 100 308 245 483 207 20 345 417 236 549 485 78 56 435 211 447 478 338 458 182 47 10 153 452 580 444 588 12 452 377 71 488 56 216 560 420 590 599 103 54 304 404 219 468 342 393 377 563 322 382 219 238 179 153 452 142 143 450 151 101 163 597 426 132 411 368 148 524 33 212 450 481 564 513 322
548 291 380 361 591 11 155 86 381 525 281
121 4
199 222 377 410 171 418 506 449 317 18 176
106 177 187 370 386 580 0 313 4 126 492 330 163 290 187 545 247 386 57 409 63 175 592 304 97 225 399 203 134 285 498 298 375 314 29 584 533
578 2 445 345 352 396 162 563 202 334 144 283 307 273 95 22 489 584 164 137 429 5 37 40 60 258 273 341 288 507 53 145 4 68 339 384 283 567 355 236 564 304 289 347 261 307 58 74 230 434 225 90 574 214 466 322 205 325 508 576 408 509 195 418 188 441 116 130 456 38 142 355 21 410 354 263 258 367 219 385 277 5 86 97 30 13 297 295 219 18 442 276 257 272 534 245 308 341 387 438 82 283 58 189 101 432 363 212 495 316 507 264 257 412 178 439 53 68 162 464 275 305 427 441 435 459 285 483 31 71 340 537 472 392 364
216 406 262 193 47 16 493 277 562 380 321 312 121 524 459 378 67 573 594 210 38 483 183 583 252 164 375 48 562 260 253 463 318 515 393 448 186 173 269 555 73 279 372 232 281 514 188 79 318 535 38 502 440 559 471 180 414 5 483 245 102 250 107 435 348 43 476 188 215 174 241 301 225 432 45 334 501 484 55 122 591 153 493 580 470 95 568 359 112 365 82 250 463 490 249 599 545 249 405 234 356 562 3 247 560 396 299 558 421 22 276 211 509 453 477 482 303 501 485 491 295 416 165 211 362 255 40 537 56 137 122 506 20 236 356 275 466 484 6 198 358 112 408 212 196 442 260 242 143 144 355 46 296 384 147 351 117 530 223 167 70 469 59 476 351 549 365 466 111 518 56 357 240 227 256 211 196 242 139 181 472 497 371 525 435 451 496 358 219 194 330
169 345 382 379 14 592 592 360 542 294 11 398 129 133 420 550 578 14 69 46 412 132 194 590 195 576 556 208 171 412 448 148 316 303 30 66 530 195 87 433 565 7 331 151 300 78 8 233 69 474 269 27 22 407 0 430 489 597 254 36 393 347 241 468 128 78 518 337 481 139 458 93 74 235 318 112 189 543 216 453 494 5 74 538 444 329 282 306 556 555 122 279 340 419 404 540 54 124 375 500 279 459 522 566 194 445 412 189 525 262 557 175 42 408 452 526 16 411 456 514 29 450 432 198 334 545 110 195 413 328 127 536 254 562 199 351 278 111
366 429 271 320 320 228 461 48 368 34 438 33 440 480 362 498 469 107 406 487 395 214 291 230 54 296 302 331 392 133 247 472 537 307 89 321 521 133 456 434 539 416 112 504 566 558 481 430 496 358 496 188 343 408 249 314 269 42 374 472 549 538 468 513 403 42 41 470 289 507 33 78 474 265 146 373 598 144 474 136 494 73 31 403
362 230 160 245 446 343 72 264 162 168 141 559 273 492 425 469 313 69 499 297 577 14 362 277 207 251 312 152 266 79 437 24 279 9 40 2 1 190 161 464 596 78 307 577 378 490 271 446 404 369 467 202 173 117 28 300 0 71 162 459 316 215 166 234 32 76 507 311 349 351 459 34 339 499 512 92 586 432 91 201 383 262 268 387 167 294 59 196 110 575 385 358 153 123 278 165 123 404 181
146 351 233 337 150 582 53 482 73 532 184 185 234 391 526 340 357 42 464 250 147 96 257 433 416 282 369 422 596 272 76 229 133 107 534 9 596 453 503 125 543 392 572 10 178 62 120 403 534 338 171 583 514 10 269 64 418 214 444 207 110 276 407 93 59 595 366 395 476 292 110 22 450 282 312 75 468 44 228 543 112 507 284 329 371 169 505 339 255 442 164 355 351 280 168 354 382 84 91 507 218 30 30 456 97 507 283 168 451 584 200 100 435 7 381 200 487 0 168 442 179 218 285 39 99 112 537 348 374 136 202 576 199 29 78 271 418 523 553 39 565 322 371 337 123 319 362 192 336 389 424 377 72 535 431 253 362 301 211 323 43 317
522 41 590 389 389 386 183 228 261 543
287 375 333 537 296 477 47 526 352 444 569 74 568 418 563 153 579 175 253 535 410 515 480 246 252
345 458 27 344 449 370 577 158 349 297 91 348 103 600 519 30 381 345 338 470 163 161 267 307 192 542 234 245 585 333 94 37 542 190 98 444 203 343 467 557 106 326 319 26 376 37 107 481 225 574 72 181 463 336 600 230 334 379 451 59 140 176 379 595 207 494 66 324 274 286 486 594 442 30 522 549 293 320 183 352 183 151 313 558 379 565 174 163 155 22 227 332 100 501 11 525 130 553 431 573 421 304 265 94 29 95 89 194 43 288 206 204 183 287 183 400 437 5 54 84 269 282 143 47 247 223 204 363 232 46 313 367 441 230 205 195 477 387 129 55 169 30 246 158

470 541 491 35 558 412 365 531 268 8 132 377 464 406 51 292 446 89 272 111 177 436 578 427 313 305 363 501 16 225 320 254 26 92 427 534 11 187 142 220 41 148 310 566 62 162 467 503 222 78 87 564 494 418 244 52 21 104 386 588 24 98 149 221 532 369 175 157 188 1 110 319 444 145 462 492 203 404 437 307 382 388 106 95 250 399
512 191 37 305 55 293 216 306 238 83 523 77 29 46 307 464 250 553 24 342 205 1 460 331 431 256 586 289 501 313 218 69 260 109 352 521 484 295 153 410 10 272 558 506 88 294 99 106 465 21 286 559 159 334 527 252 422 365 123 523 487 415 443 521 135 351 274 265 268 69 325 51 406 470 496 285 150 375 388 34 35 179 267 392 368 314 562 470 553 452 62 230 407 99 534 546 243 142 579 594
24 236 230 241 79 310 589 178 521 140 197 142 292 412 55 200 409 518 580 198 528 132 273 77 384 107 265 199 399 528 378 440 449 260 444 241 507 240 186 403 445 566 24 387 400 236 207 558 77 235 557 369 223 72 93 279 1 224 147 581 62 170 597 41 121 70 168 304 89 67 299 504 311 198 320 558 519 50 229 319 350 29 335 255 143 511 311 484 185 597 581 248 520 444 242 36 406 58 98 116 283 120 561 12 292 353 270 219 569 150 519 277 424 598 469 425 490 355 588 47 164 200 149 107 508 452 233 295 510 181 170 267 4 370 173 516 483 210 257 16 399 12 294 145 5 302 105 550 226 291 564 267 457 173 96 31 170 475 62 0 569 178 391 115 595 425 45 189 18 315 75 298 110 124
367 44 181 269 183 570 47 198 426 529 317 550 525 591 162 600 174 72 198 292 244 305 147 595 389 345 437 579 376 51 320 375 505 303 313 468 174 118 146 125 53 556 75 574 549 567 443 197 596 173 255 395 79 306 30 566 243 484 480 456 182 548 67 86 167 25 532 131 221 125
96 259 47 224 430 308 383
225 216 126 422 236 456 502 362 434 453 458 68 416 566 590 240 126 350 126 112 73 159 582 591 125 420 358 546 409 404 214 179 505 146 359 208 69 171 95 105 211 594 95 502 153 4 510 538 186 17 195 459 245 248 529 284 84 536 469 178 11 94 310 155 591 450 190 402 512 329 526 527 241 418 575 581 213 341 502 41 81 183 295 483 249 300 90 567 507 534 292 151 44 25 599 536 522 195 318 115 503 201 45 321 278 77 403 354 370 45 413 600 81 31 126 358 389 564 530 538 460 424 199 248 573 314 129 557 124 561 538 373 60 189 554 32 371 340 138 484 110 179 397 226 72 197 250 578 129 61 422 379 297 85 477 441 3 501 555 513 591 401 58 205 579 497 517
396 34 307 100 557 345 429 112 93 503 459 162 525 359 298 455 147 423 205 267 135 589 34 478 356 501 85 418 37 296 27 491 170 434 398 153 83 56 243 244 74 441 428 527 164 229 89 344 282 160 516 556 90 26 275 326 112 36 283 405 253 533 214 167 310 554 599 230 479 314 176 557 294 394 227 280 314 421 397 262 233 117 382 334 250 367 145 6 353 242 2 350 467 465 334 583 567 185 239 159 534 375 502 575 292 89 26 186 112 251 526 77 199 36 18 266 516 4 506 175 195 89 314 112 68 124 87 160 372 110 582 190 530 541 586 309 362 20 369 62 77 182 395 558 592 235 572 84 399 253 470 438 351 475 121 545 512 267 404 397 588 466 254 246 297 389 463 372 184 19 172 433 35 172 318 283 75 552 457 57 329 260 109 450 392 312 265 426 514 415 554 32 549 570 442 139 500 302 130 540
445 412 493 312 253 427 498 35 145 81 422 92 83 194 9 495 520 267 309 145 502 396 22 100 446 482 306 87 111 307 434 450 396
488 424 569 386 139 344 293 112 418 516 164 2 52 106 36 526
460 164 245 302 478 172 99 354 340 570 53 125 61 455 599 304 2 138 475 136 296 576 248 382 460 466 422 495 105 245 316 332 472 524 195 237 506 12 577 174 289 177 63 484 32 281 6 26 478 152 43 491 104 273 220 53 283 267 297 573 341 3 425 4 98 20 194 227 406 226 417 256
113 305
255 201 10 548 25 441 53 345 172 196 390 41 598 165 139 373 361 149 164 534 101 188 4 62 314 168 1 151 214 133 190 531 556 556 82 578 221 356 449 446 294 533 594 418 465 60 46 256 539 465 279 218 186 517 589 350 518 238 408 45 120 188 117 389 194 27 351 8 90 571 402 420 285 7 495 505 503 80 144 562 395 347 242 94 518 129 45 522 132 81 445 298 308 331 24 27 221 398 6 18 465 97 293 365 424 530 356 522 349 484 186 337 593 91 362 16 600 561 321 169 136 32 289 307 368 581 108 574 443 48 34 532 388 41 552 108 7 255 330 61 144 404 35 382 88 314 562 271 11 64 201 170 521
471 275 111 459 56 69 3 522 408 156 235 145 369 352 219 428 569 510 594 576 132 493 287 204 588 423 47 303 568 179 551 209 308 364 498 600 81 78 490 149 212 83 152 457 41 336 565 69 147 286 487 72 217 533 182 157 480 56 447 89 339 377 475 529 456 92 84 331 22 382 433 568 56 582 26 61 494 417 293 409 55 213 384 561 5 464 577 168 575 348 354 199 254 113 8 200 166 429 388 194 455 277 159 532 426 465 569 262

307 552 479 370 490 402 431 423 169 50 445 550 1 492 162 320 376 54 535 424 273 397 195 3 85 349
245 520 163 517 582 549 310 364 288 272 276 352 144 310 328 262 600 520 256 29 336 494 379 178 561 535 494 194 321 101 287 441 299 34 265 109 356 470 168 76 197 325 31 66 567 505 306 483 103 135 49 6 279 58 196 217 316 443
184 302 410 412 492 328 86 586 554 88 243 443 542 560 171 213 440 544 328 152 234 572 301 599 172 311 259 214 95 415 342 54 8 538 530 134 231 563 390 415 514 452 224 428 537 215 154 553 552 496 548 429 419 102 343 424 227 433 338 587 471 475 6 395 24 577 274 49 48 458 600 379 12
190 521 449 353 389 484 581 185 51 61 201 491 542 218 103 261 476 34 444 357 43 175 578 173 199 280 591 531 371 140 513 536 301 397 335 341 385 529 354 352 596 227 370 394 196 84 430 30 147 508 299 11 204 529 492 471 575 52 471 226 486 427 269 81 318 583 432 30 401 229 468 281 221 382 219 98 207 24 186 63 599 546 480 234 180 195 173 351 453 351 286 536 106 507 339 329 15 558 22 65 467 423 131 591 529 448 175 556 451 422 301 93 597 6 352 328 213 162 486 75 599 56 12 497 358
221 458
281 46 280 552 393 578 442 68 279 265 518
521 423 587 473 285 385 270 419 559 31 495 151 536 85 362 205 591 471 40 568 181 475 484 49 258 437 589 376 223 71 587 92 427 305 166 449 55 117 261 384 204 474 483 397 135 184 213 86 252 566 96 479 171 470 384 230 321 157 136 172 57 178 247 364 403 234 83 264 256 119 177 106 599 545 239 267 290 112 184 351 0 30 11 59 465 59 101 459 517 93 115 429 556 555 266 493 219 538 275 416 167 533 508 222 372 551 285 415 477 474 321 404 327 286 7 541 568 598 80 88 398 117 176 248 271 239 154 72 283 343 15 502 426 204 191 59 108 424 163 484 55 502 449 115 327 32
43 345 511 119 335 468 525 86 165 413 58
31 413 484 136 565 381 87 121 247 526 115 420 590 96 68 508 554 116 25 37 566 583 15 583 11 530 429 526 70 477 74 252 504 383 82 359
491 520 299 161 313 380 542 4 348 543 349 560 551 38 573 152 49 358 543 141 488 427 235 479 285 354 223 277 365 326 168 212 135 239 318 342 312 311 159 585 347 75 420 88 188
199 368 251 95 311 85 101 481 207 175 193 421 545 108 431 378 257 10 2 121 160 328 248 51 428 356 273 44 527 388 32 370 480 492 169 159 178 422 495 27 567 278 407 518 285 586 368 503 529 482 1 218 74 312 271 138 334 3 85 197 358 463 22 288 15 289 101 74 564 307 326 132 84 273 382 83 267 492 215 322 457 103 433 413 360 198 274 30 417 91 450 211 548 550 279 163 384 286 448 365 219 236
399 54 369 378 567 536 176 217 394 554 19 584 373 249 69 430 511 21 493 475 216 511 25 304 323 106 540 502 435 100 183 541 484 284 419 24 562 55 490 578 267 273 231 407 141 359 511 56 178 516 522 314 544 6 479 308 104 293 237 9 206 87 93 258 56 233 446 191 508 145 162 471 360 204 445 304 314 310 309 448 299 361 73 563 499 150 339 438 91 485 17 261 521 72 401 564 522 569 452 21 533 270 434 415 101 121 470 520 457 53 494 521 232 60 343 138
307 153 213 508 444 560 152 287 255 469 551 417 125 398 579 592 592 364 570 434 372 35 533 276 252 136 128 300 435 226 205 2 15 379 431 200 523 571 144 330 533 170 147 589 341 325 452 380 574 600 151 248 180 53 259 439 367 460 348 210 88 160 59 271 568 172 467 320 394 474 165 277 518 2 350 242 251 85 217 596 230 412 570 449 83 237 18 249 266 573 55 439 114 548 130 258 165 521 77 411 599 393 212 490 570 547 431 356 435 576 244 547 255 441 525 519 79 467 336 464 293 157 178 276 556 446 398 383 308 397 155 508 320 13 175 83 600 278 323 171 572 23 318 221 579 398 193 134 80 240 64 453 413 575 116 56 204 111 371 414 313 115 474 522 215 558 43 135 536 118 506 224 172 295 152 285
236 376 253 187 181 462 319 563 484 496 281 414 297 412 333 566 77 266 268 501 53 561 159 125 372 133
408 495 421
271 187 175 148 141 108 90 265 244 147 10 203 374 449 210 400 486 76 113 148 449 599 131 399 63 572 378 389 165 597 91 337 53 534 274 188 441 309 600 521 495 505 66 364 150 132 291 354 522 427 292 45 233 129 18 273 205 581 381 363 162 581 279 360 282 118 216 205 106 366 598 194 201 239 94 150 106 492 313 299 562 224 275 443 188 197 126 63 79 161 107 537 213 56 127 375 113 259 165 425 204 506 402 69 534 193 19 570 144 486 435 393 214 75 208 239 573 548 6 385 547 18 201 395 114 310 150 168 405 101 68 545 353 463 177 386 208 533 229 307 470 253 196 71 10 526 330 39 216 353 346 540 353 454 496 273 587 527 125 551 469 200 291 281 551 518 406 493 539 61 160 98 464 118 353 50 454 238 554 68 315 265 24 446 145 370 310 494 217 2 473 265
166 377 342 389 511 557 102 212 489 292 193 272 4 183 334 117 513 343 87 2 273 406 598 79 253 413 203 86 16 224 486 1 484 155 262 333 529 364 169 408 370 267 166 254 81 170 115 268 207 225 304 408 101 380 326 586 168 115 17 558 579 407 301 554 87 485 13 545 302 454 516 378 410 296 224 247 562 339 355 369 29 536 511 482 93 341 548 236 569 523 74 572 394 136 374 184 48 151 522 27 568 409 85 299 493 571 495 62 220 233 95 580 460 163 189 444 545 235 550 299 138 244 218 450 140 340 442 148 107 499 38 571 416 396 512 334 327 489 327 49
294 471 78 294 274 128 401 590 289 193 189 89 127 171 456 399 490 598 181 527 55 60 577 94 504 214 101 100 532 424 547 369 201 35 478 97 343 468 242 42 212 472 54 90 569 353 312 528 471 235 456 329 354 77 31 581 46 546 139 283 347 457 538 534 432 124 133 473 100 2 247 39 566 14 508 542 471 15 332 294 300 239 440 287 82 118 300 535 149 46 439 295 106 482 347 484 183 565 175
511 426 181 259 219 45 204 176 35 564 445 100 311 481 560 227 299 388 72 96 514 355 401 397 500 2 211 321 235 143 267 57 540 508 281 338 13 595 439 383 283 306 35 468 318 532 109 181 579 319 587 174 510 60 182 83 42 146 161 568 440 129 580 139 190 170 42 551 67 333 508 391 335 49 581 86 537 194 235 316 412 165 552 261 133 353 232 221 576 248 367 176 586 445 41 64 242 571 280 403 371 537 555 468 497 91 33 365 543 448 7 59 20 169 595 157 588 82 423 170 351 139 9 219 259 175 467 430 432 297 276 354 218 568 255 61 271 216 98 502 270 56 41 572 190 27 496 376 516 119 255 455 234 225
179 383 533 252 380 495 108 55 584 351 551 108 574 266 244 248 203 248 600 334 412 88 35 365 430 491 548 314 350 53 322 183 65 141 105 356 364 556 312 214 25 481 426 534 543 552 125 582 254 307 290 308 442 401 102 241 431 436 274 182 580 239 351 435 189 595 473 471
439 204 23 255 201 278 152 427 403 148 363 517 465 142 162 385 167 278 526 175 119 247 503 403 391 565 458 388 483 329 497 110 196 473 123 14 466 426 44 309 237 88 22 386 310 127 336 66 418 411 53 354 351 544 451 556 574 216 51 508 524 61 394 47 13 207 202 478 235 204 392 334 469 144 312 111 120 116 49 259 357 409 15 111 354 267 16 261 121 315 382 232 55 108 225 37 490 387 192 98 35 387 197 430 590 51 298 68 309 571 59 391 167 398 132 464 386 147 278 365 582 446 322 569 393 188 530 542 132 236 443 549 561 526 197 454 223 201 374 531 568 310 497 260 243 138 59 130 526 314 159 243 296 362 9 378 532 524 136 213 432 126 422 122 115 185 321 287 234 545 106 106 515 260 392 562 4 266 497 43 387 514 591 205 134 599
599 424 392 197 365 206 409 354 153 542 220 32 292 491 250 382 55 346 431 20 150 495 72 201 355 476 44 410 398 343 576 216 149 471 262 274 423
21 516 438 140 166 193 438 423 211 532 486 113 521 126 257 587 213 245 67 85 284 303 193 174 168 179 111 488 154 383 42 230 84 530 37 152 196 486 236 9 336 190 512 163 369 528 115 223 448 140 513 478 171 309 191 96 526 577 262 141 24 253 291 243 253 37 218 378
349 253 337 374 399 105 160 281 19 288 155 65 221 382 583 17 188 415 300 552 0 369 203 483 144 348 372 167 573 237 16 392 24 153 489 552 50 402 390 367 508 171 374 422 394 201 471 354 245 343 119 400 210 361 411 376 588 124 365 526 537 461 309 151 23 359 367 450 385 166 436 135 405 503 334 452 56 348 102 293 181 49 581 245 465 144 182 109 421 413 376 380 77 591 216 263 73 498 134 488 356 161 6 442 220 214 181 224 300 442 197 389 113 172 17 52 417 341 431 59 114 375 58 231 188 2 276 277 94 152 565 66 82 253 165 327 46 137 510 357 532 533 173 2 37 392 395 181 0 398 305 592 463 336 398 182 84 279 493 110 82 473 433 255 4 393 220 307 466 481 453 155 218 555 167 166 53 76 258 543 66 166 438 241 158 139 366 398 83 173 62
6 22 522 252 36 325 432 9 60 157 588 319 201 152 482 459 540 130 75 138 451 437 169 364 510 388 572 241 400 239 213 228 560 44 548 380 530 328 250 284 67 569 18 308 458 388
483 292 391 550 287 127 384 254 570 258 297 572 344 599 132 312 405 178 8 383 549 599 339 163 345 423 377 75 579 484 307 81 0 399 315 407 10 225 496 88 38 594 424 101 13 378 362 202 575 34 177 90 306 526 1 524 509 262 26 530 545 217 367 348 7 140 236 336 176 227 334 54 222 188 417 281 244 13 131 281 19 152 344 584 155 518 229 119 319 487 126 51 60 66 23 595 205 304 166 77 524 326 363 583 396 435 264 122 106 583 388 274 557 150 325 12 145 509 26 307 206 451 342 462 207 120 554 470 322 378 592 496 281
384 295 431 71 82 441 508 281 147 536 55 22 223 7 297 154 54 52 267 86 238 284 348 105 337 219 348 257 99 508 276 195 496 281 244 76 408 239 458 236 239 323 139 91 153 247 80 445 275 271 538 3 37 395 377 33 362 70 299 133 134 301 96 64 82 356 574 597 450 553 239 132 320 323 8 546 278 116 1 371 359 383 252 182 480 557 184 406 321 443 307 549 316 549 85 537 317 151 349 574 563 234 502 181 328 212 527 122 172 445 10 535 340 562 200 328 587 491 26 154 66 467 141 560 124 427 454 547 418 429 263 476 285 543 267 56 499 497 3 269 404 473 172 93 343 134 400 155 509 501 493 324 100 467 113 411 445 459 519 481 593 488 597 50 251 188 503 417 69 542 401 68 178 442 98 139 168 238 462 343 352 497 577 317 70 73 36 333 33 0 564 160 504 568 476 345
366 247 43 562 148 77 165 530 323 172 189 42 211 83 176 75 306 177 163 512 400 520 126 449 292 70 256 89 394 421 167 292 551 528 577 484 530 578 410 437 452 122 45 21 528 90 563 89 323 144 596 392 289 389 158 25 539 26 342 479 567 142 547 392 106 304 463 304 347 247 395 127 49 231 113 399 388 377 456 594 204 381 391 549 532 399 572 555 216 271 119 123 195 353 75 338 145 316 443 468 212 30 207 317 66 279 163 214 577 440 62 20 492 289 539 492 43 444 145 125 290 56 404 62 466 401 38 503 5 165 133 448 219 37 497 170 103 9 87 15 93 286 567 567 82 209 36 418 525 130 435 339 490 81 532 481 519 65 468 449 269 173 32 451 302 247 162 544 169 346 201 525 339 570 152 189
541 92 539 263 555 447 434 548 195 385 127 9 113 448 135 568 598 7 283 223 374 528 475 270 594 360 225 494 414 152 96 256 219 595 21 443 398 67 370 420 231 471 139 275 594 515 448 243 523 552 289 130 482 298 320 67 552 157 419 583 61 108 61 37 453 522 502 548 206 561 126 489 137 523 75 99 317 169 172 96 436 282 436 330 25 434 476 219 2 14 2 338 549 443 230 202 342 529 558 562 207 253 426 256 122 249 211 61 189 281 352 264 449 12 416 488 105 527 588 180 135 388 230 215 387 572 293 482 64 121 486 262 62 35 349 399 154 495 229 44 131 212 493 534 102 563 376 270 252 333 471 402 90 229 465 341 329 39 26 297 497 552 472 221 301 369 524 328 584 418 419 86 334 76 75 340 156 542 127 208 333
30 289 59 334 90 378 68 174 563 362 235 118 90 290 387 528 4 156 415 355 206 212 374 213 390 583 299 583 595 109 385 200 222 593 488 338 419 197 49 356 576 571 150 548 591 111
114 133 215 65 248 340 282 324 52 467 73 550 478 368 516 30 230 418 506 548 55 109 228 4 4 421 395 53 25 253 575 94 97 209 226 564 442 365 237 393 358 571 325 430 149 387 101 508 425 510 276 17 64 181 527 352 169 255 345 390 364 459 309 420 60 206 110 124 561 162 0 78 357 395 469 92 54 113 68 494 459 529 354 71 282 565 132 458 246 514 401 297 522 182 201 295 30 75 490 560 215 410 599 529 272 19 572 399 421 498 567 405 139 460 53 420 217 228 115 197 565 416 313 112 66 381 62 232 306 388 487 91 237 294 193 141 36 459 226 28 296 158 142 3 280 85 592 75 154 150 164 229 339 355 61 372 494 425 10 510 99 220 14 85 289 174 345 140 551 112 141 41 510 350 334 229 252 359 435 379 251 593 238 252 115 357 333 353 563 320 37 425 434
341 317 327 258 425 375 208 212 10 229 227 564 185 448 198 144 556 20 248 22 504 9 330 42 119 261 351 85 363 382 52 503 296 321 465 374 563 74 589 563 134 338 295 64 492 496 74 208 115 318 243 190 45 519 170 385 47 593 446 407 431 551 147 119 25 337 11 2 599 305 43 407 433 394 390 250 292 437 221 33 117 481 401 346 359 598 65 419 415 180 559 333 36 531 193 115 302 325 522 406 205 370 497 414 1 560 355 583 261 298 293 178 516 274 451 143 338 98 174 273 400 555 97 507 463 298 145 291 38 153 541 502 537 437 66 283 291 234 551 457 245 432 289 374 97 110 496 500 539 549 173 149 124 252 511 320 281 494 556 438 345 193 224 530 22 77 396 118 284 366 140 342 318 578 411 43 270 241 146 118 227 138 94 38 333 186 381 367 47 141 318 7 57 23 214 172 384
446 238 450 39 469 53 392 234 260 295 233 91 297 437 462 184 334 179 552 516 397 531 3 239 74 589 5 540 307 202 129 229 339 160 515 227
30 575 507 271 298 195 98 409 356 0 572 370 140 532 308 150 51 501 72 367 281 455 150 438 236 544 218 465 270 68 104 152 279 2 600 484 98 399 2 381 301 458 249 82 132 192 587 351 457 183 232 554 455 533 252 472 414 425 92 175 141 0 230 475 138 300 112 143 480 474 46 32 329 590 9 249 210 385 161 292 557 566 442 92 74 291 207 280 590 45 212 373 536 154 319 321 2 243 599 140 1 355 21 110 519 289 44 576 432 593 239 67 472 104 23 149 342 446 289 122 398 565 99 364 524 506 395 413 570 546 506 169 280 273 366 249 329 503 67 124 87 225 166 384 192 237 411 358 231 465 513 226 241 228 287 277 301 331 483 379 216 446 542 431 577 367 432 555 225 403 381 302 15 46 591 418 72 455 594 524 119 489 268 176 99 520
271 470 64 499 466 91 94 564 178 582 578 585 555 248 586 7 48 12 431 278 269 459 592 589 47 288 463 43 355 419 100 251 464 514 286 302 466 575 368 234 465 365 207 151 313 105 40 166 213 222 61 77 523 218 185 125 338 403 37 51 356 349 305 493 86 224 187 34 39 556 169 393 310 383 571 346 132 592 46 347 511 142 289 193 246 578 140 133 595 407 170 111 398 447 161 119 414 569 13 84 224 265 218 174 438 29 451 269 555 20 277 264 37 282 321 275 567 16 491 500 279 81 556 337 357 539 332 463 512 19 546 455 289 81 287 108 589 60 345 78 535 585 164 344 504 258 148 392 154 261 313 476 494 510 325 518 276 542 1 394
113 160 590 426 306 373 117 325 128 189 97 598 55 154 275 268 199 470 317 86 415 414 570 295 140 556 423 238 395 599 285 144 44 260 193 175 98 289 444 97 313 242 535 539 217 486 475 370 372 368 382 59 321 179 480 248 241 518 96 556 43 82 24 136 518 334 417 372 465 461 204 372 345 291 163 508 100 233 45 597 83 471 482 117 3 61 342 510 484 592 293 317 439 90 303 484 275 476 171 109 301 215 388 353 85 388 219 125 161 354 491 364 336 555 55 27 526 573 476 43 211 177 199 175 20 501 138 588 136 256 377 570 387 500 309 187 346 74 286 192 593 385 451 551 40 69 109 239 412 343 417 57 110 407 151 186 530 480 523 343 276 520 299 420 456 252 582 476 272 395 276 127 56 567 523 561 279 446 297 375 459 537 107 158 264 408 360 264 504 332 117 268 471 448 418 335
96 167 480 191 159 15 272 363 360 118 319 255 395 488 110 401 508 579 0 214 569 205 283 584 226 585 498 5 92 281 167 514 596 13 91 84 230 27 154 322 546 175 562 249 292 534 328 241 14 25 515 353 241 84 213 62 314 334 236 508 349 12 598 540 195 45 267 275 533 282 399 259 332 209
597 9 360 354 241 24 466 170 232 214 225 287 119 251 499 436 264 89 371 535 565 19 152 216 387 314 257 597 289 262 450 157 350 156 113 370 351 443 590 529 350 45 280 58 354 4 418 508 127 213 401 278 500 474 434 103 534 61 308 76 361 205 165 507 174 439 448 0 331 211 167 51 10 13 31 370 71 372 227 400 505 30 240 126 149 409 21 352 252 506 274 477 414 335 191 68 1 23 330 224 162 560 505 297 251 339 229 532 19 488 336 79 565 393 188 307 512 172 537 577 279 424 335 6 263 194 550 190 560 157 218 54 212 446 89 444 498 16 313 240 306 8 520 447 423 413 26 501 468 41 446 294 230 528 537 39 225 487 526 408 337 445 534 421 313 577
396 336 449 360 158 95 386 381 18 185 198 441 389 421 176 328 489 43 431 435 214 24 71 121 246 175 0 137 160 73 177 494 236 110 395 337 14 144 360 251 301 117 126 480 63 576 531 25 246 114 242 334 580 183 101 528 163 366 128 531 590 490 339 262 159 59 600 294 179 196 178 281 156
257 41 104 254 40 417 158 438 577 176 240 244 240 117 575 28 474 463 47 324 550 476 123 32 282 216 230 210 135 459 150 358 199 260 530 501 348 107 165 536 313 565 276 360 298 507 180 132 417
30 404 154 227 380 113 114 580 47 377 207 466 136 515 100 349 512 264 596 435 269 414 339 3 120 413 345 163 300 242 70 578 210 397 390 597 378 406 274 320 518 351 467 474 52 106 451 473 571 584 9 418 218 421 329 102 314 537 62 111 327 517 80 162 432 349 472 502 27 260 72 377 183 299 591 142 19 35 397 338 146 515 326 25 62 89 398 249 126 515 449 598 43 580 100 148 394 135 374 575 296 352 334 195 155 369 510 404 23 469 527 481 282 283 343 207 555 30 197 244 93 179 130 516 488 131 56 140 271 348 55 409 310 109 374 204 482 0 167 170 466 526 250 129 149 435 305 291 56 55 120 262 535 201 332 159 416 85 330 477 4 351 319 299 359 545 408 50 492 501 132 341 104 48 517 44 594 127 492
337 545 522 584 468 523 109 500 522 6 250 423 256 293 49 4 135 588 164 578 459 325 113 327 546 273 333 125 192 503 61 343 62 477 382 514 234 592 367 90 269 471 133 111 567 478 27 232 279 434 314 214 22 94 171 487 223 423 593 333 8 43 327 65 43
580 234 13 457 384 242 229 365 422 521 73
394 126 305 314 164 130 169 344 278 167 360 67 22 598 553 42 314 258 542 183 91 381 260 278 460 225 276 254 207 580 258 74 250 18 554 226 238 510 222 183 318 451 272 212 4 24 395 578 164 199 451 5 107 456 62 413 497 171 576 154 526 212 261 4 366 140 352 29 284 76 377 474 322 543 324 586 420 535 261 394 550 397 239 39 564 307 203 286 574 443 54 3 148 592 134 558 522 307 154 537 86 279 176 407
42 455 469 501 469 534 264 380 361 68 43 274 514 161 273 287 108 459 598 17 152 192 415 596 369 240 517 81 298 318 326 137 49 300 443 374 367 112 579 534 378 327 261 474 158 245 247 39 73 462 2 68 273 476 301 365
442 2 396 493 199 52 379 579 116 595 161 191 596 566 346 142 361 9 103 126 479 458 84 239 170 43 549 151 15 111 83 511 468 556 166 394 431 28 399 58 267 234 270 119 372 374 143 185 379 204 511 262 387 200 19 143 288 539 295 390 204 48 87 85 422 497 165 387 70 318 174 203 446 483 568 148 585 263 535 464 109 464 274 57 555 126 79 308 4 181 14 276 167 171 488 478 344 314 516 183 503 537 131 253 399 37 110 96 473 208 201 520 223 163 264 522 450 58 512 124 588 434 301 296 187 469 155 209 532 447 279 589 497 540 436 467 438 257 470 403 301 544 300 23 71 201 527 335 490 536 185
181 92 318 63 427 386 579 588 391 421 276 106 445 367 248 256 158 413 208 536 524 273 250 239 197 395 567 393 319 356 36 376 96 445 303 90 280 456 345 272 217 145 308 89 299 557 575 474 427 173 239 453 359 234 266 485 42 262 206 272 287 147 379 20 295 15 234 436 399 263 547 47 312 336 281 567 524 67 307 11 250
21 290 475 598 543 66 431 342 568 3 258 511 23 99 565 344 316 255 88 169 247 405 183 498 401 353 55 80 188 300 405 140 258 66 68 497 241 110 383 323 510 126 504 564 324 371 38 316 599 460 398 559 251 14 27 452 353 257 187 188 169 7 483 443 463 427 108 169 402 589 436 205 533 434 212 168 508 204 313 548 266 20 172 589 518 281 402 39 11 259
327 578 283 0 367 251 576 457 331 320 191 592 458 293 246 357 236 507 399 440 237 370 261 465 369 392 183 298 151 165 28 124 350 19 520 69 265 498 160 229 516 357 543 479 153 119 350 361 225 196 330 432 20 446 599 53 332 262 511 95 180 376 123 543 35 522 417 158 352 333 306 234
168 407 566 461 415 3 474 499 180 399 55 69 38 345 15 581 92 508 27 430 153 38 240 545 54 213 548 555 571 356 594 118 208 565 315 161 308 90 40 204 110 84 29 548 347 330 379 314 50 372 270 194 5 491 365 593 214 558 275 23 322 521 408 414 209 397 373 164 39 167 430 67 62 502 11 215 293 205 455 183 594 394 373 312 111 550 559 206 153 473 312 332 84 590 481 435 560 161 469 298 141 205 101 390 158 3 86 292 265 202 486 95 127 570 305 454 232 298 276 268 139 36
540 379 423 427 190 60 490 159 328 257 64 400 486 551 156 355 87 235 115 365 70 445 364 203 426 18 452 196 272 353 597 130 42 588 433 281 514 135 537 197 252 178 144 160 409 517 469 10 148 538 215 351 341 22 9 272 105 43 342 17 373 125 194 87 6 347 574 360 501 493 204 503 92 112 5 239 552 495 170 54 148 34 225 221 425 341 505 407 259 592 438 520 274 275 497 371 465 488 481 509 150 394 533 310 334 338 348 347 204 436 269 243 520 499 353 473 28
251 217 78 75 271 388 292 82 379 523 81 73 70 309 57 241 365 114 496 290 58 40 349 518 81 396 263 566 514 571 104 122 171 208 144 530 238 395 494 377 258 333 20 288 434 373 444 26 23 96 341 396 370 387 433 419 6 517 54 186 169 19 218 557 533 461 417 586 398 455 545 2 558 441 518 432 249 501 155 494 248 268 471 582 461 15 344 119 258 216 355 331 91 427 336 580 88 410 344 365 535 147
183 243 240 583 289 298 24 272 471 145 108 125 145 196 375 417 486 572 489 443 360 10 330 58 560 271 487 581 0 157 355 22 596 338 362 501 11 432 235 16 119 78 562 197 119 455 499 89 131 197 348 217 19 49 249 453 278 301 248 181 421 318 533 199 335 302 277 236 230 359 83 393 503 335 354 144 1 295 8 120 545 26 19 506 391 12 587 48 129 335 178 586 355 38 563 194 456 125 593 500 56 348 361 80 509 568 484 125 136 358 256 269 286 53 311 138 61 472 463 75 146 65 317 331 185 180 83 476 250 594 104 66 421 422 559 62 344 318 600 543 584 495 328 131 584
24 111 283 573 423 594 330 550 392 476 268 119 342 476 293 461 65 35 245 46 91 111 340 143 73 588 591 50 570 216 8 392 57 460 49 379 16 404 517 99 367 559 451 547 362 546 442 88 107 308 172 369 317 363 80 328 255 529 252 73 49 239 483 451 324 155 132 581 75 287 361 266 374 262 273 193 474 559 120 152 86 452 54 140 590 275 247 396 352 389 552 223 225 515 101 89 254 257 466 329 555 79 527 86 277 99 53 420 202 360 353 530 145 147 502 9 460 318 317 196 453 456 502 414 193 207 52 485 464 550 526 103 44 338 526 28 182 246 456 181 339 378 461 370 148 462 458 114 67 563 196 130 14 514 243 184 96 520 432 531 247 146 2 556 432 483 355 310 500 468 77 413 85 252 284 513 386 425 529 36 522 380 451 18 587 159 263 137 181 206 501 530 581 23 222 600 515 371 338 488
155 590 114 380 197 180 350 199 21 223 514 164 204 175 555 43 416 91 324 236 318 188 307 549 490 524 257 462 5 529 374 444 167 273 433 257 91 232 318 319 536 518 304 199 339 106 323 210 355 598 32 38 46 570 343 14 345 189 586 273 25 228 505 161 370 359 36 142 251 324 564 358 67 391 245 333 312 533 436 529 383 258 279 463 368 437 472 313 274 335 503 268 483 286 469 219 393 216 521 557 221 316 230 217 541 398 331 434 249 352 268 100 454 182 304 354 559 48 88 197 507 120 188 485 287 5 130 211 526 202 425 428 12 288 404 461 276 411
111 182 299 172 131 265 535 112 213 329 204 6 192 416 42 85 419 251 470 464 147 572 63 126 348 417 110 18 475 232 179 263 304 173 94 512 88 276 49 531 292 351 443 498 425 417 432 280 554 104 511 540 138 273 524 19 60 418 349 16 381 329 592 174 378 59 269 9 80 481 197 505 432 495 451 295 240 503 171 135 567 515 542 417 306 217 419 494 353 67 425 293 176 287 226 384 564 356 36 54 360 453 155 585 73 485 591 410 307 233 586 539 423 232 597 416 57
305 545 224 25 520 107 435 174 23 73 101 151 364 329 282 413 524 236 59 254 540 495 151 171 566 35 595 376 68 450 311 368 244 468 555 7 489 289 40 465 387 512 584 290 463 454 124 208 562 73 496 596 330 435 298 269 137 121 98 56 522 464 395 174 293 60 564 317 212 411 134 57 458 152 423 206 158 463 272 178 512 193 475 544 407 18 120 7 467 432 74 115 411 402 334 422 203 125 287 305 439 266 542 269 212 530 95 139 363 470 274 136 75 356 239 593 423 467 218 39 96 515 399 531
261
39 581 254 147 360 597 412 22 148 225 10 447 110 408 573 531 167 153 134 192 398 175 307 500 575 121 468 464 251 113 365 6 597 269 57 296 151 401 432 555 250 595 164 408 600 24 430 561 357 305 421 452 97 213 341 408 278 561 56 225 18 490 131 201 104 283 206 57 333 203 326 380 103 473 400 457 151 254 33 97 539 204 306 360 477 296 573 404 120 352 382 80 507 169 312 591 484 599 292 7 341 202 133 403 33 113 181 9 451 208 567
277 254 509 534 356 264 435 441 368 167 399 549 465 402 192 285 569 455 319 173 45 356 385 186 498 36 68 580 426 500 111 286 226 36 139 543 527 270 460 504 243 98 473 212 263 380 26 385 255 66 307 42 280 195 528 571 347 495 192 594 400 497 400 233 1 245 98 585 509 583 359 544 163 588 316 492 64 350 189 249 376
282 499 409 252 532 473 87 124 355 142 53 266 186 240 196 116 480 289 439 219 15 383 304 176 319 136 522 192 172 17 504 527 330 304 290 408 556 112 315 431 388 524 255 166 67 327 512 402 126 130 139 562 256 88 355 373 498 522 397 295 506 381 73 165 367 394 600 104 488 291 263 269 474 489 365 403 412 194 136 510 317 132 442 556 433 478 318 58 335 367 401 458 488 544 441 48 590 149 86 580 82 410 209 486 236 181 503 208 4 424 60 545 0 517 415 554 5 254 440 567 519 366 26 97 578 161 125 331 563
322 64 356 114 194 568 264 421 38 316 380 178 298 448 383 595 472 359 189 438 135 154 452 558 139 129 211 139 158 263 404 526 171 367 328 98 176 386 539 324 542 451 299 131 498 418 199 405 327 94 164 15 93 582 358 393 49 151 216 387 544 212 104 455 239 73 540 282 200 216 237 200 551 439 223 239 258 79 46 273 259 539 379 293 447 30 109 551 230 195 82 33 65 135 420 174 305 540 154 149 86 61 450 220 437 568 400 0 536 55 294 522 129 467 488 564 349 44 471 289 485 540 418 12 166 478 53 320 96 297 230 70 79 232 415 597 332 419 39 310 573 84 571 256 576 150 550 367 357 586 566 290 441 535 406 452 369 243 89 372 120
207 134 344 107 477 374 389 458 583 290 9 90 114 360 484 43 316 321 390 418 288 261 158 214 527 387 105 162 597 308 389 515 341 69 524 472 207 33 165 233 450 107 104 197 173 552 571 587 275 77 291 386 52 276 350 151 153 520 488 160 75 355 548 243 278 267
465 309 177 179 559 203 321 203 263 368 538 437 256 577 545 79 139 320 230 34 48 223 463 592 524 255 33 368 254 106 492 113 535 109 174 165 176 520 139 247 551 482 93 249 216 95 292 307 487 83 469 256 379 238 423 223 113 523 18 452 581 217 318 21 478 560 562 498 470 111 215 378 145 67 241 20 236 562 216 105 422 14 178 553 311 150 538 207 515 335 171 356 103 590 541 26 438 161 591 29 103 35 109 181 102 4 409 226 353 122 177 444 36 173 582 246 442 517 183 145 494 577 7 69 275 395 480 182 71 332 504 366 357 245 445 297 132 426 136 372 457 561 455 284 509 461 500 511 306 328 394 128 193 412 489 37 202 374 505 509 393 600 26 283 593 252 391 398 556 162
95 228 316 338 135 562 33 391 392 279 179 176 356 190 599 131 168 251 462 478 115 532 450 305 329 285 100 27 405 290 193 166 431 159 161 393 446 231 252 497 243 411 473 361 348 234 326 231 326 541 326 81 449 198 343 61 200 447 426 139 230 268 596 50 179 157 244 31 519 251 223 574 482 81 420 315 261 245 348 453 307 137 291 232 572 1 333 505 482 427 86 121 261 269 417 57 284 465 170 158 5 511 435 138 411 549 424 462 550 428 365 452 17 28 418 586 6 549 467 181 122 232 414 454 146 507 438 553 374 134 160 215 17 21 260 480 527 127 170 358 321 446 464 96 75 10 379 387 416 427 444
351 440 351 540 413 346 31 229 414 312 534 540 94 227 526 499 444 582 569 25 343 330 13 435 565 129 152 410 214 137 168 27 302 340 361 333 248 450 67 510 430 243 504 438 460 21 44 69 501 94 149 534 275 118 286 14 273 98 150 236 248 198 483 122 448 26 486 187 238 410 297 5 395 171 144 114 9 484 144 84 251 387 126 213 126 335 52 389 96 205 403 19 363 214 286 292 423 589 269 51 254 171 74 498 69 501 385
255 501 325 426 496 64 226 571 337 35 463 400 477 470 454 484 591 429 166 98 258 389 600 544 561 69 216 83 138 87 564 164 466 217 423 542 366 384 597 567 98 259 467 523 207 308 53 492 185 178 221 334 457 333 506 582 57 329 404 440 439 478 177 521 268 108 293 489 311 93 350 208 599 146 12 426 297 117 29 167 13 192 269 321 174 203 43 558 440 450 570 292 87 300 438 247 483 241 257 253 470 547 584 220 368 579 4 289 141 318 101 505 554 384 441 46 63 438 257
75 40 405 447 550 3 319 232 294 53 525 456 547 361 206 246 517 100 471 45 456 485 221 345 242 337 10 458 577 576 383 395 365 213 11 559 3 154 518 479 64 199 469 35 238 478 275 555 474 579 326 313 359 337 225 344 508 57 319 534 450 78 559 553 124 498 198 130 454 441 469 26 94 288 197 476 522 86 514 155 566 83 470 279 207 424
530 255 379 484 55 279 356 63 76 29 565 226 319 71 375 53 413 293 190 579 569 98 84 590 4 87 308 293 535 21 508 140 508 592 74 23 357 324 115 310 252 118 423 343 232 415 141 344 180 193 408 135 550 496 92 256 543 544 164 16 499 296 2 111 329 178 58 578 341 248 467 33 577 68 77 348 464 193 585 93 194 200 224 236 474 420 53 412 167 160 297 353 38 61 118 577 97 433 209 587 75 78 321 72 513 202 14 543 130 222 21 252 375 217 67 567 352 151 400 209 217 440 96 482 281 218 182 173 542 47 270 225 199 298 151 94 56 268 172 39 20 505 338 566 559 429 385 352 158
229 518 106 494 576 499 151 14 245 407 405 60 149 491 386 213 86 234 248 468 226 27 307 168 149 205 495 25 22 573 525 120 582 462 263 311 444 389 448 116 248 361 407 526 202 565 581 328 17 431 204 133 150 441 542 128 258 550 332 352 585 58 176 455 531 494 465 454 575 107 512 132 34 582 267 155 528 126 585 370 442 583 554 323 136 489 412 369 363 6 383 192 494 26 70 308 299 339 98 494 86 495 367 528 215 38 208 135 392 526 374 421 58 104 361 346 298 509 493 55 122 328 120 377 52 575 158 464 78 87 216 321 398 577 80 6 105 42 281 364 389 580 133 577 203 162 233 70 390 100 217 408 171 444 487 272 163 412 242 125 544 112 575 134 386 530 497 524 168 209 8 437 537 511 172 243 529 594 522 336 492 501 217 362 572 439 245 399 438 451
386 459 548 406 579 469 59 206 566 494 385 319 2 212 521 387 492 395 391 71 506 416 249 315 140 571
307 520 477 391 300 240 434 131 541 188 189
93 519 501 271 287 30 376 595 155 358 80 330 306 143 248 474 466 121 143 48 79 190 298 322 150 541 299 62 426 385 306 423 293 443 578 195 500
157 472 24 404 14 297 86 268 46 289 325 267 471 71 91 430 363 88 454 278 301 173 475 396 339 251 569 31 200 526 398 426 40 259 291 534 376 123 306 144 571 233 431 570 139 136 34 364 19 538 7 405 181 166 187 477 174 393 215 145 290 136 531 569 84 55 179 87 2 488 133 331 119 118 45 488 319 110 108 51 264 600 560 326 408 426 74 451 350 375 552
318 493 464 240 494 340 298 593 594 561 353 4 25 90 208 499 235 506 311 409 272 283 588 185 373 431 522 521 185 84 9 265 159 142 223 398 538 144 22 532 102 291 94 59 231 498 397 526 124 286 132 358 316 373 186 324 66 493 180 47 228 188 268 256 307 319 323 234 514 203 114 252 226 539 456 83 224 533 477 502 559 434 79 55 426 417 148 195 27 294 452 347 469 25 338 90 369 407 565 342 471 72 327 253 467 21 227 420 158 81 343 15 501 403 39 98 330 342 150 562 563 101 171 399 281 74 138 295 210 383 323 323 396 401 586 144 407 17 503 26 229 545 183 63 104 202 238 18 288 452 519 328 594 292 381 537 6 521 496 347 186 172 569 453 48 42 111 294 496 4 500 18 476 84 188 501 428 340 82 460 385 526 411 543 498 452 600 493 231 434 484 331 535 82 157 27 453 547
408 229 447 235 88 180 374 98 535 293 492 214 300 28 339 245 532 54 436 527 32 309 545 247 86 600 161 326 15 228 70 406 566 323 355 491 2 98 301 369 548 395 213 65 258 289 184 504 410 282 438 50 506 108 458 18 350 305 148 227 455 258 582 550 592 370 418 208 149 259 551 561 141 358 432 90 139 477 177 150 560 318 195 361 162 44 565 452 576 223 441 131 312 309 352 107 581 444 309 449 9 81 217 359 574 60 403 207 57 515 419 498 128 303 246 58 395 416 87 550 475 185 48 522 259 133 540
327 97 40 280 457 587 585 376 377 359 421 267 552 284 371 237 296 230 361 439 335 120 252 519 171 362 185 485 467 440 245 33 369 431 306 496 51 353 385 587 368 260 408 439 172 216 285 591 364 275 415 364 351 525 574 152 494 20 149 109 377
268 285 398 29 200 402 556 553 562 317 51 325 257 202 329 412 95 413 494 453 511 147 28 32 120 599 108 282 465 563 36 313 53 148 385 13 472 56 476 319 38 410 374 587 247 535 438 241 439 403 403 344 461 172 380 219 530 15 378 428 337 343 54 363 437 514 423 286 579 382 236 156 382 568 380 249 270 333 139 241 561 487 88 529 279 183 386 308
228 532 94 596 465 189 352 126 218 308 412 296 80 462 80 479 319 234 523 321 182 34 31 594 278 95 26 469 600 554 285 568 106 208 306 519 214 363 438 483 69 516 527 187 285 237 452 497 534 485 207 72 510 202 36 144 328 432 297 231 68 555 570 389 585 373 347 208 9 276 123 281 451
33 460 561 327 580 228 26 185 513 489 529 469 412 412 138 424 10 435 195 245 125 590 88 577 429 316 442 564 507 578 182 328 109 577 21 370 344 103 564 6 155 17 191 408 360 65 191 445 472 318 73 374 146 182 504 560 293 107 434 594 546 10 148 176 103 172 237 50 311 339 455 83 521 359 279 68 389 301 87 42 485 516 352 385 395 47 442 2
193 361 125 233 79 154 518 185 40 17 215 380 560 582 59 135 121 557 176 483 434 92 28 486 159 25 92 452 165 298 485 160 207 375 446 422 286 314 55 547 479 266 46 561 382 396 513 317 578 429 88 292 89 556 135 432 449 478 23 426 409 471 423 283 509 391 592 548 325 469 57 185 104 80 486 521 238 335 190 284 387 4 524 145 306 261 228 321 252 0 596 190 448 534 53 580 261 363 87 43 128 290 290
37 29 448 241 371 35 214 515 480 591 301 512 244 430
434 271 241 87 396 495 217 167 34 549 258 550 441 51 202 22 99 27 398 527 142 132 25 280 162 334 212 574 141 555 503 154 212 327 48 487 539 64 505 53 554 499 343 523 191 235 323 393 96 359 194 35 518 313 476 314 467 401 112 396 87 10 302 313 57 487 450 151 459 454 408 182 263 264 587 150 174 77 42 169 532 140 27 156 554 118 94 80 94 69 14 401 520 64 352 471 4 516 407 236 479 262 354 294 473 49 183 575 153 360 20 53 339 385 353 264 193 355 478 498 469 57 87 598 597 565 524 479 439 376 19 548 95 310 70 301 418 523 239 6 429 88 76 149 509 578 68 426 350 318 299 464 526 467 285 190 430 443 295
249 84 565 504 407 280 427 236 417 565 65 474 444 145 415 281 160 433 288 287 153 117 45 383 585 21 19 12 105 6 128 599 410 144 322 78 216 440 143 304 399 212 430 423 449 199 513 66 589 584 239 229 415 439 265 528 567 10 190 41 172 289 26 39 114 23 204 130 104 593 373 298 46 555 376 7 190 151 287 74 97 205 42 83 117 550 17 340 192 34 226 272 289 490 239 31 471 548 358 105 122 210 290 71 532 308 275 74 151 318 415 442 553 130 448 178 142 497 32 354 557 109 183 227 283 445 488 194 86 162 361 230 303 425 428 493 509 597 431 515 4 36 550 442 375 472 35 0 107 501 420 266 5 329 337 359 341 204 234 398 440 150 225 108 200 330 79 61 137
37 149 135 599 442 252 419 271 116 80 529 585 278 293 507 70 391 38 190 270 241 415 331 97 254 314 3 103 318 98 113 293 262 480 541 465 382 239 475 320 544 557 297 295 6 152 146 115 134 353 80 477 506 357 318 388 350 364 307 490 232 539 487 202 389 168 224 105 531 359 487 483 445 26 154 554 473 415 194 396 106 219 587 559 96 124 546 267
122 568 168 64 291 212 192 65 287 475 18
127 73 149 79 10 138 439 583 419 403 495 595 436 221 138 152 348 14 345 461 277 190 70 197 359 497 444 162 163 29 153 91 497 531 4 19 427 132 427 83 476 9 157 3 484 487 87 407 496 351 148 464 58 424 446 76 526 276 395 371 24 219 71 443 509 11 336 593 133 207 570 89 202 520 133 168 591 332 304 473 182 498 231 129 238 386 103 350 211 587 539 482 7 419 575 277 244 568 491 311 87 19 594 120 535 586 34 226 12 350 32 136 420 319 26 124 482 267 450 496 103 324 337 104 465 318 189 234 86 550 528 366 336 314 346 454 115 148 341 392 77 421 580 573 462 511 165
88 539 292 163 442 485 557 339 458 77 53 341 278 139 225 464 143 370 40 207 201 280 440 574 133 574 263 424 173 554 166 565 27 48 486 171 12 55 377 83 539
29 474 307 405 50 581 327 84 260 352 383 6 421 515 569 351 490 239 202 514 319 35
570 473 140 350 334 420 527 589 66 235 280 226 540 59 576 475 114 96 225 456 86 515 567 374 524 124 189 322 64 374 339 514 476 153 455 327 554 206 458 192
15 5 356 241 547 38 28 297 432 544 103 68 449 240 530 106 248 556 155 568 522 207 148 541 174 576 274 247 91 415 372 178 206 489 239 104
400 130 551 487 278 543 155 384 310 341 478 403 408 358 31 325 354 78 534 387 40 261 323 528 454 197 327 209 288 130 219 301 295 490 471 162 31 2 471 551 55 0 162 500 544 44 500 56 457 453 410 466 289 481 126 523 23 24 261 203 234 185 244 224 354 41 231 179 122 123 556 197 367 95 473 400 363 566 36 234 419 511 302 14 546 390 569 520 365 6 595 114 417 501 47 42 487 181 282 104 317 417 507 285 156 237 315 418 163 393 37 321 128 79 422 255 0 49 97 209 111 467 447 317
33 479 397 405 146 259 468 341 119 408 22 152 534 551 55 281 512 571 125 360 292 580 30 571 561 16 536 494 599 343 59 136 487 183 463 291 183 280 225 111
89 510 358 447 18 204 176 377 204 71 46 113 563 299 5 134 35 448 337 385 232 532 97 113 337 309 329 309 414 561 474 568 183 245 227 429 503 264 311 313 435 418 351 132 579 125 508 287 550 496 361 250 573 585 291 347 466 480 383 60 480 66 164 145 429 112 250 107 13 22 497 178 202 554 37 517 225 391 581 10
5 298 525 580 538 174 33 42 117 466 513 265 503 325 257 215 397 530 96 100 1 513 336 266 456 378 553 44 547 30 165 351 122 465 299 174 43 226 262 0 249 64 210 595 251 86 451 241 445 437 83 277 395 325 433 47 502 398 119 350 23 108 230 106 348 434 338 550 588 534 259 407 534 406 184 467 84 527 34 230 226 28 505 226 248 530 499 387 277 44 188 209 260 541 142 463 516 442 490 293 436 394 535 455 178 117 322 272 509 514 382 437 98 16 431 189 18 114 181 144 298 423 338 10 165 419 215 148 381 135 207 241 6 259 252 83 262 591 145 206 43 107 128 302 436 61 585 446 419 568 218 368 531 161 525 90 12 364 114 134 196 141 312 167 555 526 246 136 139 474 274 352 255 586 269 555 224 505 38 255 578 65 194 45 320 114 251 402 412 153 31
243 209 324 94 42 559 17 264 31 235 483 335 438 65 281 40 145 236 592 164 588 287 114 221 157 473 313 527 479 62 210 512 0 456 556 488 336 86 307 367 553 510 50 387 138 307 117 442 588 160 546 399 86 170 298 36 558 559 301 26 456 88 142 166 79 567 7 40 451 283 431 103 168 89 180 527 80 143 500 540 278 264 33 335 173 554 257 444 90 213 167 107 474 228 225 428 11 367 86 330 365 299 439 422 237 142 571 549 397 115 593 329 346 46 490 428 270 556 471 69 38 319 503 469 198 378 318 417 415 558 441 439 567 129 356 69 202 543 317 432 259 202 577 314
250 79 569 415 502 526 385 112 491 117 551 389 534 122 172 140 114 450 160 330 270 347 308 161 32 124 596 339 341 462 559 509 358 235 586 189 593 362 600 447 207 412 455 565 57 81 419 44 341 230 59 2 420 80 39 583 272 86 412 206 446 52 209 249 414 355 309 209 109 413 169 390 107 348 561 240 452 150 177 436 347 209 416 213 499 515 379 390 327 469 1 250 162 161 382 540 110 369 350 502 33 314 505 494 296 190 544 276 294 146 60 56 279 269 40 577 153 366 562 62 421 1 489 346 93 277 583 240 304 251 142 33 505 163 313 377 281 140 358 120 554 580 517 147 198 563 370 28 358 320 559 338 565 596 17 405 41 544 533 197 303 487 86 72 220 374 593 168 247 9 599 91 298 56
565 244 384 378 386 546 192 488 375 522 337 60 167 547 298 189 164 4 136 449 187 11 311 53 390 404 126 138 306 276 536 508 331 283 591 514 95 115 352 392 369 266 490 526 48 9 515 394 281 287 395 232 294 44 199 492 215 467 470 541 444 438 403 566 373 71 456 424 190 441 470 520 499 463 419 478 226 466 201 449 551 274 21 501 515 204 268 584 283 66 420 482 14 157 368 241 391 584 18 578 458 283 365 592 412 246 378 498 29 218 474 515 62 296 18 212 134 414 171 485 9 111
13 495 515 284 425 290 511 62 443 157 99 331 192 243 146 320 335 112 327 0 243 274 272
423 430 381 522 410 549 251 117 572 564 461 15 378 577 75 435 282 256 494 519 24 363 18 118 237 20 274 89 174 431 327 459 500 240 3 392 530 276 34 578 50 258 78 160 27 27 393 146 312 382 60 192 291 24 596 422 102 472 40 66 202 428 201 555 445 13 184 347 587 30 529 352 541 568 81 339 20 443 29 177 563 455 422 236 164 578 278 562 472 156 242 141 381 240 73 516 95 101 353 565 162 449 174 41 452 436 212 489 358 583 598 366 208 590 281 183 575 408 529 582 589 144 327 126 220 135 196 338 235 326 198 395 381 217 404 519 1 502 87 226 279 114 344 353 556 528 444 295 125 125 167 77 579 48 566 417 51 323 487 354 249 463 443 554 384 26 91 101 543 391 546 302 105 45 86 111 167 350 35 160 54 300 427 237 120 8 116 162 238 250 79 573 474 346 378 436 86 170 536 17
499 535 145 471 374 306 597 462 369 290 51 186 61 379 68 205 490 33 374 600 408 451 362 25 485 113 311 132 542 471 98 21 44 415 34 544 271 28 415 552 529 370 420 343 247 101 196 438 402 577 162 212 82 100 528 339 190 88 191 271 250 228
249 412
596 345 14 255 191 232 372 590 535 261 323 96 372 40 78 20 249 173 267 389 376 532 336 51 96 237 132 167 562 315 592 537 504 598 572 271 242 537 371 233 64 434 204 148 338 27
244 172 599 82 486 139 522 154 246 163 135 516 102 326 542 225 443 532 373 137 72 505 595 191 350 374 387 270 218 293 63 94 531 515 55 276 443 518 129 281 412 468 317 460 51 72 576 52 128 135 75 547 291 244 272 36 381 553 324 298 149 15 232 119 128 373 289 594 293 503 75 381 4 347 491 402 534 415 13 185 82 236 374 214 363 350 423 570 123 421 595 210 530 222 76 562 356 239 490 358 463 555 533 242 175 559 296 160 71 357 155 258 7 92 308 485 430 60 560 528 548 344 443 192 203 575 564 151 21 469 322 457 86 312 167 102 451 529 574 571 110 64 573 593 469 357 34 564 399 561 540 23 542 389 344 78
197 27 550 22 248 277 216 592 112 491 446 379 357 39 254 153 349 78 258 27 435 331 500 400 549 187 159 85 346 68 114 361 311 252 245 7 485 13 499 146 304 246 418 125 429 424 256 580 304 237 246 351 30 219 103 258 499 143 595 134 584 488 516 550 289 519 555 102 1 162 290 84 521 579 311 138 146 367 202 476 148 241 508 301 20 287 404 158 141 258 197 543 489 402 39 378 315 399 152 32 432 87 572 278 217 461 408 297 549 289 517 389 18 149 57 255 22 192 74 525 393 254 246 291 370 478 467 334 4 94 187 474 360 336 425 539 479 278 560 181 512 488 413 162 237 283 144 342 568 443 246 239 73 508 497 140 57 451 483 405 9 279 283 72 179 310 356 196
456 64 466 382 536 124 382 450 526 236 203 86 319 425 418 178 277 414 506 137 328 103 300 274 398 169 50 386 384 272 108 359 589 423 326 166 341 28 357 196 125 97
179 280 89 114 438 521 129 241 276 247 525 350 499 36 406 238 310 179 365 70 91 540 436 152
194 259 357 576 466 212 596 95 580 136 229 51 119 338 571 74 548 539 147 11 108 227 507 86 353 75 124 93 447 148 317 568 422 562 307 578 61 371 389 476 113 336 379 213 37 488 320 482 453 477 19 405 137 266 197 328 483 557 13 506 207 517 315 270 18 28 412 513 418 62 52 343 207 411 27 255 109 443 298 340 481 491 511 89 51 85 415 349 138 260 96 189 452 50 183 152 144 2 94 302 404 438 210 381 570 121 226 560 223
123 113 500 399 315 520 223 206 280 290 500 522 190 36 590 27 483 596 153 142 334 474 333 280 467 158 231 12 560 236 333 234 305 51 162 303 110 502 301 270 216 437 584 445 37 237 38 293 553 448 497 24 449 583 483 550 100 64 141 303 72 415 568 168 74 208 370 189 433 478 358 553 241 90 593 552 429 185 465 465 470 378 323 283 202 406 243 99 327 576 542 256 365 568 192 523 534 223 128 278 84 89 260 36 187 22 197 58 192 149 295 405 529 87 9 149 97 324 111 368 510 264 564 360 542 129 231 392 563 568 199 316 496 399 220 259 99 215 325 299 323 415 78 196 178
31 453 471 3 387 192 585 113 521 311 599 343 580 395 129 122 584 51 507 259 322 305 376 333 330 107 228 193 137 163 13 253 112 53 98 256 219 565 478 10 302 63 267 311 286 339 480 213 384 21 509 148 378 499 512 82 0 467 56 503 142 544 558 134 372 524 509 134 500 191 129 557 185 499 458 323 10 230 544 406 255 260 356 585 261 105 50 530 561 171 397 443 67 135 34 346 576 482 308 475 363 205 162 92 215 186 359 225 17 298 181 553 282 236 428 335 576 157 599 160 515 491 100 123 258 595 46 138 423 178 219 23 502 417 418 209 409 93 341 112 411 487 224 40 206 588 457 446 136 578 235 193 558 321 208 485 83 419 261 386 162 191 561 590 167 180 28 478 582 556 41 336 516 107 15 134 271 209 180 145 226 71 319 69 488 389 234
306 584 580 547 68 181 62 339 337 3 473 168 530 177 349 255 171 547 62 435 21 291 149 258 448 243 191 379 474 420 25 136 159 520 464 506 553 270 128 384 582 399 408 574 528 306 179 116 400 36 95 118 475 505 160 84 565 508 235 568 463 39 533 295 431 14 432 320 149 267 8 265 196 26 237 103 168 465 523 349 250 582 230 568 355 117 258
215 293 493 370 423 497 280 332 395 262 201 66 30 331 286 113 394 487 519 281 416 320 288 9 60 572 458 97 597 360 545 558 244 525 33 322 70 552 102 126 123 433 136 146 380 323 235 482 275 185 195 129 471 576 503 204 230 126 574 543 471 179 592 122 374 349 84 580 561 440 306 151 415 350 505 299 491 145 123 526 333 349 401 522 405 465 326 384 77 383 344 392 23 421 227 85 440 91 573 294 339 588 218 199 76 76 405 436 212 66 314 212 114 383 265 384 280 600 169 438 592 17 45 516 304 396 518 590 27 410 548 215 49 344 433 564 164 410 529 10 141 73 482 126 146 464 206 301 212 33 132 576 78 446 414 468 399 486 327 498 273 521 560 58
474 149 495 262 37 595 221 416 377 449 86 281 127 52 392 52 392 438 246 317 454 198 430 288 325 130 84 489 466 57 491 388 436 281 159 542 527 600 330 509 380 346 252 71 298 419 233 130 45 72 149 310 107 557 211 174 431 563 196 97 292 223 355 309 114 254 3 169 460 97 351 350 167 107 589 218 155 404 576 332 515 58 49 412 591 289 397 127 277 253 124 196 521 369 187 570 421 541 19 278 321 119 40 280 257 40 370 530 32 155 233 557 208 188 463 474 321 76 374 365 235 489 592 307 62 339 466 497 290 267 462 212 391 526 318 268 151 60 264 49 30 320 203 37 494 529 157 145 429 37 203 83 184 352 176 153 429 385 475
166 494 108 578 514 270
383 541 104 342 191 457 262 470 253 140 248 60 157 447 474 493 387 277 310 424 98 473 95 223 531 362 538 360 462 64 375 517 399 14 300 178 405 255 168 455 281 400 73 546 441 21 183 392 106 129 241 568 286 328 116 373 33 105 86 368 445 111 316 335 89 345 448 347 443 90 185 454 408 108 231 219 489 314 123 510 325 52 231 58 121 190 268 121 598 381 227 340 362 428 163 151 176 538 571 466 365 317 523 73 116 410 281 528 442 292 569 13 40 452 233 524 269 528 222 287 222 552 434 61 252 104 226 592 347 37 140 266 497 262 268 226 388 12 144 187 456 89 133
168 314 228 316 296 269 350 391 223 410 555 225 558 600 345 158 129 71 368 479 499 531 548 291 364 380 91 548 165 231 98 30 572 178 451 46 249 508 362 400
567 315 104 519 308 477 12 182
493 366 471 436 565 405 273 529 465 594 316 466 165 167 70 598 58
41 426 433 109 250 290 464 167 343 59 392 195 449 94 277 111 10 8 234 78 156 373 430 442 279 529 381 182 345 411 52 64 505 107 454 594 156 20 142 263 72 512 148
48 521 529 464 132 278 114 221 378 209 49 360 12 265 29 489 488 407 150 111 296 25 26 56 101 443 5 517 285 224 388 326 276 134 411 369 584 219 341 399 379 195 116 47 568 521 189 444 570 212 363 302 74 65 288 480 198 243 476 142 36 577 198 69 574 493 329 530 526 376 344 525 485 452 333 523 211 295 514 55 37 446 432 360 370 493 41 545 513 160 327 503 501 387 358 80 420 465 600 567 491 75 279 288 2 485 301 374 552 60 122 353 397 366 165 106 41 39 381 171 548 247 501 474 309 123 340 200 179 97 350 495 571 445 203 439 96 441 239 28 55 208 88 538 157 10 249 330 282 432 574 327 46 297 585 57 211 434 400 236 203 249 155 440 227 78 132 190 254 555 187 341 365 385 557 185 443 415 447 244 343 182 589 326
31 575 529 415 444 384 314 44 31 267 296 171 67 293 506 183 434 95 429 325 129 196 565 128 358 591 580 189 160 97 65 354 80 307 68 462 272 198
371 46 512 527 55 415 265 468 277 498 429 583 492 567 594 476 391 201 103 521 145 561 496 236 187 218 196 231 290 584 517 511 309 319 227 590 63 385 576 198 445 223 199 2 288 402 101 246 366 230 508 433 229 271 446 562 0 378 321 225 378 1 322 528 554 389 170 290 516 596 546 33 53 62 468 390 542 386 86 175 542 452 265 209 175 543 26 296 335 511 94 496 530 109 233 25 193 245 369 522 335 425 482 459 164 501 215 576 473 400 83 189 499 392 390 197 213 130 318 585 551 172 54 229 464 336 478 55 95 340 350 501 26 473 197 475 136 444 389
170 384 319 292 432 89 180 445 238 581 65 171 505 546 223 190 384 100 87 420 592 227 143 164 591 120 431 200 46 407 209 276 270 41 31 55 522 321 254 271 0 226
473 34 95 90 115 57 178 532 536 192 135 579 199 46 394 192 400 531 527 231 326 588 320 210 211 214 268 222 99 369 323 576 205 92 482 213 59 277 436 500 7 25 128 180 349 255 295 502 85 529 424 312 385 78 33 69 383 471 218 490 272 19 31 353 152 315 245 288 397 339 498 506 41 144 445 288 397 496 174 463 453 1 20 100 215 522 476 319 559 187 396 320 63 339 37 281 214 270 189 227 286 102 570 582 28 558 454 317 162 573 95 376 376 474 408 46 347 182 478 14 511 244 142 147 476 374 69 313 194 185 126 505 417 267 75 23 581 56 4 535 583 519
492 569 307 44 507 172 151 237 214 39 70 405 98 274 235 313 60 98 334 151 205 464 485 21 20 268 295 525 4 87 470 556 517 488 438 330 154 261 584 22 71 257 287 334 200 305 138 182 83 566 262 505 479 4 414 576 485 161 118 244 315 159 551 440 320 400 551 523 0 30 333 214 437 265 374 118 254 86 329 104 348 513 373 455 494 515 566 437 97 209 208 115 162 139 394 467 94 317 510 547 32 224 53 247 85 201 52 219 175 38 269
434 208 311 326 44 53 577 414 320 467 191 288 265 310 40 84 541 295 39 81 349 326 61 219 307 20 139 553 412 201 406 476 9 546 185 66 430 392 240 302 253 385 514 155 272 575 155 452 140 277 35 380 465 346 400 194 105 197 474 238 44 532 13 453 120 539 258 306 556 243 495 142 312 17 466 265 260 94 261 20 595 434 430 586 272 294 339 241 255 590 317 225 130 570 547 385 497 499 264 24 383 499 263 512 498 538 166 343 131 130 18 114 184 471 413 454 51 357 432 166 62 262 72 451 364 283 264 256 268 327 174 503 4 193 319 158 357 191 466 17 466 49 287 124 11 74 110 92 191 171 153 506 208 464 292 185 379 192 25 33 458 368 170 71 204 80 575 381 439 167 309 532
12 483 271 585 438 386 235 401 157 482 441 157 341 167 192 241 373 167 564 367 107 485 56 330 373 304 251 404 241 121 424 136 242 50 397 24 452 226 94 159 148 338 35 421 262 516 15 591 88 335 469 499 436 42 33 103 51 110 593 105 210 230 199 268 518 335 276 260 62 233 183 51 262 568 397 514 502 440 418 205 206 98 122 358 198 254 190 295 218 332 287 435 173 350 291 431 592 43 461 166 165 356 489
403 44 349 432 534 450 511 578 440 104 202 522 571 124 254 583 377 402 392 75 109 316 583 175 430 32 386 593 130 63 340 172 487 325 160 145 552 199 89 402 100 167 448 367 558 109 166 512 511 43 13 164 329 140 398 209 508 158 44 355 269 33 594 192 332 459 20 473 166 391 587 13 292 317 149 58 585 348 547 376 227 501 401 160 24 132 216 447 565 443 20 559 534 469 236 545 573 555 127 345 371 438 112 243 193 499 309 376 44 216 328 591 587 506 364 585 498 225 121 255 436 332 368 576 439 175 76 37
447 494 123 341 355 561 302 47 325 342 373 111 414 533 313 569 5 514 417 423 288 139 419 280 415 283 525 571 11 244 39 298 249 163 356 261 53 440 177 386 351 107 488 509 565 279 275 22 328 488 439 532 1 419 487 457 211 182 285 308 550 314 444 267 200 360 98 241 285 459 413 7 458 585 581 79 17 136 432 287 494 579 223 23 9 578 231 389 412 124 300 148 488 401 129 123 194 536
227 140 149 194 312 181 572 178 377 449 170 393 453 270 590 591 395 5 161 20 472 522 478 138 271 459 25 65 23 573 497 582 445 384 313 525 180 577 246 404 335 405 511 549 265 446 16 500 496 354 235 121 475 129 168 277 451 584 342 559 374 29 518 546 420 125 199 20 503 398 467 585 255 280 199 205 315 120 45 486 69 571 264 101 300 299 94 458 35 229 183 369 5 195 72 479 88 18 210 111 401 534 202 165 433 316 271 534 17 286 142
429 198 177 197 465 105 360 443 308 125 234 564 341 406 35 123 545 394 385 181 511 395 240 155 567 264 581 526 262 56 271 411 546 486 250 36 412 176 583 133 469 73 515 196 362 346 330 542 573 304 205 443 334 546 588 101 68 527 114 457 144 580 518 304 205 245 362 581 85 434 569 467 323 592 543
98 101 370 127 15 358 582 167 189 572 522 550 227 132 527 17 38 70 227 136 29 349 257 454 359 99 29 554 588 122 492 583 443 106 145 72 457 381 89 115 117 259 21 53 102 362 569 205 228 552 422 352 219 279 71 449 587 102 59 531 385 573 77 222 73 407 228 104 307 424
23 175 526 295 323 499 355 6 498 283 361 543 71 544 305 325 321 245 288 340 494 106 461 288
280 128 412 313 27 528 95 240 21 287 158 40 529 484 213 527 428 231 480 402 555 43 148 311 395 520 243 29 182 324 468 79 515 466 24 201 189 271 468 305 304 187 444 478 208 310 369 480 265 91 481 184 220 67 359 260 182 457 504 326 142 120 129 505 301 99 315 208 573 452 585
226 560 204 401 417 95 262 41 550 37 306 152 331 216 317 526 148 288 365 379 430 90 179 404 483 254 564 506 40 271 331 568 426 594 278 405 185 331 51 218 480 133 2 583 417 49 139 549 407 513 222 68 301 46 558 133 106 101 395 102 54 273 414 460 442 166 217 186 585 569 455 304 133 30 146 130 318 450 259 189 329 546 12 65 187 179 437 5 463 194 48 176 502 206 268 78 357 229 184 107 582 596 436 37 260 282 395 52 308 372 451 598 132 378 362 447 88 572 431 42 330 584 362 146 236 144 272 0 65 281 273 409 349 422 287 65 461 518 169 203 486 385 312 353 222 184 379 16 172 520 85 194 516 43 251 74 116 239 92 497 587 409 171 443 465 356 559 1
389 572 172 323 266 162 205 145 356 174 157 234 562 172 48 488 456 442 433 523 487 248 491 222 417 115 141 291 140 491 242 471 340 440 369 481 362 442 369 354 83 545 127 117 166 344 169 427 214 19 557 209 217 261 468 145 542 33 118 458 16 242 423 382 26 367 275 320 3 494 303 112 351 157 555 376 232 586 453 333 390 448 441 39 306 298 476 233 115 325 116 566 367 568 268 104 516 559 225 199 19 340 556 217 517 398 108 452 206 297 451 37 67 441 156 337 472 203 304 145 35 35 406 436 147 279 198 501 442
468 189 382 457 146 543 408 407 532
129 42 202 439 280 370 55 485 513 483
442 542 43 51 76 340 211 463 226 23 533 568 408 411 98 403 476 115 18 56 110 446 358 175 493 0 463 533 498 591 212 452 433 520 388 591 145 571 457 526 375 263 16 235 499 534 563 465 509 401 408 150 492 119 30 57 447 78 573 51 125 525 219 306 120 186 280 561 393 369 481 184 183 87 377 584 191 182 61 280 275 356 427 197 327 331 408 375 228 558 380 154 525 110 480 534 297 566 473 63 218 78 277 527 192 47 552 251 252 411 511 112 229 306 168 536 354 66 232 264 144 445 198 455 350 326 475 180 6 110 108 391 54 348 562 434 458 149
47 140 330 306 562 485 77 377 340 73 35 55 62 323 56 54 169 260 348 540 566 257 221 584 470 553 120 64 595 93 404 77 69 315 312 563 193 155 122 13 305 16 39 597 487 542 456 466 24 419 276 144 146 512 175 402 118 423 85 447 581 27 354 235 424 180 283 70 340 1 134 492 510 161 592 485 388 165 535 211 552 193 236 529 533 196 142 226 504 423 292 490 55 503 349 197 482 471 115 181 93 460 593 446 348 226 328 71 352 212 68 550 107 552 120 211 545 192 278 514 191 518 74 542 6 591 63 341 41 432 516 480 555 368 585 336 122 470 482 37 357 6 512 338 176 35 385 207 65 451 228 338 156 30 557 42 145 477 287 495 336 161 333 395 206 284 409 194 211 8 513 162 497 169 142 220 423 477 86 20 511 133 455 417
329 231 510 86 316 477 36 126 226 450 332 237 292 502 480 398 402 60 429 287 85 368 57 393 223 460 502 39 435 262 152 542 219 264 164 252 400 122 597 131 213 512 147 69 61 300 55 175 284 450 424 362 321 175 81 333 214 176 136 592 412 110 539 199 510 490 283 544 257 164 441 444 129 542 214 39 278 142 239 225 317 528 94 59 529 380 202 335 362 326 220 49 509 159 240 305 33 98 216 535 333 216 341 212 26 583 399 433 254 204 123 147 217 478 586 312 13 231 237 139 207 481 32 530 11 121 240 594 178 55 585 518 348 589 304 181 499 450 167 313 368 233 314 106 121 191 378 525 251 453 416 438 403 322 54 339 216 342 331 61 26 15 39 64 244 305 78 3 546 533 478 446 55 253 309 178 536 429 563 504 399 411 122 598
215 339 234 562 590 16 39 508 361 274 448 584 231 29 184 368 493 123 371 417 470 103 275 53 282 515 171 396 30 563 290 166 260 190 250 345 584 557 336 468 275 314 385 370 36 355 348 428 76 284 415 45 342 83 1 1 445 191 558 577 48 304 144 126 49 188 143 386 570 92 58 24 538 513 349 361 494 5 272 47 315 34 118 379 151 347 173 251 123 512 138 96 206 136
431 68 111 320 321 484 454 454 442 177 450 88 589 304 254 446 359 353 372 169 467 126 39 508 150 240 145 418 246 589 256 237 262 302 238 201 132 482 412 404 380 544 30 580 479 367 205 129 556 41 519 547 324 567 270 383 409 264 265 471 497 418 339 52 255 266 15 240 510 335
266 117 110 15 155 599 330 419 509 310 255 146 324 349 101 75 270 232 251 227 447 14 135 130 217 272 129 1 283 355 423 61 433 24 176 31 390 495 574 532 273 125 406 554 163 201 367 589 541 26 410 180 112 183 429 12 334 518 459 498 347 401 494 233 380 207 509 97 368 260 584 75 300 373 361 81 567 55 573 472 25 299 308 267 470 544 28 480 208 336 173 343 508 519 168 511 284 150 339 312 540 244 493 576 150 465 515 532 558 17 265 278 206 383 599 389 45 427 271 599 281 26 292 5 528 212 255 234 353 489 495 149 174 180 492 111 81 19 62 88 313 387 153 587 244 335 97 196 471 2 271 566 233 300 154 199 100 375 28 243 227 301 3 142 418 251 527 241 354 197 283 417 49 310 171 128 167 303 113 193 516 260 72 465 498 423
210 11 250 118 63 558 79 142 71 307 187 343 389 160 273 356 248 303 550 296 223 50 577 592 384 9 234 428 369 491 550
32 534 579 438 323 224 376 210 115 449 94
36 373 546 318 34 147 295 490 147 196 533 518 397 293 382 76 132 235 252 36 598 400 138 502 251 57 510 157 102 403 375 410 506 236 46 397 260 433 112 84 441 190 596 179 38 480 349 231 512 19 524 131 498 91 405 577 349 323 142 406 448 67 425 354 518 560 480 488 284 262 385 450 330 287 61 508 465 159 29 305 93 526 14 393 559 550 503 2 284 7 196 338 498 213 79 210 310 225 231 484 151 230 93 473 546 117 596 97 59 186 600 114 150 453 279 492 354 515 288 172 494 434 312 207 177 96 99 582 358 140 510 145 223 596 259 571 584 545 567 356 504 409 596 387 570 67 99 68 42 543 446 408
212 16 257 597 367 140 493 550 449 586 566 405 314 500 296 581 13 269 365 81 138 287 421 514 468 56 375 289 81 371 133 25 498 119 44 208 579 430 215 445 508 211 63 595 108 306 484 589 12 125 265 221 36 138 546 587 199 175 496 17 103 207 415 221 534 288 132 204 26 503 309 301 429 334 467 379 28 460 313 422 312 566 546 475 70 484 258 110 350 372 111 255 23 274 200 506 331 212 181 283 118 21 546 14 123 300 417 530 61 191 424 129 266 110 499 76 356 289 174 513 346 321 479 448 523 72 154 445 30 541 597 374 126 579 378 361 511 574 330 317 216 57 340 8 559 489 585 372 410 91 302 188 261 196 467 585 300 407 260 309 132 517 268 267 172 101
448 574 357 168 306 507 496 375 160 48 232 226 224 268 61 58 98 259 568 339 187 87 481 231 141 78 205 379 324 131 15 347 282 306 278 284 61 402 385 309 32 212 555 403 282 315 22 257 64 536 244 586 578 120 299 163 43 222 569 467 132 594 413 96 424 20 373 164 136 359 291 119 469 227 443 201 488 41 323 476 346 241 587 466 262 377 118 549 208 472 255 390 576 104 52 459 84 203 272 406 298 10 326 216 78 129 310 6 583 22 19 600 429 344 8 394 416 358 356 252 557 130 514 259 194 555 397 318 21 100 347 485 340 281 400 143 192 316 63 485 225 253 594 574 500 108 66 145 145 296 364 371 418 532 354 485 537 427 38 562 411 98 473 329 538 282 246 392 26 303 414 127 410 592 133 580 233 78 220
536 358 26 316 574 560 19 568 349 585 106 157 499 444 204 500 565 292 189 272 183 330 501 411 156 284 404 289 195 358 487 57 304 265 466 206 59 276 121 45 156 90 525 230 197 242 320 185 225 7 329 7 69 317 519 300 377 411 186 452 365 217 447 36 387 111 373 79 373 465 270 365 24 300 157 528 416 240 50 250 599 330 451 236 63 30 560 592 352 171 362 335 210 26 113 515
184 238 253 567 282 492 401 439 502 208 481 75 396 268 175 264 2 409 34 411 509 101 487 133 487 467 86 394 127 269 337 173 309 272 291 267 8 490 570 577 269 582 222 415 492 34 436 333 427 134 316 142 65 372 274 391 331 192 130 436 387 390 547 471 60 142 342 417 127 53 561 289 147 473 524 425 19 115 353 380 287 416 328 559 390 505 19 129 131 489 527 476 208 515 53 594 545 183 286 431 404 260 405 95 115 185 482 254 191 73 231 89 523 14 114 103 121 340 269 559 466 17 600 6 580 489 256 576
307 583 5 545 560 272 276 397 324 266 424 448 579 198 593 393 387 153 549 338 81 527 221 390 556 143 345 499 515 165 286 351 324 511 572 412 186 236 247 241 192 377 147 548 194 17 550 367 311 323 48 587 428 395 379 403 217 21 485 388 270 166 599 391 415 427 374 595 524 384 572 48 273 270 558 521
38 482 523 499 292 204 597 69 418 96 303 56 127 137 482 129 573 30 259 52 152 285 545 362 64 119 109 58 424 596 121 493 246 499 244 221 219 427 187 72 162 58 190 499 131 271
16 198 243 332 363 432 582 9 476 508 11 72 242 179 548 548 466 238 512 270 87 99 213 102 225 83 510 341 416 151 67 430 18 269 389 251 330 194 520 160 415 350 280 139 227 162 124 426 526 35 229 537 383 71 423 325 539 525 500 118 296 522 26 488 85 42 358 123 288 540 250 509 255 45 459 445 343 1 491 15 249 315 279 18 355 56 225 490 564 99 565 382 289 193 137 434 532 431 265 329 315 82 88 218 277 346 100 402 215 63 41 113 337 474 433 544 141 200 597 417 14 158 389 62 537 578 279 244 595 595 524 519 339 443 498 519 351 346 75 59 576 475 166 137 175 529 214 153 585 304 592 206 426 501 252 45 589 47 479 570 85 593 109 136 595 380 269 225 292 39 569 382 403 40 463 463 402 234 419 202 149 377 287 345 88 284 225 291 218 336 548 416 583 184 511
44 422 115 15 242 97 16 471 293 560 13 558 221 231 479 423 405 516 65 524 300 297 82 531 41 26 417 408 129 198 286 485 446 176 332 154 331 540 554 43 194 286 225 335 5 382 70 267 490 391 452 488 83
189 344 136 254 371 459 501 143 445 547 166 181 131 361 246 100 395 518 174 319 119 470 149 386 64 510 60 488 580 488 507 356 13 10 466
315 120 46 192 374 10 508 353 532 540 328 60 526 434 333 590
543 52 161 166 144 86 292 473 359 196 253 394 97 189 222 384 18 153 226 454 108 483 335 273 452 257 437 386 10 292 387 277 389 156 454 21 525 385 128 198 91 238 378 186 558 269 93 43 455 29 504 544 351 408 315 394 134 359 159 354 520 444 24 69 1 440 539 239 299 323 550 333 347 424 31 176 323 402 282 336 140 268 61 98 291 78 558 329 61 104 401 110 520 184 444 29 129
86 508 296 438 456 536 60 21 541 466 273 546 514 548 566 489 97 211 353 58 317 354 243 351 493 77 191 486 143 31 492 194 390 366 260 333 438 291 368 403 207 560 231 249 442 107 186 506 461 487 446 352 358 210 35 553 123 442 416 469 245 507 360 138 577 542 190 103 341 43 544 304 72 82 49 469 188 395 185 134 591 198 502 93 334 165 521 100 474 426 373 477 477 262 217 581 307 358 186 127 581 362 335 160 180 148 64 146 491 268 522 252 179 243 106 566 315 312 221 365 360 324 154 93 36 407 493 590 590 45 101 96 360 547 168 423 56 64 120 128 488 124 506 358 88 404 368 500 131 64 552 458 54 475 300 338 409 322 12 107 193 322 273 400 134 522 380 81 300 440 109 120 282 93 584 579 266 479 206 121 392 132 289 262 285 179 363 548 329 28 205 331 96 302 405
323 528 547 272 219 149 278 116 391 280 454 105 409 337 518 450 501 430 501 82 569 208 401 51 137 158 188 303 97 236 200 281 595 61 167 520 455 501 442 507 324 557 325 312 546 307 549 377 260 152 137 291 574 583 181 153 299 575 277 525 282 118 288 357 445 325 194 182 440 362 270 14 98 452 437 230 243
307 151 266 135 103 431 8 295 411 432 401 337 182 597 174 519 569 584 352 85 43 409 209 418 351 404 355 462 114 229 62 196 558 78 391 587 527 338 393 555 290 559 562 158 32 8 177 556 513 196 250 67 509 415 181 514 415 548 589 564 272 357 137 98 357 254 276 593
292 298 590 145 332 256 106 121 296 269 32 514 119 36 236 493 342 87 71 504 2 164 126 502 521 558 233 253 334 239 160 192 595 557 304 297 160 501 342 55 165 301 457 119 442 282 365 34 101 62 579 391 62 257 143 22 3 134 481 291 378 11 469 340 57 387 458 48 447 488 537 2 164 588 99 128 61 285 390 68 377 59 35 53 210 115 323 225 94 427 319 505 445 112 5 326 473 250 403 41 284 134 39 219 71 294 508 213 213 40 334 347 200 258 254 232 97 191 331 191 168 24 124 577 425 415 78 454 194 296 292 583 509 352 50 30 106 446 192 589 583 441 510 230 390 595 492 424 378 172 67 0 280 145 565 394 398 374 557 46 588 308 479 588 484 375 352 310 359 492 175 65 155 306 392 374 445 22 155 583 64 494 47 301 247 99 356 200 52 121 107 170
320 124 598 176 443 233 236 343 4 263 192 29 126 262 387 464 168
286 345 476 460 510 159 328 169 39 336 364 400 109 375 455 5 240 252 439 264 145 67 83 177 272 321 14 85 466 526 267 411 279 533 514 214 54 476 456 401 67 415 594 532 271 533 270 251 597 13 594 457 405 416 264 116 265 410 441 519 375 517 525 248 459 514 208 147 212 31 78 238 265 565 30 364 454 299 481 204 574 318 201 285 403 65 17 187 289 216 214 160 583 337 574 333 261 166 144 51 138 416 421 19 233 588 90 565 321 399 563 14 355 245 307
196 263 562 152 422 148 249 476 561 392 129 386 548 166 97 232 522 371 412 440 149 567 506 136 485 566 419 257 567 435 331 47 64 29 18 168 25 409 392 117 387 421 197 276 375 105 343 208 241 141 510 210 540 15 552 318 276 591 384 141 409 389 19 202 13 215 463 11 178 383 266 529 295 226 111 345 482 125 171 77 47 447 50 164 64 424 12 412 550 141 45 320 416 102 307 88 397 535 510 433 347 564 579 282 61 2 15 555 591 262 118 430 87 523 573 4 508 343 582 556 440 523 307 490 139 340 486 339 18 573 386 125 297 580 460 541 322 43 87
374 173 458 281 541 387 418 301 69 127 123 442 462 476 454 94 339 488 514 352 483 55 278 389 51 169 588 379 481 477 167 505 232 107 229 394 516 533 430 32 68 187 431 346 555 508 214 370 45 124 451 375 177 551 343 7 297 64 173 117 319 488 217 495 500 231 316 123 82 599 188 345 180 476 94
574 73 468 328 179 167 437 138 469 555 348 191 480 414 315 471 376 547 479 374 46 598 558 66 56 14 228 421 148 194 472 518 488 132 499 141 63 95 199 41 164 221 383 140 191 312 569 398 96 54 309 80 15 314 169 450 21 371 566 343 143 378 128 66 546 426 130 325 440 39 278 157 179 481 437 183 594 557 314 500 358 76 173 598 457 257 491 58 124 24 18 303 497 543 108 499 284 597 16 486 383 538 219 1 350 55 464 591 256 369 561 1 112 547 292 554 58 274 583 488 182 129 93 288 145 11 30 180 310 7 535 576 342 62 383 124 188 426 546 103 368 112 397 231 425 547 392 366 154 183 404 282 571 569 277 544 383 395 466 13 437 88 560 340 183 584 400 14 129 129 220 597 451 228 29 523 88 150 367 508 102
452 224 435 545 355 422 65 403 389 509 100 7 492 299 466 597 57 203 504 461 82 429 152 356 482 46 253 494 467 496 527 322 414 486 154 280 155 115 583 173 202 34 242 427 577 318 175 289 536 592 273 35 204 275 262 373 394 227 82 1 211 160 599 389 323 256
39 301 45 89 418 510 134 95 448 555 254 505 81 522 406 245 32 149 523 120 495 428 393 423 451 533 272 550 198 580 176 163 145 205 118 70 133 130 404 196 507 574 46 273 234 543 599 310 173 377 488 311 432 448 181 230 567 160 559 520 258 587 94 221 158 269 301 429 253 310 501 365 153 340 565 157 535 18 272 115 525 465 312 115 185 555 514 254 199 483 489 111 425 554 194 522 376 340 572 362 483 47 485 205 424 22 80 175 123 564 130 291 165 301 402 223 261 191 177 293 264 501 80 503 305 169 397 327 57 167 524 187 74 143 11 75 272 65 179 140 539 258 100 383 355 247 105 237 17 572 392 229 79 554 68 441 241 530 30 402 221 570 431
133 267 46 509 302 269 312 588 276 351 79 60 455 353 498 590 56 206 220 478 304 131 268 251 513 124 249 450 83 236 76 117 516 212 121 410 229 500 189 346 177 569 370 164 244 194
303 99 505 53 369 593 9 281 530 331 194 305 435 175 271 0 36 82 590 54 306 131 202 556 361 65 491 358 389 279 164 82 463 124 337 597 56 346 389 294 500 15 533 579 599 155 397 57 536 6 450 5 520 236 187 451 218 461 118 268 595 36 143 563 411 346 418 587 204 434 198 142 589 234 407 354 50 135 387 444 213 409 117 524 578 399 220 108 20 350 316 77 377 357 217 563 439 406 42 219 340 231 231 459 22 101 86 559 481 124 518 477 164 51 510 317 146 439 588 209 532 451 38 81 9 317 243 120 406 353 448 2 205 539 44 400 395 389 518 31 33 22 285 166 470 245 453 230 355 501 413 162 277 468 528 174 386 148 519 268 271 201 144 55 432 539 332 295 462 444 145 178 97 404 462 127 397 278 243 363 250 431 385 586 59 237 151 64 256 157 375 373 29 388 514 407 58 60
600 17 166 64 456 208 283 121 497 456 532 287 522 557 460 164 445 508 215 204 353 348 400 351 39 422 7 1 413 205 359 426 394 391 561 44 279 38 197 572 77 59 124 600 395 150 384 56 427 121 102 100 526 162 337 48 466 113 255 46 357 388 383 450 35 546 339 149 127 187 394
511 520 458 407 462 299 465 534 565 347 112 479 486 522 341 402 529 457 141 97 579 455 427 48 153 299 29 350 18 504 43 253 348 156 112 522 282 207 24 481 176 273 347 234 300 150 449 526 261 368 159 272 216 160 71 494 285 218 214 251 582 369 514 75 250 509 116 43 186 419 415 377 392 108 483 306 404 101 223 223 49 539 538 341 118 537 303 156 60 28 495
436
391 29 537 344 313 347 188
125 179 439 107 425 573 593 523 265 488 407 474 147 511 260 297 560 90 559 385 6 209 302 444 137 110 271 456 360 127 192 503 88 118 320 280 488 387 447 108 542 404 106 591 55 186 269 260 128 7 171 550 191 172 596 428 513 213 430 545 407 105 359 370 214 404 287 157 532 492 162 149 33 35 28 245 18 132 390 570 112 79 367 313 281 99 48 437 592 182
494 122 72 273 501 438 325 283 95 274 345 424 566 353 587 377 470 191 416 307 449 27 268 126 95 452 341 50 523 190 511 294 424 360 281 272 453 379 57 188 236 204 526 30 556 398 463 470 561 454 496 331 476 544 328 213 383 78 100 375 94 275 283 254 334 430 437 564 98 334 67 381 368 325 460 171 568 361 88 189 13 325 267 129 161 234 152 378
342 344 243 295 393 80 155 156 53 370 152 154 30 324 298 180 452 297 135 202 14 399 549 12 88 577 549 259 543 443 455 144 227 321 426 562 437 68 26 413 588 217 289 89 40
294 547 278 166 590 308 380 588 156 323 431 46 124 312 362 138 343 391 328 494 567 592 593 475 302 441 451 186 73 314 426 475 431 512 409 596 100
475 81 408 51 506 374 205 434 478 201 546 257 172 558 6 156 391 412 30 49 53 342 503 16 126 4 281 222 283 483 267 532 180 5 6 319 272 131 309 28 413 154 266 298 453 157 494 431 560 385 92 258 510 412 304 215 576 40 262 126 226 15 1 369 214 598 418 510 89 410 54 80 402 515 51 434 256 372 183 557 360 477 211 347 598 3 461 523 341 571 279 363 292 225 349 568
294 513 0 386 232 119 596 394 163 379 310 60 577 110 39 545 589 567 263 591 501 422 148 382 475 418 449 200 499 82 470 376 239 21 418 502 206 485 302 555 41 164 163 87 474 123 247 308 499 104 249 141 119 373 142 389 462 37 103 403 272 465 479 166 233 226 446 321 418 199 181 448 483 586 123 244 322 299 41 583 467 226 117 93 210 317 511 235 591 333 351 85 208 380 517 458 280 400 236 77 220 407 338 169 467 496 109 120 339 504 365 279 341 263 120 209 364 83
43 549 409 164 484 508 413 300 261 38 557 284 121 428 521 563 497 139 553 524 52 18 480 331 380 158 128 478 210 129 121 91 482 220 324 131 129 447 240 584 465 424 131 359 63 76 355 379 560 170 500 158 489 166 56 223 280 227 487 84 127 458 397 288 23 354 380 42 510 4 375 459 88 433 377 214 140 560 560 380 239 135 500 82 437 556 484 208 72 595 511 289 547 5 169 425 213 530 359 526 21 377 166 150 511 429 467 237 293 261 260 468 390 170 568 99 558 70 567 65 309 188 551 470 206 39 428 338 35 274 198 295 44 312 273 216 346 150 415 139 427 506 11 189 281 587 92 88 260 241 265 151 170 246 361 19
461 541 28 57 404 300 468 324 370 389 92 441 286 480 457 420 17 472 65 83 557 466 139 470 379 541 446 175 162 338 203 355 414 46 303 205 164 438 391 412 176 576 94 440 22 551 600 433 229 477 593 404 95 246 415 71 338 387 534 146 338 20 510 588 102 139 269 51 121 279 597 465 207 224 9 169 297 114 478 283 263 119 140 480 2 154 574 110 198 541 443 66 503 575 509 520 33 262 118 269 277 351 590 61 285 185 341 176 19 595 97 433 557 39 172 487 541 77 114 530 561 318 74 60
53 580 312 270 299 105 249 138 268 103 456 355 144 504 228 111 372 146 551 107
376 206 225 35 385 474 255 202 65 136 99 213 165 76 138 151 542 200 390 226 361 93 287 112 496 582 442 192 305 63 330 281 188 507 427 579 308 385 557 2 405 224 438 24 355 549 271 243 353 579 253 205 473 540 246 284 204 589 293 6 340 251 392 516 1 134 75 95 121 578 312 482 323 500 553 327 197 150 293 86 442 124 413 148 194 164 392 370 588 304 401 148 187 165 6 565 485 382 359 149 572 132 302 140 424 20 81 167 269 340 421 120 191 160 493 462 487 326 21 98 490 490 559 224 379 266 241 322 51 219 298 316 2 7 517 495 220 394 251 396 460 503 109 236 131 453 116 554 81 445 136 2 265 398 197 0 111 298 532 12 443 169 406 386 185 486 371 289 557 417 335 87 527 78 24 139 378 31 393 306 81 569 341 452
466 61 197 544 130 449 303 515 409 341 373 38 538 169 492 156 361 241 505 437 321 159 15 458 382 358 213 65 600 11 242 589 524 86 258 480 250 392 593 250 410 91 395 430 497 252 375 59 123 255 283 288 562 157 524 421 126 118 428 477 29 135 121 285 424 215 547 282 228 329 146 390 56 245 585 417 449 519 265 441 132 329 270 2 171 392 444 443 118 281 284 293 299 100 169 345 0 434 162 419 7 375 425 37 288 172 157 329 166 429 220 44 410 78 220 307 382 437 389 509 271 572 476 305 152 389 132 380 575 146 219 298 93 366 137 225 595 10 77 165 590 524 236 210 430 171 363 153 517 600 225 416 405 51 62 242 37 366 29 113 575 459 187 149 295 396 193 91 51 33 593 295
343 26 145 196 159 334 348 359 150 600 325 467 559 171 424 94 492 541 40 128 199 489 563 489 158 378 218 279 380 320 409 576 199 590 155 290 137 384 223 339 251 173 332 564 245 398 444 282 573 330 305 265 85 194 26 575 581 103 39 560 498 561 7 102 567 410 308 106 599 499 223 404 574 593 9 193 146 477 491 335 358 14 47 337 127 75 29 148 109 439 232 501 346 315 251 584
2 132 154 381 274 188 153 455 482 257 8 46 100 60 288 501 61 467 550 152 251 457 181 375 412 384 161 226 365 221 117
175 13 315 451 178 346 387 590 479 256 259 344 325 558 288 252 497 52 598 340 497 296 399 313 263 23 79 258 156 223 172 424 465 161 388 356 84 184 284 408 243 17 393 521 155 227 364 0 285 359 427 383 2 446 163 339 486 139 259 377 227 325 545 46 183 103 120 589 104 182
341 42 161 245 414 192 382 589 131 246 430 578 510 262 84 448 464 221 249 245 409 403 514 343 454 509 596 439 350 16 220 451 305 591 447 84 424 194 48 57 339 599 293 459 283 33 371 265 382 79 141 507 61 210 142 378 289 209 314 405 400 26 66 12 597 103 511 104 342 82 396 548 375 200 190 600 80 46 382 200 385 332 163 344 43 165 164 489 464 233 357 240 18 131 510 14 178 371 216 115 359 385 38 25 394 305 338 326 95 583 450 91 302 88 139 164 480 141 50 5 122 44 458 370
28 141 188 128 215 457 589 311 10
561 471 597 244 22 587 368 182 285 445 161 461 541 161 286 405 403 241 363 473 548 158 243 312 568 377 375 419 112 334 271 493 64 77 324 21 370 271 258 93 4 595 96 305 272 371 132 346 194 148 574 424 598 228 565 47 113 352 246 60 501 210 49 307 537 133 202 366 49 383 480 225 316 388 217 358 80 384 148 400 430 2 145 323 292 247 343 273 385 3 67 160 140 386 82 441 299
545 352 465 4 219 443 248 140 408 143 543 378 285 66 42 147 139 491 163 179 575 562 168 316 349 360 215 275 54 572 108 558 580 109 185 246 285 276 83 428 518 65 281 180 483 279 382 482 322 47 170 505 288 125 96 591 571 28 593 488 54 36 600 584 546 22 540 130 374 523 139 574 59 226 438 181 76 338 340 51 175 575 231 502 512 522 398 390 116 420 242 161 80 560 241 83 235 178 269 197 40 115 304 374 320 320 438 161 436 237 14 577 275 547 367 460 417 335 151 116 424 35 75 207 553 388 509 3 592
559 174 344 80 4 179 341 292 535 73 54 572 414 18 484 378 501 44 493 373 456 372 238 325 114 434 437 445 268 350 589 585 514 203 230 461 317 167 579 182 438 482 387 291 482 211 64 168 13 224 591 417 444 185 166 519 240 485 163 565 331 6 278 167 484 365 221 519 30 310 121 599 62 36 23 395 87 436 379 83 193 391 184 196 386 554 484 594 237 79 356 435 392 115 519 237 266 100 510 1 571 245 218 85 162 256 155 510 51 42 268 394 385 275 359 191 185 466 283 425 326
269 507 61 110 196 45 255 386 259 317 159 571 245 280 390 483 193 550 221 230 91 490 506 342 164 8 303 66 272 138 91 180 177 589 195 230 155 530 556 61 357 134 487 222 191 513 186 11 545 511 94 61 332 40 25 575 258 342 472 582 421 589 235 554 476 485 253 406 12 322 227 579 56 4 77 593 94 104 286 76 309 557 244 39 245 163 115 342 519 195 13 425 206 104 317 28 344 214 533 484 269 553 43 138 9 370 478 37 213 593 344 420 180 352 426 244 198 280 514 321 206 405 360 10 298 288 441 378 320 567 39 576 526 398 512 278 241 106 287 572 467 46 572 180 454 181 85 43 296 210 314 33 593
358 3 380 39 452 204 372 214 398 327 245 2 551 286 103 452 103 59 463 262 373 457 293 123 495 211 278 512 138 353 414 255 118 6 483 69 83 307 140 36 358 11 455 536 598 342 487 119 411 384 385 431 282 434 225 483 290 233 481 1 469 272 531 66 209 230 142 274 81 592 246 598 475 591 36 423 458 54 418 510 380 472 109 421 568 519 545 72 387 312 529 47 433 152 419 222 151 127 52 541 97 284 97 479 268 30 144 510 489 306 122 297 135 312 434 595 391 275 194 209 127 522 467 208 516 485 85 97 36 486 329 357 544 116 236 24 177 358 388 74 544 286 222 408 444 557 281 103 452 544 296 358 343 149 231 329 164 144 8 332 319 515 154 210 582 3 438 84 311 237 314 591 379 500 146 150 380 214 70 296 454 171 496 520 29 183
23 385 574 322 341 99 141 490 317 514 302 75 567 533 33 219 90 158 422 152 590 123 333 521 159 71 541 6 529 363 257 129 201 111 411 182 491 125 411 572 567 63 181 433 234 553 128 241 510 199 596 87 293 338 505 285 123 232 129 360 79 85 6 148 480 193 291 160 482 57 59 495 112 232 93 474 525 117 521 408 588 51 551 69 33 262 364 326 19 370 506 13 304 327 79 341 178 378 244 8 394 280 68 541 348 498 97 93 134 523 445 322 99 378 281 267 600 431 414 56 576 348
93 516 289 544 142 276 563 595 277 363 273 29 350 241 302 278 368 321 427 521 200 311 243 227 29 67 287 452 148 17 367 85 238 250 102 272 510 598 529 172 536 299 112 540 97 363 186 449 14 353 1 472 9 492 19 329 16 548 422 256 397 497 111 314 245 423 174 281 531 195 530 453 537 490 303 97 47 534 44 579 570 456 149 276 93 192 124 161 35 303 338 221 91 570 442 570 269 131 209 456 521 217 95 158 600 376 224 130 494 533 190 164 292 537 33 497 141 360 389 474 74 277 288 199 178 344 591 213 143 195 64 263 521 38 349 544 358 67 517 430 381 65 278 586 432
402 376 483 80 229 592 19 139 52 368 323 572 226 547 564 315 430 324 326 56 588 598 566 26
81 121 575 371 169 269 346 205 598 455 581 55 173 313 192 305
96 529 282 421 531 234 327 328 328 360 131 442 250 80 55 294 331 316 502 397 203 33 331 167 37 313 358 525 11 213 583 220 294 199 7 206 73 304 472 187 324 157 78 416 373 354 566 306 310 418 236 190 207 533 396 5 330 341 454 249 521 282 250 184 145 140 35 211 346 474 347 7 533 171 527 537 84 406 119 449 236 195 396 280 377 438 215 570 282 274 409 225 258 301 369 177 432 93 119 337 518 542 164 33 359 410 282 280 242 504 142 593 230 202 313 180 501 600 97 521 579 345 524 588 239 249 275 341 512 519 33 10
528 215 138 145 559 454 340 474 62 193 245 339 155 404 423 425 544 408 583 578 518 567 50 565 148 61 116 214 544 280 46 433 522 186 529 385 238 105 3 543 444 381 543 153 469 36 172 465 120 593 66 441 447 248 334 586 305 350 408 149 14 242 69 446 243 387 485 109 18 484 202 371 42 595 430 346 296 217 108 255 362 66 424 24 147 314 588 102 413 57 437 192 506 294 274 114 107 565 299 200 534 548 157 313 93 148 84 491 369 175 118 579 433 242 19 422 221 368 237 530 193 373 259 117 40 216 99 99 333 159 280 585 181 176 225 468 360 397 528 429 166 522 273 113 296 67 444 277 450 95 99 503 88 32 110 297 273 377 352 160 527 73 433 410 240 35 218 503 166 579 50 561 507 321 397 345 290 510 308 456 249 244 253 31 324 185 513 491 459
216 381 475 327 137 324 289 584 473 394 396 349 89 211 442 413 574 33 363 162 585 112 223 271 457 551 270 223 556 221 509 99 523 599 432 319 98 219 299 245 371 178 275 242 182 8 240 530 437 444 309 101 588 566 38 531 210 152 513 465 410 204 133 30 290 195 543 600 450 294 444 314 112 292 492 544 411 87 19 580 181
113 281 284 116 212 104 418 190 221 385 317 210 586 375 1 469 324 568 426 376 148 148 97 85 64 328 441 561 21 59 470 599 231 214 259 200 411 582 99 256 271 224 533 469 151 485 195 467 155 488 148 269 64 445 224 61 503 265 43 280 197 573 230 576 98 440 282 498 115 287 255 495 103
472
455 211 43 559 356 196 531 48 363 170 454 401 173 125 446 554 572 587 309 122 554 270 246 420 337 134 314 348 378 130 38 300 458 509 162 328 563 594 315 44 127 597 271 266 19 204 113 14 381 218 295 27 119 136 338 23 449 247 356 530 87 551 286 350 112 224 365 417 200 163 456 26 514 54 216 574 89 152 494 166 433 345 129
341 532 244 398 579 250 147 439 100 140 278 279 505 372 535 243 490 296 33 213 413 360 261
32 391 87 259 431 528 81 104 123 589 232 267 546 259 97 294 227 356 326 48 376 339 79 497 20 591 53 525 276 362 575 501 559 136 559 239 405 314 442 564 412 5 524 26 522 87 242 193 273 518 564 104 118 166 551 133 166 530 499 566 442 467 123 124 62 330 333 461 513 46 220 58 2 164 96 202 11 325 165 308 189 458 278 83 33 116 567 178 67 93
139 300 464 228 176 448 317 322 283 506 114 143 29 416 226 224 299 409 256 212 230 314 325 491 63 427 311 273 565 152 64 502 336 162 308 81 529 327 521 326 62 383 319 412 257 194 145 70 254 129 20 420 83 144 292 505 52 206 50 232 414 379 16 226 540 42 67 36 146 390 324 205 119 146 462 207 224 401 304 81 478 542 381 501 460 408 495 426 230 382 484 586 582 137 302 201 408 580 290 294 22 435 308 437 287 216 369 311 524 78 340 588 536 570 388 470 84 358 407 460 530 419 378 100 343 209 536 124 360 423 273 134 468 369 160 281 259 243 416 535 109 174 344 467 302 337 574 398 423 266 278 33 289 64 255 117 14 371 493 197 396 527 580 338 451 6 311 380 426 15 209 167 129 500 169 260 579 10 316 430 432 246 43 596 77 516 153 195 336 432 477
377 520 179 364 59 302 460 208 231 600 288 591 450 502 269 434 262 540 432 595 587 492 115 270 34 6 80 434 463 412 216 478 155 282 98 328 102 353 547 35 116 378 472 19 468 441 83 64 517 415 341 445 527 454 138 295 7 124 395 475 245 442 57 477 598 259 589 292 495 43 170 240 49 228 408 424 403 256 460 169 273 324 106 101 9 162 361 205 18 85 559 388 483 371 560 59 558 140 476 114 79 162 479 13 485 198 65 313 148 583 309 593 379 248 286 192 185 413 178 122 195 372 157 277 528 248 420 141 115 554 449 404 76 77 328 517 193 301 318 497 222 476 315 482 592 359 159 524 87 211 94 449 151 501 1 585 481 22 109 208 438 191 522 506 542 122 383 572 366 599 443 595 398 597 183 50 468 317 582 599 543 512 467 533 350 470 434 582 354 371 518 91 485 76 516 522 296 451
53 573 69 78 56 43 406 454 410 428 534 344 209 263 486 228 459 329 405 334 232 124 397 536 526 295 12 288 408 303 204 371 75 243 159
343 513 233 55 264 534 482 503 440 531 386 556 414 508 342 490 100 268 308 427 204 470 457 4 585 153 583 577 183 390 451 114 531 62 427 194 235 375 225 75 538 356 562 28 130 229 343 304 377 492 463 74 524 365 29 424 354 342 80 463 119 559 406 389 386 220 195 49 321 565 42 589 317 456 397 528 147 244 0 332 106 321 211 309 273 91 202 313 529 36 446 489 488 359 527 48 258 416 360 106 402 408 264 184 538 464 135
15 259 549 288 53 590 408 305 402 489 522 323 401 497 513 71 237 420 28 425 48 462 299 212 123 20 385 470 532 97 265 331 292 37 389 105 51 163 310 131 472 420 538 254 295 460 389 361 115 511 333 260 499 423 347 361 21 512 246 487 387 593 29 408 315 487 85 450 254 148 567 255 41 560 246 309 214 298 141 436 340 300 432 26 425 551 214 391 200 393 538 82 437 566 431
557 203 224 550 501 483 560 444 172 559 525 388 589 448 43 523 323 55 203 538 505 137 585 555 410 571 450 294 233 569 51 78 249 432 169 112 588 464 395 240 249 274 374 426 437 206 575 541 523 269 113 168 204 140 244 166 511 561 352 226 545 204 545 510 111 175 91 369 122 510 527 255 3 406 458 204 107 470 153 492 406 165 190 411 590 186 219 207 367 534 218 377 82 43 505 124 473 317 597 459 208 565 352 53 233 523 402 417 8 19 496 90 65 335 459 103 388 379 599 307 43 450
497 146 146 283 66 418 114 588 548 109 419 275 458 524 414 455 342 217 411 128 140 301 520 51 246 319 512 331 345 342 347 247 170 498 475 6 121 262 503 25 106 231 290 353 177 355
183 544 419 294 161 9 562 530 141 430 199 542 230 375 170 346 430 443 390 253 269 449 566 242 165 261 379 142 187 253 392 468 194 329 583 154 88 440 407 240 498 231 279 416 29 467 294 491 450 332 276 225 310 230 272 35 537 64 123 477 466 384 132 565 441 212 60 563 488 456 578 356 48 213 285 418 172 591 533 490 350
583 130 137 300 424 306 478 333 25 497 330 51 63 463 43 48 33 61 1 288 115 6 536 559 357 563 433 414 313 456 145 412 66 382 584 242 487 474 52 595 412 573 210 287
436 114 370 569 590 586 581 365 462 57 409 353 131 249 249 452 541 106 56 379 338 94 53 404 516 355 74 364 362 482 206 561 201 381 106 85 353 530 473 351 405 364 236 571 127 329 98 282 254 486 340 80 269 233 248 226 277 497 103 127 166 35 403 213 279 589 408 93 101 450 374 68 230 549 436 290 304 263 34 75 598 142 390 362 69 8 516 189 235 420 155 485 564 335 47 33 158 207 518 579
337 480 539 500 40 90 99 561 390 484 184 314 469 305 314 553 516 114 197 404 430 351 400 191 558 471 532 275 356 597 441 593 124 316 3 346 97 231 459 568 448 54 402 49 203 73 210 488 174 409 315 110 36 206 447 450 341 340 504 302 252 17 31 304 297 114 495 582 203 124 515 236 25 117 470 263 24 226 91 404 163 317 124 366 520 256 493 349 294 370 514 15 550 573 171 503 261 563 372 382 516 462 184 141 250 392 593 188 314 296 367 311 325 188 33 541 390 592 58 133 392 193 170 221 142 546 324 136 285 59 84 442 309 283 272 306 150 234 66 403 216 350 566 213 96 182 151 112 151 454 523 92 288 43 404 408 109 322 405 309 465 447 117
133 193 427 33 307 57 221 395 33 474 525 383 196 314 22 15 261 8 104 471 81 197 296 408 578 489 378 159 539 467 224 600 547 34 529 430 439 353 418 330 320 202 261 228 75 447 282 511 521 187 305 220 555 371 59 519 329 148 182 463 389 396 184 488 112 200 499 108 131 402 5 523 381 218 356 584 255 72 103 484 250 44 400 428 76 479 10 13 182 589 479 263 190 85 533 9 464 486 462 40 464 284 440 184 46 350 523 151 64 572 494 542 271 310 210 325 342 333 52 399 110 17 521 543 293 331 169 347 276 410 501 82 403 16 278 294 289 361 312 212 539 27 62 503 230 449 467 13 587 74 459 485 206 566 256 500 499 7 385 461 38 399
119 26 526 381 447 248 270 366 419 21 446 501 33 309 554 198 279 377 450 245 22 160 542 22 585 439 302 502 467 113 64 54 179 69 242 517 190 94 547 365 74 44 338 587 377 162 131 183 53 216 218 137 235 305 242 499 11 3 263 247 371 189 459 172 173 428 563 498 557 320 222 152 491 545 225 596 274 452 326 366 72 49 4 589 531 583 164 13 578 225 192 113 237 578 195 157 231 338 91 214 239 63 150 126 36 366 550 187 30 322 407 399 12
2 32 280 376 455 463 67 7 334 5 389 523 165 312 363 388 148 439 471
206 575 92 564 569 21 58 270 501 204 95 543 321 427 427 273 420 481
118 330 531 414 189 591 552 172 335 577 66 15 519 200 177 541 574 95 448 465 97 301 247 85 430 372 315 518 388 412 449 162 469 141 159 377 509 192 125 342 422 600 45 509 548 415 351 222 277 143 525 332 14 35 462 108 269 71 411 436 402 441 439 370 353 290 243 266 345 442 113 555 295 357 28 562 594 398 108 395 98 598 115 228 97 555 535 266 515 232 441 297 111 62 558 587 256 344 95 491 560 326 175 571 107 300 507 462 266 185 24 212 455 132 463 321 298 490 517 575 19 131 136 520 163 568 52 249 72 521 270 383 192 537 329 347 337 463 364 94 374 47 102 200 155 59 112 105 320 489 9 504 442 494 326 239 359 351 241 275 247 548 427 323 504 268 203 339 136 416 461 198 50 563 515 464 241 33 570 485 4 189 171 568 187 13 12 495 412 327 149
397 571 13 246 356
349 202 74 393 523 32 580 181 381 272 370 373 277 39 537 551 349 192 580 525 57 376 485 273 0 53 511 407 410 251 461 159 166 0 345 564 97 451 415 76 55 578 544 326 212 547 495 424 42 382 221 540 391 299 438 125 210 89 516 167 308 241 270 301 423 488 395 22 19 98 171 143 233 264 252 336 270 24 236 6 535 403 152 250 284 580 22 514 26 505 456 139 354 158 374 455 532 188 379 579 482 137 422 453 32 581 262 116 219 500 152 462 136 260 107 541 210 316 17 467 260 38 378 255 61 552 131 251 83 429 371 267 318 245 21 396 189 344 483 261 492 179 543 187 516 202 517 384 28 512 237 108 339 582 363 381 58 577 544 378 279 135 558 8 235 116 262 256 546 275 118
136 123 357 497 179 151 35 213 56 450 105 110 600 514 582 307 106 437 118 109 10 192 362 310 216 283 472 109 375 455 99 386 86 39 449 182 86 83 35 451 114 401 197 285 589 294 417 555 593 559 306 449 535 119 113 359 271 581 270 301 469 260 338 179 317 356 301 397 296 419 253 82 569 366 475 338 68 107 320 240 281 84 204 447 497 280 261 491 51 359 469 409 335 158 513
322 308 271 278 431 271 536 439 557 72 300 149 75 269 557 28 301 212 385 432 339 271 402 373 595 340 126 440 450
395 232 80 317 457 163 537 338 478 189 59 125 303 305 231 86 481 407 294 567 515 163 453 63 415 441 241 333 457 161 586 58 62 304 68 180 543 88 12 107 142 599 474 277 319 227 72 582 179 379 152 75 169 548 184 24 56 443 50 91 150 485 234 500 473 556 417 485 84 82 19 19 222 463 210 242 191 167 412 80 510 167 307 64 419 2 547 538 302 92 89 150 326 313 582 451 201 583 127 121 79 588 460 154 333 25 166 325 187 542 203 456 184 344 379 379 361 527 436 111 581 87 561 495 414 566 168 93 430 431 585 575 160 64 66 121 339 280 472 587 202 423 521 21 345 102 18 565 259 369 507 39 452 125 289 48 318 255 370 131 195 162 523 175 277 547 513 57 333
309 486 359 427 358 579 308 8 172 117 444 572 270 501 410 172 329 541 364 50 252 417 413 33 363 372 26 418 149 490 208 70 266 80 252 147 296 532 425 381 237 42 257 180 515 584 300 121 130 485 141 488 234 143 121 276 512 493 64 194 177 176 212 9 494 368 493 247 64 198 105 327 187 489 480 200 370 110 184 168 276 267 372 416 103 443 133 549 599 32 9 39 529 553 103 406 138 330 519 100 574 77 395 414 258 428 262 454 232 331 107 270 547 137 472 355 302 4 410 261 556 434 317 119 403 276 594 377 448 172 526 304 194 88 455 29 289 152 380 277 29 541 390 277 173 579 199 519 575 375 578 496 7 318 573 431 63 484 86 457 13 489 478 247 437 91 566 207 450 372 301 482 88 133 268 36 390 300 216 422 300 588 591 233 324 183 476 30 5 73 66 27 29 321 522 556 113 67 256 136
397 541 111 426 5 378 563 36 104 190 125 195 254 166 364 470 272 329 270 81 254 482 483 144 216 324 570 146 305 564 149 527 586 473 523 6 355 97 129 64 286 64 575 570 172 589 31 392 557 121 269 158 512 546 418 211 234 148 448 468 321 596 486 511 262 116 486 600 573 369 380 473 301 199 244 334 211 288 433 485 382 345 90 154 49 146 497 495 377 201 52 170 599 575 57 507 312 173 99 367 507 242 435 561 94 357 472 480 571 444 304 159 437 550 93 338 343 493 239 236 49 302 572 282 540 455 542 471 88 265 434 447 167 397 267 452 374 187 303 91 220
44 507 441 417 430 213 17 147 411 362 450 456 228 420 201 81 149 399 427 436 159 145 168 120 417 307 436 320 244 530 564 527 559 118 325 277 95 302 471 193 142 452 277 71 334 444 22 252 498 485 522 568 577 489 395 430 204 358 113 446 48 553 400 156 259 232 34 502 415 417 450 346 587 101 130 164 23 495 520 438 524 306 110 265 195 283 472 147 19 281 112 178
422 130 430 545 448 207 120 471 272 249 544 454 214 555 235 95 213 553 123 371 332 129 510 380 155 111 258 441 43 227 82 10 422 325 576 310 73 539 570 143 218 556 312 586 111 377
55 209 321 587 567 362 301 273 399 428 49 30 360 145 35 227 181 38 244 29 159 291 424 25 78 28 363 106 579 598 326 34 320 482 563 249 361 507 373 63 166 576 533 315 421 72 53 499 35 414 588 81 473 75 145 436 342 419 362 142 465 464 558 444 395 125 184 55 213 572 286 504 75 413 213 542 522 155 368 197 569 579 423 464 140 469 59 190 430 583 565 560 170 338 181 185 211 337 24
50 324 456 446 71 53 239 540 72 490 359 436 489 501 56 68 70 177 61 363 217 425 348 177 532 94 57 36 343 168 15 296 582 492 232 166 445 195 0 440 66 384 478 343 251 77 529 451 572 101 178 320 332 482 366 513 34 254 495 142 196 259 566 294 132
433 339 339 524 100 61 537 157 364 553 230 271 14 157 382 206 367 274 43 247 408 41 410 474 457 459 341 128 539 305 175 351 454 127 450 150 579 188 397 571 251 550 39 169 203 548 493 571 429 101 262 204 540 323 207 10 272 576 56 484 153 57 35 216 200 258 129 98 220 507 407 453 223 302 521 111 391 84 597 67 456 38 500 172 307 121 582 542 278 25 206 487 141 64 145 158 83 535 246 369 185 263 372 150 273 522 329 152 372 363 419 268 188 548 402 415 468 522 19 293 27 113 86 85 118 505 520 343 112 529 277 13 300 577 157 439 195 171 140 375 352 124 191 36 67 280 315 570 311 258 499 466 45 162 53 416 71 259 586 83 544 81
417 199 591 378 173 270 314 335 565 539 488 584 488
117 496 388 476 488 142 56 508 503 200 331 432 293 555 263 534 71 363 556 60 286 10 260 580 465 408 518 35 11 167 99 5 35 460 263 323 274 347 135 353 6 298 588 424 200 57 571 539 279 570 585 475 412 153 308 310 546 528 314 385 98 542 336 100 560 218 526 297 299 297 411 411 361 167 8 170 461 153 536 461 585 41 256 494 529 37 410 220 592 431 553 43 307 553 566 13 401 252 186 322 20 140 129 547 516 496 375 413 91 396 521 256 588 596 378 571 163 483 297 301 109 360 54 266 235 104 281 170 555 283 146 378 98 197 277 307 62 72 516 197 352 201 151 297 444 276 588 101 541 385 538 490 98 229 481 256 300 109 64 383 403 172 481 326 348 296 301 176 217 322 53 486 84 116 227 83 116 145 521 520 327 280 17 516 504 312 130 491 109 542 368 309 296 548
0 487 135 491 382 459 331 505 325 589 63 386 56 349 125 304 528 324 453 389 395 127 248 570 517 160 231 539 425 342 308 360 175 588 498 317 146 389 522 20 544 276 323 40 384 110 103 588 414 284 425 210 99 436 108 91 446 145 337 147 188 305 224 222 467 273 190 409 47 89 142 206 596 168 357 321 113 252 421 419 409 329 367 64 332 38 559 402 449 387 105 119 176 496 446 98 568 362 507 304 599 513 97 371 220 138 189 472 542 581 334 350 397 190 31 428 492 124 135 154 497 90 5 176 503 562 571 317 381 275 80 265 428 582 192 61 98 295

90
219 318 54 350 133 40 209 231 429 377 387 203 20 36 172 194 397 38 17 282 142 305 219 386 552 72 34 360 286 339 62 578 152 352 462 567 35 167 520 443 371 44 286 20 410 503
197 379 291 108 280 390 203 185 484 255 65 575 63 114 145 280 416 392 572 162 501 391 92 512 165 447 266 260 410 384 161 119 248 557 350 371 3 43 298 563 282 468 349 138 188 94 153 506 156 64 552 415 326 46 223 140 430 241 495 560 529 157 339 69 516 556 111 558 545 226 116 104 354 453 417 389 167 540 553 195 529 576 165 422 584 75 298 231 543 571 239 150 414 36 546 314 237 506 16 213 349 513 36 113 201 366 265 292 150 38 21 219 485 75 440 153 301 408 586 265 484 428 206 309 291 286 112 245 189 190 468 56 349 525 385 129 493 398 308 555 565 518 600 445 338 474 199 93 594 405 82 58 356 66 519 494 150 354 380 336 165 491 241 330 301
34 155 79 69 194 159 2 585 118 593 199 189 193 192 311 513 274 541 2 123 531 503 315 128 462 100 265 304 120 403 474 118 355 465 583 151 67 144 587 338 83 570 26 457 283 517 109 279 474 535 220 430 447 56 141 19 481 422 548 445 106 33 528 375 517 175 130 511 478 104 475 46 174 413 564 273 204 264 452 380 506 351 50 339 75 585 146 511 217 354 294 137 347 361 540 368 482 172 325 265 50 472 299 405 296 173 163 590 281 579 273 9 315 115 290 25 598 527 201 386 460 297 300 279 209 456 178 327 584 16 424 386 207 65 280 62 70 85 593 390 600 588 476 464 459 301
562
488 475 264 485 254 234 589 238 472 138 494 187 428 538 146 501 428 485 96 243 209 550 129 134 339 136 504 361 424 259 237 405 440 147 391 219 358 161 215 533 352 524 442 158 152 59 49 108 447 455 500 538 256 210 26 432 47 154 303 468 492 264 497 170 487 171 396 560 314 521 314 483 553 209 281 475 351 507 385 147 137 1 101 62 576 0 122 125 165 75 227 600 571 533 426 38 352 402 138 574 88 440 6 316 461 561 383 421 408 399 493 144 365 210 585 497 350 251 222 114 161 49 526 355 430 196 156 408 247 54 46 542 460 94 394 68 16 422 232 298 221 59 425 496 209 479 457 194 534 37 141 180 494 380 295 18 541 340 436 262 489 599 148 373 72
448 595 436 46 230 202 107 318 285 117 250 471 293 498 107 159 154 471 246 117 47 588 319 102 466 546 157 516 357 210 568 277 596 513 300 2 325 102 504 520 407 512 173 39 425 549 596 452 250 588 172 418 432 370 414 407 283 10 348 245 411 260 573 164 223 254 456 261 161 575 444 215 328 20 499 560 249 505 284 141 57 140 574 234 88 267 48 294 526 123 255 505 543 533 3 424 527 398 55 139 408 387 20 294 542 530 368 362 398 118 93 332 203 536 597 137 492 479 561 83 256 259 512 431 465 113 50 246 471 394 497 127 77 60 211 51 325 163 481 161 253 201 163 77 201 118 318 338 260 98 504 506 314 324 405 102 413 390 448 496 554 197 391 4 495 227 349 476 70
194 149 555 250 452 171 533 387 142 323
489 252 182 296 589 512 443 114 381 328 84 14 389 353 445 9 371 1 366 358 35 199 139 53 415 185 253 510 212 461 115 441 127 301 316 139 7 9 44 587 396 70 145 226 343 66 454 252 526 348 600 128 225 136 205 203 312 264 306 542 194 481 556 104 72 166 516 402 278
75 470 54 531 330 234 156 29 135 505 32 531 434 522 278 449 333 92 409 362 395 77 496 270 180 576 149 362 221 389 478 522 308 290 305 22 164 80 583 265 14 297 157 577 453 549 589 256 15 189 249 414 534 600 5 89 464 600 280 465 348 180 533 522 237 372 38 208 457 237 589 108 212 251 592 387 491 222 146 332 246 180 530 65 201 392 466 451 427 335 504 21 47 542 503 248
308 569 91 9 53 398 79 488 434 415 216 197 548 466 296 328 501 398 151 524 142 347 160 561 331 463 128 184 508 78 115 472 302 517 351 394 200 573 474 531 543 78 441 333 178 469 315 540 421 254 511 548 530 244 425 584 76 333 304 549 3 573
579 291 271 139 217 392 261 407 190 485 598 294 47 387 462 295 178 308 34 133 161 6 143 330 514 218 202 250 271 555 397 525 341 22 538
414 461 536 535 498 330 378 399 190 318 169 526 157 432 491 229 303 576 352 133 94 317 544 226 314 166 342 575 324 476 33 81 462 145 231 494 494 552 478 17 327 410 440 569 309 515 102 179 470 195 580 591 283 396 306 254 377 216 582 16 464 53 409 553 371 135 322 523 84 35 481 132 56 266 160 511 233 535 183 130 4 343 119 333 44 246 358 46 207 355 119 532 195 249 72 595 547 148 108 465 570 526 390 188 206 256 331 488 326 479 8 243 84 465 417 255 120 371 286 45 435 28 401 91 585 42 252 358 478 255 556 344 426 550 12 88 232 161 191 3 461 370 340 262 436 357 377 381 588 210 26 213 151 373
292 202 159 270 598 14 80 39 307 379 17 25 509 156 138 525 167 210 167 266 595 529 20 166 224 315 95 136 247 247 158 117 462 29 221 36 362 575 196 316 576 503 355 93 491 45 426 525 300 317 254 358 79 397 299 584 490 565 330 419 590 161 574 388 224 220 162 423 425 484 185 468 580 270 140 36 200 207 12 564 478 121 453 558 94 104 449 7 218 30 596 470 397 290 581 561 47 40 16 363 355 28 488 400 85 216 597 133 322 530 131 406 128 223 460 596 128 463 187 446 62 314 5 292 220 272 528 292 353 90 418 553 369 83 539 556 62 425 479 298 118 264 406 409 420
307 70 169 334 359 171 544 426 462 365 15 4 537 582 258 533 328 124 254 366 576 409 535 21 564 542 159 193 350 221 449 36 530 488 272 44 314 114 174 518 194 446 594 351 386 93 497 146 18 103 245 511 563 235 30 128 118 267 70 110 256 346 600 305 224 564 565 117 380 555 60 198 141 325 53 596 125 318 514 25 297 546 300 241
359 368 406 158 137 440 480 206 341 73 95 112 574 467 215 442 213 573 550 287 306 8 223 465 89 192 381 225 68 526 446 468 191 480 118 239 157 266 531 409 347 166 217 505 478 71 165 285 300 346 421 306 176 527 75 175 288 450 169 67 312 53 284 530 32 53 492 228 453 325 595 157 232 396 469 62 69 550 507 27 429 88 237 316 184 477 399 114 94 282 116 244 435 84 371 510 204 426 162 100 517 589 313 558 28 269 541 362 207 600 274 192 325 405 184 112 333 538 176 153 518 233 433 223 49
206 516 485 290 592 566 319 232 535 549 39 50 48 411 481 581 225 279 305 259 284 204 512 488 580 515 52 185 113 552 149 406 49 519 275 287 578 141 162 166 72 94 390 97 579 159 24 156 358 47 393 167 154 557 413 169 84 372 441 453 145 481 127 100
422 443 355 411 468 196 46 173 72 82 448 406 559 375 284 173 64 5 492 430 350 279 486 189 354 122 42 416 581 38 514 101 65 510 258 399 461 500 50 541 502 117 472 439 98 22 295 363 519 588 74 263 267 198 377 291 446 435 395 281 55 537 152 57 176 281 333 496 527 205 467 355 426 555 511 392 325 412 360 421 346 364 545 111 367 566 294 85 511 216 442 105 457 2 184 412 599 36 566 223 323 83 342 349 589 574 20 305 182 444 240 527 439 36 553 125 87 465 481
403 308 290 431 214 561 102 9 310 210 243 176 426 85 416 499 366 61 515 314 101 438 313 168 374 210 302 544 436 131 229 283 484 275 100 152 502 366 394 59 123 50 69 587 287 446 378 116 225 321 181 277 94 166 364 570 541 190 562 122 20 104 589 105 567 174 134 429 238 24 164 572 387 162 209 561 292 14 542 158 424 354 155 381 162 165 118 86 309 522 413 483 259 78 26 576 319 394 480 156 447 105 307 568 71 439 309 284 338 504 183 257 249 317 139 98 36 371 461 453 319 467 23 508 407 435 196 149 184 249 514 354 489 586 318 45 355 47 108 108 45 350 491 225 199 103 397 399 260 211 547 142 15 464 135 182 89 223 151 216 369 484 465 573 560 311 92 318 262 113 583 596 461 376 544 491 36 246 362 297 401 413 113 261 589 376 300 85 208 233 363 82 419 432 408 434 344 269 303
250 474 60 460 298 591 303 110 357 448 234 485 532 0 25 56 562 515 164 517 459 412 78 455 83 118 476 243 183 111 45 429 328 252 30 153 448 546 224 10 21 313 186 497 93 392 323 138 325 341 411 468 389 90 253 281 58 286 480 387 451 425 436 373 549 578 47 374 488 94 452 167 527 26 27 230 570 557 392 227 268 156 459 426 21 485 373 344 473 126 501 350 281 462 588 269 249 406 461 40 548 520 349 347 44 263 343 363 263 448 73 161 472 74 557 372 151 511 442 216 185 153 339 142 270 330 11 188 51 164 94 306 154 331 182 35 146 316 274 244 415 435 69 243 401 267 328 212 489 501 513 21 405 306 399 198 32 275 185 341 550 10 427 291 464 264 7 369 310 32 405 19 64 125 515 471 388 365 31 285 217 429 491 554 94 527 325 233 409 262 391 479 312 134 391 6 114 504 231 6
534 235 161 522 499 378 183 500 204 352 397 252 530 168 430 558 506 254 44 377 394 541 470 242 428 114 316 25 147 172 484 273 499 28 0 347 64 85 550 510 35 538 381 159 391 277 371 41 218 227 203 434 578 444 283 157 481 498 359 83 523 115 584
254 543 103 88 253 302 58 469 404 118 425 447 579 7 273 427 583 119 558 244 291 544 432 129 246 426 554 133 432 498 163 415 230 313 212 598 86 100 283 398 525 525 429 306 411 332 77 147 235 351 71 147 428 199 5 328 310 116 218 444 413 466 421 424 252 306 218 277 164 92 278 199 220 341 548 417 228 595 20 101 193 32 317 37 136 463 20 13 383 573 259 124 134 569 446 162 474 368 220 228 210 466 409 347 434 569 353 61 104 531 257 143 300 74 221 80 205 26 518 418 289 78 63 71 352 190 520 499 316 390 141 358 584 288 309 332 42 59 146 398 77 214 568 236 251 326 133 388 304 597
349 294 1 144 501 42 100 418 352 323 369 295 72 291 315 411 388 281 390 514 403 475 407 40 142 138 175 103 25 218 35 494 260 352 471 278 546 419 322 102 240 513 112 180 592 128 507 193 476 535 18 591 265 369 173 294 105 526 48 241 85 192 580 380 270 34 106 325 503 596 402 34 249 151 220 418 287 573 462 391 219 277 197 36 436 373 153 593
34 498 473 124 34 261 538 254 55 433 53 554 530 289 189 344 18 205 527 338 540 505 383 404 235 585 561 516 5 325 280 538 506 381 382 185 423 91 4 371 57 182 500 407 565 517 220 544 504 597 468 592 34 427 508 262 416 348 434 248 218 541 533 512 387 418 92 592 387 467 274 73 444 174 565 17 421 439 108 505 63 237 244 171 38 120 299 224 404 382 254 465 553 162 126 31 39 78 464 416 228 152 302 313 275 433 412 41 443 361 194 29 459 445 372 166 579 61 444 399
371 379 566 48 151 438 17 523 591 452 137 160 429 467 116 232 488 30 540 430 81 382 278 243 493 402 364 392 470 297 102 297 381 194 564 338 505 320 259 99 529 192 14 515 415 123 88 65 65 86 343 70 349 265 442 281 339 141 441 244 477 410 329 332 301 364 529 424 571 120 346 189 407 336 479 88 62 447 326 92 561
516 16 429 448 450 537 593 137 155 48 171 496 352 443 149 137 355 414 466 340 392 36 493 292 515 530 584 296 111 389 409 600 107 286 60 413 371 233 10 130 547 482 558 384 459 418 547 109 241 388 54 323 577 490 538 500 492 260 201 201 143 186 576 543 481 326 189 245 147 305 270 43 215 37 352 519 543 327 599 14 527 276 45 66 266 590 157 228 49 203 222 587 595 196 560 533 518 199 291 335 313 542 440 260 599 178 268 298 41 530 357 276 284 373 145 285 50 439 575 301 352 338 509 212 3 215 482 258 367 482 153 196 584 279
211 270 539 587 543 58 575 494 318 38 247 457 551 279 239 132 195 132 132 73 370 265 495 587 372 528 466 503 324 442 361 374 549 3 390 140 371 500 522 479 153 32 474 384 452 2 47 61 587 135 136 435 108 467 545 206 304 455 372 590 287 358 138 308 450 38 565 460 188 180 425 278 375 301 380 576 223 462 344 424 363 315 529 522 161 232 313 350 479 9 397 44 19 370 95 308 142
364 231 405 179 526 239 435 143 534 72 195 92 119 331 12 5 284 503 523 593 320 473 497 405 388 599 93 535 215 99 220 65 530 147 143 519 81 317 178 259 544
216 145 457 555 150 11 53 62 526 144 509 506 567 375 31 319 321 70 39 529 181 217 534 436 355 431 598 236 417 284 339 467 38 107 312 279 306 118 162 414 586 262 283 357 271 519 161 19 79 424 263 442 362 268 107 277 514 400 106 153 381 598 70 230 561 538 323 86 163 582 563 27 404 153 83 201 85 274 314 531 488 72 474 404 452 235 508 477 68 203 39 582 248 143 27 129 285 559 494 351 128 464 121 469 444 146 242 566
34 216 164 116 106 138 197 373 439 591 375 11 396 124 135 451 260 380 561 448 223 452 400 407 125 176 176 31 460 231 276 342 576 292 195 179 246 273 338 436 482 593 76 249 323 221 391 449 304 372 44 516 206 431 162 9 44 567 171 228 256 220 58 516 252 123 248 516 267 428 495 296 488 176 422 230 213 440 158
228 202 68 315 384 432 230 216 21 171 388 82 99 144 393 362 193 142 380 355 123 514 102 136 67 22 216 535 255 307 131 169 57 410 28 344 547 463 368 392 213 53 181 304 145 538 141 421 136 222 160 260 435 469 275 533 428 416 447 103 411 224 38 440 324 266 100 25 99 8 209 404 112 188 563 204 230 372 186 157 320 554 181 145 527 553 36 359 195 224 271 411 13 422 557 11 111 245 472 107 467 559 230 584 470 492 588 84 527 548 253 599
143 275 231
217 384 570 445 98 568 218 550 580 589 29 166 580 336 89 115 502 411 344 498 137 408 382 216 210 556 252 530 391 31 557 147 483 454 108 34 74 440 467 267 67 590 195 553 175 182 441 24 504 281 488 305 583 315 522 133 555 21 114 142 341 243 449 243 111 79 592 577 238 387 256 377 287 301 267 422 150 169 30 34 541 342 409 53 228 206 263 39 3 386 14 66 484 540 107 56 48 491 569 174 353 350 457 60 401 250 312 9 97 280 153 501 493 229 415 509 417 460 253 239 391 335 159 326 337 226 193 445 15 61 582 219 361 64 371 231 122 176 306 553
104 298 387 136 176 282 120 5 493 275 447 489 325 375 179 292 86 296 578 161 12 391 359 301 471 133 361 95 492 427 19 92 554 88 486 286
205 214 102 112 184 21 177 131 47 159 275 348 312 422 275 339 335 35 458 131 454 589 542 394 565 551 157 448 334 11 578 310 349 24 290 169 197 307 22 26 221 29 9 277 567 398 522 104 364 95 23 538 34 202 168 88 174 430 184 506 281 588 67 466 541 43 358 111 535 5 425 440 496 266 489 501 352 3 359 204 201 403 506 3 178 575 93 528 224 277 179 100 88 423 161 547 559 29 39 73 228 92 377 447 423 156 293 257 518 131 370
51 250 278 14 169 408 503 274 27 168 308 498 193 345 111 383 526 282 213 275 390 485 306 362 240 408 596 364 105 338 109 220 307 379 436 343 472 592 417 430 152 236 307 308 40 325 586 539 89 142 230 518 219 161 78 573 82 413 153 302 323 485 536 448 426 118 52 285 210 215 122 280 478 250 86 416 413 343 392 279 243 219 101 372 146 309 18 367 326 398 582 320 347 522 322 432 458 422 389 411 526 458 289 475 190 16 244 471 7 362 576 528 366
106 383 478 58 286 74 76 31 580 192 339 402 585 535 511 124 363 226 296 121 562 476 289 457 92 549 485 467 171 117 132 449 600 89 56 467 389 461 421 184 413 493 297 284 224 252 538 127 474 507 443 301 351 363 200 377 16 381 244 578 102 526 173 563 136 108 286 120 394 468 410 247 78 112 268 573 572 481 250 340 580 122 479 421 434 192 520 384 437 48 264 7 299 431 20 191 408 226 149 33 425 103 243 268 289 339 171 36 503 531 459 102 392 269 401 597 219 494 103 161 287 550 321 64 196 138 423 527 315 565 334 346 11 323 492 485 422 376 591 522 273 333
408 459 210 481 326 75 83 104 481 103 375 379 376 415 444 131 186 577 187 82 420 358 368 249 529 241 362 114 148 478 128 12 196 423 507 284 562 162 116 23 489 263 393 110 579 502 271 444 320 271 222 417 574 229 192 402 390 549 403 239 579 168 163 137 273 348 164 308 497 217 129 68 297 35 48 213 280 466 105 559 543 285 96 283 20 418 300 144 488 83 68 410 52 498 39 241 58 6 292 521 266 98 373 159 487 241 162 0 313 445 413 527 89 528 102 346 235 421 435 253 73 49 167 448 126 214 275 537 564 191 323 529
198 314 75 423 11 232 110 313 36 397 117 123 305 208 181 205 562
269 450 80 452 286 541 100 137 21 599 64 135 193 3 557 343 70 337 421 436 207 310 446 480 187 24 326 257 331 80 408 541 59 568 343 465 298 433 31 570 212 319 543 76 265 304 83 68 369 37 582 220 532 567 103 317 311 440 585 75 567 436 161 451 105 77 116 395 84 17 67 157 483 49
123 373 34 558 81 163 533 465 261 237 246 300 204 492 528 436 156 224 25 188 525 229 248 24 312 121 474 22 220 415 243 399 589 136 583 516 32 22 71 0 146 108 93 367 168 19 220 208 144 144 299 327 312 71 140 501 250 101 579 226 141 246 511 505 191 3 73 167 330 516 233 403 37 514 39 501 388 44 290 532 178 124 440 27 342 365 99 526 183 570 201 33 306 133 380 32 516 328 569
496 246 336 586 563 597 503 273 45 340 543 240 36 205 559 373 583 502 157 406 527 95 154 41 310 241 360 214 349 22 38 524 6 512 155 150 95 200 410 493 171 309 296 288 45 329 101 80 524 550 200 547 493 444 201 317 408 175 168 321 160 308 319 250 532 59 283 314 355 453 135 16 306 329 11 15 93 281 295 188 277 257 409 570 549 345 537 72 508 174 142 335 348 177 74 339 535 589 460 425 528 317 300 219 508 551 340 418 65 145 29 301 126 584 189 395 380 364 319 351 299 431 212 462 596 38 383 501 423 419 527 97 519 119 526 362 192 75 95 232 32 132 597 2 486 239 131 278 459 484 174 55 127 332 528 310 482 245 128 443 376 66 24 115
162 231 378 570 322 441 260 20 249 81 226 405 556 277 574 580 139 154 96 415 306 95 145 124 231 567 232 479 30 90 24 155 380 161 78 194 172 411 254 559 289 191 528 111 243 515 537 78 434 506 9 56 547 199 113 200 182 412 556 21 276 29 153 355 133 9 218 247 12 314 113 239 511 349 29 517 440 283 52 534 180 508 316 149 133 307 265 330 166 239 9 525 54 454 582 281 539 292 311 228 231 541 28 244 299 375 443 352 187 244 572 330 304 516 442 534 125 252 259 316 437 414 153 426 510 101 63 481 43 593 413 329 383 555 92 421 121 501 556 390 405 170 569 137 517 484 81
162 369 52 36 559 107 108 399 426 374 40 364 78 137 109 14 528 501 171 60 85 391 275 82 217 99 294 82 2 140 553 579 418 89 368 338 197 229 300 406 49 449 166 383 220 84 35 240 62 90 213 587 328 446 587 89 35 595 332 332 77 569 466 52 262 385 88 47 401 83 75 305 256 282 0 219 306 112 585 346 134 227 483 201 279 193 538 141 23 471 288 264 221 491 446 148
111 202 403 212 477 315 59 376 151 225 150 579 79 150 239 451 181 121 472 456 76 553 282 382 163 131 291 374 7 182 260 229 578 312 534 129 546 97 28 218 283 78 450 94 114 130 282 563 475 212 405 147
317 506 409 505 451 539 337 477 306 125 349 250 375 0 210 350 292 224 443 461 64 423 73 392 392 389 45 354 577 425 462 171 430 545 403 227 242 58 523 333 499 9 54 561 74 523 377 46 269 298 26 88 205 49 244 542 393 277 410 99 228 591 476 470 405 12 572 552 167 60
219 238 117 127 420 567 188 236 44 410 236 157 144 469 478 319 158 379 212 30 578 489 41 36 407 484 435
74 494 563 100 567 142 104 192 599 153
224 426 573 191 313 312 231 212 468 34 308 428 185 598 246 22 304 135 151 299 281 72 461 50 252 536 113 300 276 326 268 18 78 71 516 466 513 290 293 459 331 488 143 91 248 190 380 258 118 462 548 253 527 102 130 491 196 143 536 563 422 123 489 147 281 575 304 406 201 60 316 21 588 221 430 266 471 231 586 241 561 537 293 503 180 55 148 356 507 526 204 312 11 32 415 539 597 439 279 90 222 457 134 378 228 445 19 559 471 416 307 572 370 414 119 146 144 66 195 571 215 78 269 480 186 298 323 16 336 400 30 190 292 58 162 23 53 326 263 50 332 407 161 507 481 42 243 84 171 195 579 458 507 482 568 371 38 568 401 80 551 246 479 237 68 485 577 123 36 503 181 54 246 235 208 436 325 73 436 115 331 42 246 127 36 152 32 364 267 543 269 424 58 106 300 477 350 522
140 187 417 334 469 170 70 484
5 524 255 547 587 284 580 571 115 0 310 213 257 417 559 566 50 110 136 582 296 451 574 532 54 419 177 460 485 95 139 169 488 95 164 246 223 599 388 426 2 583 50 422 464 534 533 482 463 385 295 128 21 96 302 399 249 504 600 368 410 233 3 580 362 72 422 482 107 460 119 438 128 9 538 10 101 349 544 164
63 61 359 571 2 420 148 595 268 351 222 545 224 504 516 538 131 49 521 145 0 49 378 483 159 383 282 360 355 296 571 341 166 252 217 189 337 370 585 310 296 491 389 420 88 60 372 391 217 199 121 475 248 87 180 427 595 125 219 88 16 482 506 172 266 17 596 511 494 258 402 477 442 43 211 574 435 163 460 154 431 216 152 458 401 189 272 155 213 127 14 4 464 134 413 316 5 16 482 114 162 190 301 63 343 33 410 557 206 419 24 248 269 152 37 143 269 164 451 533 148 293 124 244 121 591 300 263 299 559 52 121 426 515 532 330 337 11 375 77 453 43 51 23 230 461 6 152 397 564 247 217 452 514 438 307 4 382 234 52 271 213 406 448 173 172 247 71 377 10 75 479 558 66 10 287 369 243 47 301 25 126 85 69 479 123 164 496 153 357 509 265 514 444 248 64 188 95 112 105
223 21 544 207
376 118 578 191 596 568 304 292 596 359 445 138 302 529 592 68 485 40 48 318 213 181 477 221 409 234 468 480 146 110 420 537 464 574 90 115 440 481 59 551 15 254 446 519 559 411 497 314 3 560 429 551 456 314 534 242 373 425 517 570 550 172 319 358 159 305 27 47 267 524 450 401 274 543 596 336 224 434 56 81 275 527 406 314 133 352 569 158 409 69 362 366 529 138 444 104 466 5 147 414 429 343 315 264 470 39 548 389 599 68 84 396 11 250 384 199 42 94 211 338 404 24 476 486 194 293 563 33 462 586 44 400 144 341 474 216 72 206 571 303 382 518 372 479 174 145 510 414 149 385 314 297 203 518 327 189 336 204 272 2 207 5 27 556 148 199 463 203 369 98 356 301 374 123 571 17 118 349 312 228 211
434 309 183 544 480 578 329 74 502 190 376 434 570 495 531 598 516 463 454 375 249 288 600 566 280 496 487 435 165 305 311 154 33 565 43 21 118 59 202 589 71 502 511 162 87 314 592 556 459 54 407 465 436 563 598 425 219 511 515 276 385 58 583 191 398 9 533 335 402 491 335 368 379 44 154 336 327 481 376 61 121 159 474 424 591 578 197 360 84 476 236 317 117 317 151 11 93 337 27 89 359 97 596 9 304 148 20 353 469 508 175 68 494 409 85 165 417 367 460 373 29 269 173
580 479 131 438 507 542 578 210 534 328 378 415 352 92 201 165 473 11 152 460 361 17 592 228 145 207 351 220 181 29 357 268 575 21 335 566 495 148 283 297 538 274 25 566 368 9 247 502 565 328 340 143 157 70 494 64 12 270 332 457 155 50 554 588 39 86 282 107 204 52 221 359 286 88 462 83 334 489 456 122 97 568 527 172 114 297 111 530 38 374 287 517 594 419 2 179 187 99 38 175 417 552 330 152 71 54 81 170 234 442 549 471 522
75 473 146 155 321 272 397 239 166 590 295 562 323 244 90 48 45 1 328 157 162 388 546 99 71 26 573 177 204 103 550 348 233 545 23 88 235 363 359 585 368 225 459 24 49 163 280 88 524
532 257 219 534 572 23 505 478 332 328 212 203 263 12 214 412 447 41 48 532 35 262 331 448 558 372 467 154 399 316 245 221 28 88 499 315 297 159 149 487 360 587 488 5 91 312 216 374 468 243 528 111 47 448 441 42 9 245 193 387 312 279 119 185 354 494 6 29 250 133 4 94 546 442
34 76 424 385 340 591 397 414 64 37 37 129 263 173 560 380 128 320 378 21 272 330 103 592 173 465 236 266 154 369 123 136 534 501 543 285 358 173 336 195 219 358 87 187 361 482 404 542 501 109 157 287 35 103 98 185 538 483 159 485 270 518 213 402 530 158 491 497 258 261 293 158 203 523 75 285 480 496 507 469 330 411 265 260 74 436 467 172 57 562 111 50 191 37 532 41 588 503 323 442 598 390 146 332 469 550 304 248 20 529 537 566 37 485 460 571 198 377 132 380 483 297 484 97 28 357 372 280 157 405 534 216 446 412 183 406 410 92 378 112 517 581 183 410 263 164 184 473 181 520 409 300 231 135 388 117 146 235 14 437 4 451 163 325 530 282 358 482 10 589 557 537 282 451 74 430 457 353 377 197 295 170
77 134 239 249 250 556 253 373 340 511 241 599 192 354 138 470 269 582 360 541 131 496 498 203 587 523 113 582 184 71 124 162 45 325 550 286 150 418 493 355 170 266 558 550 378 555 226 511 255 579 95 509 412 98 362 559 346 115 45 350 432 0 260 571 104 90 428 166 527 127 444 86 416 486 413 600 362 194 468 220 104 391 455 509 330 574 461 214 87 149 532 177 299 459 255 509 480 179 6 97 599 323 202 427 388 162 469 133 36 476 557 239 346 90 217 374 188 420 198 158 114 516 544 428 576 310 307 574
464 584 494 352 185 346 318 6 223 96 279 520 555 429 143 525 148 203 35 444 214 357 531 546 493 108 518 80 39 414 61 421 211 494 35 361 230 596 70 243 575 95 267 464 129 177 510 280 300 122 272 496 282 98 148 238 57 77 423 162 421 183 8 543 409 331 21 277 552 180 507 52 470 502 586 18 295 599 468 296 572 241 288 192 328 543 577 0 562 152 303 500 240 461 540 27 524 301 306 283 444 13 530 552 148
211 106 224 498 376 100 248 84 384 167 66 9 144 116 349 13 65 220 181 494 563 532 82 574 78 261 125 195 254 132 96 491 483 344 459 580 514 75 276 121 276 551 214 22 147 190 78 574 509 195 364 324 231 422 71 563 474 514 420 541 117 33 371 371 541 94 432 28 238 585 129 317 31 413 338 202 272 219 417 137 366 220 449 61 93 35 258 211 480 214 490 282 87 384 509 529 245 351 179 16 514 301 452 585 596 253 26 387 44 240 405 579 308 346 398 12 135 218 401 322 362 72 180 5 515 284 306 141 406 177 212 394 182 61 405 534 339 44 180 296 9 557 87 369 68 462 472 110 6 277 473 58 412 129 257 395 85 587 209 49 460 64 492 386 31 447 65 39 256 426 286 208 443 238 372 337 313 551 126 202
528 96 560 209 573 396 139 174 462 466 241 594 373 411 320 298 292 565 260 249 547 539 509 250 154 425 274 133 599 462 549 180 526 349 588 203 105 53 162 372 565 383 42 592 300 310 436 464 130 564 228 579 174 412 254 42 239 421 412 466 101 594 260 350 327 52 304 301 297 274 308 318
580 283
248 156 496 432 356 20 382 505 333 340 10 168 526 473 473 426 219 496 246 303 396 464 418 190 497 208 501 31 293 143 155 489 555 316 214 165 433 306 254 329 592 111 33 255 62 190 344 290 145 30 558 469 200 534 167 54 212 512 586 179 238 116 7 452 248 367 217 48 544 132 365 504 246 264 368 184 178 206 197 137 440 206 117 383 44 497 361 21 561 12 208 127 149 230 508 427
21 574 103 430 20 166 54 314 355 333 146 401 305 537 528 263 340 237 181 421 190 59 291 232 579 68 395 272 577 332 517 110 203 45 203 391 306 103 352 327 403 358 335 552 540 288 468 139 467 517 348 482 65 315 497 183 453 289 384 306 132 70 458 508 509
357 380 258 550 335 355 315 143 147 542 342 521 489 439 495 381 282 88 288 2 554 421 379 130 503 297 580 591 181 355 270 467 437 523 349 582 22 577 306 513 47 321 431 140 73 493 54 63 532 585 278 53 498 187 544 118 395 305 66 243 215 52 31 394 535 454 282 2 331 147 290 553 302 173 194 530 303 414 383 305 321 114 199 126 180 442 546 303 530 87 311 43 164 338 454 365 143 26 45 110 150 169 146 277 3 527 344 314 416 334 388 406 217 245 33 243 498 455 450 555 247 393 494 204 421 447 348 158 227 38 339 174 261 558 548 209 352 266 256 434 98 551 304 135 266 75 503 146 527 61 333 521 208 446 113 543 515 121 57 32 577 42 44 190 537
60 590 438 404 287 508 13 525 246 348 80 51 213 260 84 284 188 410 14 481 189 50 145 137 18 135 508 317 232 539 67 456 163 207 301 353 261 228 129 230 17 171 1 238 366 140 423 314 33 129 156 302 450 75 51 498 208 164 211 219 242 596 414 444 296 338 577 175 360 8 594 138 289 453 265 218 68 420 458 162 170 86 305 497 528 205 463 406 260 440 84 528 469 504 423 293 186 330 412 216 396 517 451 178 37
32 61 546 478 504 142 392 233 303 549 346 86 71 143 244 491 350 199 507 581 525 66 387 368 435 14 538 445 396 224 315 286 98 300 72 181 561 262 191 594 484 143 292 226 360 365 524 246 60 150 300 285 226 14 339 205 439 382 355 69 427 382 140 145 23 70 98 190 18
449 79 309 420 223 276 196 131 424 91 56 239 398 527 10 155 424 554 206 306 358 183 556 273 71 476 91 588 588 456 196 491 65 383 140 120 514 520 256 549 257 186 554 479 538 413 563 56 559 54 434 92 472 450 327 214 284 455 217 138 320 155 262 303 37 553 513 198 423 388 444 579 540 127 110 470 14 561 382 344 257 374 569 20 115 268 453 67 313 298 210 428 492 523 495 34 441 59 491 171 321 28 8 161 135 269 242 282 536 573 151 572 492 398 181 541 115 587 348 186 580 19 158 470 416 490 118 172 563 543 546 567 583 95 19 437 360 407 286 311 578 246 304 419 281 264 127 283 302 191 287 519 280 534 209 412 193 475 314 287 397 342 532
177 342 193 444 229 542 577 143 28 417 521 324 406 511 387 528 239 551 229 150 515 376 129 572 401 576 414 27 466 429 600 239 35 310 290 489 26 522 597 22 85 319 326 334 241 81 332 307 379 149 21 419 489 497
484 347 86 295 381 499 251 195 309 67 81 470 48 520 91 2 527 237 156 205 518 401 353 327 532 39 577 106 432 460 501 179 246 463 37 93 590 466 81 333 183 186 196 491 42 105 447 475 527 480 212 479 56 289 33 523 242 577 359 379 354 557 373 167 203 413 135 364 93 260 447 548 14 553 80 275 594 9 490 158 50 93 109 187 98 492 475 359 74 209 263 206 315 543 219 42 282 37 15 353 325 545 229 277 96 433 365 583 494 0 580 461 520 112 51 518 517 286 227 102 276 159 228 180 574 231 330 451 400 154 546 592 181 515 364 229 423 105 237 53 471 402 80 276 50 593 375 420 23 2 104 230 241 488 486 263 69 588 71 130 414 361 89 89 594 510 548 229 32 470 313 500 468 232 266 14 101 262 144 567 288 298 68 538
206 31 338 232 406 373 203 230 438 488 349 470 274 589 97 249 198 420 358 469 20 54 87 339 211 200 581 90 478 446 472 267 230 153 341 39 267 316 353 81 403 92 379 567 526 551 0 114 334 355 589 533 193 470 122 449 418 424 323 47 117 12 569 107 561 483 586 233 388 6 336 113 499 68 278 454 476 571 196 13 21 22 392 222 178 56 90 10 521 517 419 342 20 157 170 458 114 310 541 470 267 533
0 318 285 9 233 280 327 41 354 251 55 93 176 45 105 107 0 598 309 478 454 107 68 521 407 364 318 86 422 444 343 73 191 26 493 290 126 346 298 16 364 348 264 53 154 218 251 46 368 532 258 370 41 541 570 327 569 434 551 86 191 260 465 439 572 446 297 570 505 98
253 512 591 26 402 569 443 553 535 116 169 234 57 384 572 390 462 453 91 207 280 563 120 329 387 583 301 596 313 34 558 118 204 13 353 155 481 83 433 337
215 204 309 386 291 355 154 201 266 57 4 160 185 43 254 148 436 328 445 402 219 346 101 225 130 546 361 557 446 573 343 477 415 319 531 382 224 71 191 212 193 175 483 52 345 214 492 56 94 256 508 151 100 176 394 192 283 181 418 424 228 470 555 570 396 35 514 588 396 228 6 202 234 122 160 140 55 496 6 523 385 53 279 130 87 304 21 563 18 495 397 79 272 386 183 321 424 336 226 168 40 43 40 49 239 97 529 86 345 125 244 12 261 284 345 232 332 364 522 59 524 523 446 31 369 156 532 516 588 414 272 394 588 155 332 558 449 174 120 49 564 301 448 97 387 24
395 531 29 523 320 169 466 78 576 90 589 451 491 415 23 554 421 131
77 289 286 14 63 17 360 383 162 576 390 59 492 454 244 238 398 431 341 89 3 428 409 404 129 55 453 209 287 435 20 16 387 40 530 254 512 389 257 154 201 252 193 465 291 143 60 63 157 186 455 45 270 142 123 551 411 124 364 141 322 147 178 524 495 471 236 424 469 495 391 168 322 566 222 312 439 295 340 224 153 381 448 40 40 31 228 509 285 0 9 34 106 264 100 216 385 224 260 393 12 173 288 237 599 238 249 188 121 314 80 19 557 585 423
555 480 483 58 465 2 178 363 512 61 261 416 393 432 176 528 495 246 238 451 497 1 269 108 578 464 491 54 241 122 589 452 127 438 145 599 441 79 308 484 524 341 258 261 90 28 195 438 61 80 457 140 290 177 575 177 240 447 326 558 288 308 62 425 49 239 37 286 514 8 387 427 67 243 376 70 133 266 358 576 543 101 323 245 25 411 6 521 417 191 537 182 191 1 554 78 49 413 572 60 309 390 14 548 116 341 273 358 199 49 100 529 287 458 550 521 467 567 259 460 170 493 190 259 207 114
40 585 26 239 254 168 583 359 418 388 439 13 359 442 216 463 388 549 93 507 369 590 435 308 346 275 511 467 492 432 344 350 578 278 196 33 405 453 566 586 22 76 507 586 530 432 376 418 346 202 145 557 460
209 456 313 9 367 71 35 125 590 170 121 429 208 156 570 81 179 591 516 229 389 335 105 493 231 362 129 282 546 163 517 497 317 453 322 323 405 81 512 424 97 556 594 416 84 140 447 108 96 448 213 221 9 137 188 32 252 355 115 16 128 274 331 345 359 366 253 340 485 427 297 353 402 388 128 336 473 229 519 38 199 156 365 271 147 530 309 339 348 279 82 261 559 236 39 114 300 119 315 348 17 211 450 136 346 265 328 435 415 361 408 402 120 373 287 62 98 464 182 84 23 151 281 28 220 391 473 394 164 512 197 404 176 271 364 3 463 475 70 568 414 165 394 103 222 31 141 529 55 476 361 514 393 93 37 88 168
226 36 168 211 10 72 290 426 310 4 335 393 199 15 519 280 8 244 450 152 343 574 395 271 510 404 373 300 290 346 272 226 387 403 67 151 227 172 411 103 67 418 376 28 139 347 529 5 442 123
80 29 190 452 85 432 198 430 49 512 139 34 497 368 42 439 368 346 15 44 280 436 380 443 360 446 446 181 342 455 411 316 131 410 427 164 209 502 556 223 54 520 372 300 110 260 308 223 130 193 465 529 511 214 308 528 110 212 411 432 333 336 583 542 302 119 439 233 221 472 545 567 10 500 44 168
390 50 427 597 369 425 281 38 111 242 51 325 112 528 145 63 30 99 381 262 570 432 488 0 212 147 242 106 466 5 275 543 496 231 358 512 29 369 473 82 199 181 458 490 452 537 261 559 423 531 192 164 122 84 315 182 362 407 277 586 384 160 113 531 232 347 40 465 350 86 507 463 540 244 536 358 422 442 102 393 59 185 538 407 172 248 139 450 34 135 59 273 566 196 407 158 86 574 102
227 143 296 97 529 483 56 214
46 481 268 288 42 265 468 59 118 460 7 544 334 24 317 263 333 47 368 123 318 119 425 71 465 362 214 520 192 595 307 284 172 198 437 318 67 180 162 45 134 540 288 457 563 312 340 374 478 262 210 394 269 320 202 329 595 20 67 105 311 422 507 23 70 495 55 513 368 286 39 364 271 72 259 29 576 200 536 231 145 37 172 378 564 46 427 355 407 225 443 243 453 417 261 81 531 572 543 228 255 348 449 67 453 163 222 398 524 162 6 140 540 383 29 122 425 192 39 252 15 596 242 516 319 470 68 545 188 192 294 131 74 26 393 347 298 351 134 10 297 519
344 435 102 99 67 555 196 52 244 259 337 79 300 370 473 188 429 588 238 83 186 481 520 385 193 364 435 152
381 213 303 307 486 57 538 152 177 442 158 38 421 272 330 371 129 575 130 152 463 446 599 323 256 54 559 234 80 582 283 436 331 238 506 167 325 115 239 408 233 539 118 335 179 349 442 147 360 139 161 274 422 73 115 404 256 169 263 69 384 323 168 300 432 48 191 289 382 150 368 132 44 85 143 192 192 55 274 16 107 346 444 397 138 237 474 117 502 134 406 420 309 518 288 188 263 582 369 186 356 112 339 461 508 370 397 223 178 133 34 273 236 75 525 68 444 41 292 269 321 433 307 0 209 491 361 24 48 501 425 20 21 456 168 251 193
432 16 343 591 539 206 16 197 432 523 511 373 319 40 339 495 373 130 568 341 222 206 191 530 152 454 322 114 412 11 195 57 58 552 356 198 225 598 246 316 447 545 226 250 318 483 380 587 363 391 568 476 432 92 75 335 23 488 450 412 24 586 216
49 125 299 170 378 2 557 374 358 14 17 138 350 268 387 578 584 593 549 47 61 190 329 329 65 519 594 449 287 350 97 53 189 449 154 135 267 266 471 261 259 264 450 34 340 530 142 267 213
247 583 232 498 184 224 418 163 186 553 409 48 302 418 412 211
453 353 238 552 593 7 149 289 0 182 61 459 281 542 123 102 52 482 509 584 198 320 408 596 214 283 52 185 246 189 583 256 547 562 454 280 472 513 541 6 393 333 376 287 268 353 259 600 10 64 198 486 215 446 49 282 324 525 481 154 411 119 597 599 89 243 146 99 93 397 222 270 32 528 545 458 596 397 590 383 492 79 398 204 141 198 458 231 47 403 34 355 108 169 367 80 518 343 591 583 437 579 309 136 471 544 103 317 557 121 450 50 319 3 371 23 503 288 316 51 275 9 378 371 405 316 447 225 264 433 393 166 299 129 47 379 127 21 297 224 282 597 35 512 269 550 528 514 94 302 83 221 375 470 23 350 588 468 6 1 197 558 202 376 337 414 234 178 189 484 59 25 587 169 311
269 117 496 221 411 143 208 585 60 595 163 408 210 384 470 316 68 371 164 37 449 519 546 9 102 519 28 37 141 176 524 419 269 305 51 504 23 331 100 21 534 204 532 551 329 149 346 189 0 193 271 578 475 96 191 589 75 222 580 161 20 185 414 425 28 122 510 58 156 172 74 28 557 333 386 336 128 531 241 36 449 201 398 190 479 237 311 480 222 300 190 190 455 336 581 344 119 587 76 52 179 409 37 35 366 513 518 265 412 47 18 305 322 99 375 277 159 544 317 594 354 256 461 232 191 318 505 6 75 242 375 251 79 145 458 273 331 92 541 529 286 234 250 230 136 511 55 260 305 95 291 16 528 526 551 575 281 18 388 523 514 482 440 338 299 525 205 219 33 445 302 457 325 82 557 170 158 151 258 547 304 570 351 563 11 522 386 214 49 62 338 8 567 4 38
91 29 123 410 531 9 311 489 407 250 528 192 169 276 582 442 338 384 147 535 325 178 512 438 600 429 233 286 532 125 444 533 159 65 335 107 60 247 357 243 271 396 543 291 181 469 540 218 385 558 172 148 529 10 304 579 125 163 230 530 547 117 157 34 357 70 247 161

423 365 8 169 515 450 172 513 441 164 457 436 470 335 472 185 36 181 216 14 340 39 160 554 239 501 115 388 64 264 545 65 169 559 338
217 142 78 177 27 517 518 369 248 12 260 231 78 379 251 363 73 158 101 320 271 448 213 471 251 131 84 254 30 362 506 533 501 36 489 514 65 210 470 598 203 121 311 502 280 26 454 75 416 194 529 523 425 556 431 75 500 549 80 48 51 474 560 418 438 327
163 76 66 403 445 406 148 383 106 284 151 143 411 550 580 298 102 221 592 330 246 527 259 369 324 179 525 490 571 309 483 560 376 263 77 477 512 414 345 103 250 436 478 117 509 324 111 346 321 525 192 188 599 357 509 110 466 163 146 369 513 260 479 7 513 354 584 597 286 322 343 69 38 241 335 448
353 329 372 555 267 521 326 70 131 528 30 184 503 196 546 363 52 529 567 44 25 23 335 332 208 143 48 248 228 420 499 415 568 415 60 242 55 529 336 314 145 483 365 347 390 269 392 407 551 190 592 290 180 269 390 518 453 374 410 494 539 78 156 577 597 255 466 21 295 371 56 485 198 509 185 286 125 503 563 424 33 138 593 551 166 54 385 116 125 83 100 131 289 571 19 596 10 464 262 75 494 107 74 534 158 377 203 583 197 176 466 402 223 188 292 315 247 497 267 576 92 171 401 255 401 401 380 538 550 135 534 144 449 505 399 110 24 321 395 427 237 342 188 132 466 513 85 424 515 318 18 306 355 245 490 241 493 274 274 565 1 529 208 238 335 524 506 430 555
14 218 237 6 2 57 300 249 356 52 462 334 269 588 270 66 403 529 41 449 359 20 104 161 514 348 548 249 205 431 335 304 274 123 164 369 593 170 469 374 9 518 420 251 353 252 319 90 91 460 187 466 305 398 563 153 86 543 47 302 581 433 541 587 32 82 30 105 64 290 61 213 58 183 57 229 507 297 12 264 190 391 269 347 511 409 470 129 367 145 200 552 300 593 266 423 512 461 55 188 263 28 279 33 213 471 116 399 204 332 78 368 254 315 221 177 305 70 461 385 123 349 372 367 416 154 172 546 39 534 176 423 244 22 53 392 201 537 315 240 526 336 226 269 507 262 560 39 261 244 310 433 296 287 52 443 485 209
585 520 369 472 423 540 76 36 575 486 491 247 111 323 243 251 456 378 554 541 149 42 479 497 181 315 159 57 345 590 284 0 404
304 262 568 129 97 453 129 244 161 249 28 518 65 77 123 61 567 271 455 92 64 165 192 150 399 464 498 323 233 211 367 506 537 190 152 394 527 594 90 152 545 563 135 459 83 86 506 365 465 336 325 527 496 259 177 548 31 283 120 463 460 26 377 301 26 454 580 322 450 367 188 5 136 376 36 270 305 415 152 35 103 148 30 472 190 258 564 589 464 210 0 302 501 87 102 360 233 546 196 492 208 113 208 409 218 551 279 99 69 479 333 226 2 235 335 376 153 547 265 592 155 13 412 319 321 22 197 397 46 394 583 418 209 434 367 138 271 147 174 148 345 410 180 258 145 354 286 600 86 21 272 278 268 33 437 98 5 290 375 489
478 124 333 74 228 214 537 211 281 256 549 219 359 394 48 561 88 12 467 185 156 434 167 258 306 460 106 369 449 410 197 254 598 386 91 34 370 60 270 72 40 200 417 25 35 136 233 341 127 126 46 569 548 285 548 305 469 596 211 111 515 508 342 125 337 586 483 166 233 188 505 76 279 134 58 220 491 276 200 97 433 186 107 215 216 227 113 195 376 227 342 128 128 301 384 243 496 92 71 399 326 157 362 527 118 183 571 225 138 340 328 450 176 288 74 399 482 597 595 305 222 65 83 67 329 173 203 102 413 559 394 549 4 230 63 329 550 170 422 564 218 445 213 561 448 251 501 62 177 549 308 22 218 273 264 343 555 129 210 75 280 483 446 500 276 594 268 216 198 216 502 403 173 598 298 61 497 457 347 126 538 156 458 84 102 141 311 454
373 307 578 371 477 511 531 41 293 205 542 93 513 460 185 495 452 559 124 447 511 78 545 474 450 468 323 410 384 244 338 260 57 521 215 463 466 205 94 152 546 89 235 92 429 476 59 524 592 64 585 111 566 76 538 148 525 13 299 255 338 483 348 188 483 3 333 450 161
89 376 456 540 202 339 479 316 360 392 329 89 549 7 122 19 499 599 44 1 89 349 457 471 359 296 287 587 410 553 155 228 449 62 195 501 490 226 69 590 61 164 292 552 333 372 301 214 97 454 156 152 127 123 481 453 98 394 461 581 237 41 41 574 212 281 582 371 66 12 61 578 566 171 240 32 417 48 513 109 63 345 588 140 360 559 150 413 295 592
488 103 501 284 324 247 105 293 453 457 587 158 416 215 343 101 170 253 18 142 388 460 367 328 370 550 152 290 346 413 539 277 566 382 495 548
141 357 149 557 41 333 352 598 182 34 393 457 534 521 356 87 189 328 253 487 591 456 87 468 375 32 9 41 475 34 182 202 513 227 353 231 243 514 388 563 487 310 87 287 100 248 106 527 380 453 270 463 250 391 182 364 361 485 197 12 542 55 572 318 42 543 435 572 113 134 212 430 120 428 452 16 126 493 81 25 540 442 335 229 208 287 271 240 500 235 305 220 429 372 578 73 593 463 53 121 564 519 178 182 552 572 219 416 240 98 554 301 252 135 352 0 416 550 479 137 588 312 182 333 77 130 580 100 72 249 172 226 543 147 558 352 146 258 250 317 36 511 313 55 422 146 115 422 430 213 358 512 587 530 380 306 201 456 99 312 421 392 574 349 329 355 539 531 483 574 540 111 233 457 340 117 173 434 87 451 566 109 396 527 15 449 63 39 463
473 391 572 507 328 235 544 244 81 400 433 329 70 198 176 392
282 582 29 352 426 287 248 181 462 550 61 300 413 493 401 241 75 122 184 575 284 56 381 85 434 125 107 175 336 532 135 25 323 350 132 560 472 491 181 126 26 539 512 131 578 100 374 331 10 124 587 156 20 102 597 336 593 142 199 513 386 93 240 382 207 40 554 257 488 487 35 292 189 355 410 288 279 93 5 94 478 224 539 406 264 216 98 375 509 308 14 135 45 14 481 177 27 508 0 308 185 321 301 155 147 331 125 193 453 560 287 494 413 51 247 203 266 505 277
291 277 130 277 403 524 375 464 32 258 426 366 26 490 345 201 382 47 451 213 74 371 217 428 187 113 493 201 110 371 260 144 131 457 448 589 595 88
87 570 309 261 316 273 308 320 512 475 319 180 559 281 392 530 47 145 122 350 66 56 177 559 509 284 107 333 6 172 413 262 580 286 535 24 344 577 177 88 20 166 98 139 219 20 292 294 473 69 280 505 106 381 473 407 309 337 444 270 416 314 452 371 156 454 65 365 31 312 66 554 380 123 117 480 323 547 168 417 105 522 417 148 140 515 470 582 100 316 120 77 473 584 353 144 410 137 238 154 411 334 132 531 420 393 406 2 115 396 310 568 242 570 463 225 308 404 381 485 600 121 384 85 349 389 162 560 29 384 19 76 340 73 354 566 224 491 585 576 193 563 483 83 182 139 249 518 74 526 486 45 306 182 319 207 113 365 202 7 381 46 533 314 293 369 286 219 364 492 523 237 551 434 510 260 163 41 552 145 58 76
23 367 323 409 157 104 298 412 471 26 168 533 380 3 418 327 229 196 183 249 540 542 254 488 100 239 437 164 412 107 144 190 471 386 504 170 188 287 445 103 242 143 476 11 76 283 313 223 524 228 109 285 539 494 0 251 48 567 55 497 119 477 99 124 393 591 151 352 39 573 420 48 441 249 159 138 252 457 200 513 142 26 543 314 122 276 57 241 329 435 501 514 360 513 472 61 14 266 380 34 353 389 164 298 292 314 139 65 493 541 232 543 53 161 210 372 222 221 403 235 357 22 479 113 343 20 584 323 460 70 355 350 450 264 510 444 505 470 150 227 214 18 362 171 129 54 470 99
165 16 410 168 206 385 472 380 438 231 332 430 70 517 113 530 315 504 54 362 195 573 353 344 403 528 153 562 256 465 460 278 352 428 54 190 454 583 451 305 434 507 196 535 514 438 119 389 113 50 61
484 409 476 53 301 318 508 551 82 110 61 193 446 447 112 167 382 396 525 568 291 597 249 209 317 107 556 578 458 417 90 373 436 266 163 53 52 260 16 367 521 183 326 574 233 31 453 132 594 303 365 584 540 472 156 441 31 338 48 219 299 409 83 588 528 439 71 195 583 432 379 471 578 161 41 168 65 368 253 542 226 76 175 275 275 41 376 381 223 330 539 110 438 181 338 409 192 598 366 357 148 23 506 561 473 100 55 481 293 264 553 423 385 232 487 347 80 561 141 21 462 507 250 56 560 17 336 448 430 445 361 59 17 276 81 388 339 429 361 524 410 38 437 86 210 4 101 315 432 422 144 422 98 474 273 403 486 467 37 129 541 431 290 102 379 344 597 506 277
190 344 439 12 437 195 430 248 502 50 200 150 333 588 38 132 507 343 588 75 366 583 23 213 596 263 109 479 356 255 366 211 467 260 108 219 183 364 180 439 7 343 357 109 193 562 0 528 234 218 582 568 116 231 58 222 440 98 582 143 269 390
500 321 211 354 167 117 202 56 359 52 93 93 582 163 588 395 6 322 156 464 57 487 281 392 201 90 294 449 423 411 533 450 215 311 522 597 430 547 404 355 423 316 590 390 528 26 74 158 133 436 155 410 567 116 97 58 121 155
420 231 424 396 509 434 145 492 176 271 328 542 200 161 245 426 76 554 49 328 431 37 362 173 252 344 79 266 227 321 533 328 591 598 411 46 89 318 243 473 594 344 142 29 490 154 210 273 470 230 528 478 340 346 80 359 457 478 63 330 545 375 68 25 85 503 361 432 143 75 334 390 268 338 582 65 575 219 480 21 299 51 570 223 425 278 490 477 548 30 16 304 363 275 435 542 432 125 77 241 455 531 286 565 126 587 506 35 182 375 471 475 43 505 69 323 99 272 155 313 115 228 65 407 44 429 291 420 215 570 590 347 467 536 469 429 400 181 490 454 598 488 62 124 449 96 460 294
83 546 3 145 220 80 14 517 199 476 285 214 422 484 347
314 50 288 164 347 524 207 166 255 120 446 311 573 490 568 588 394 102 164 414 533 151 339 357 208
311 233 185 14 292 292 600 385 277 24 20 252 448 561 530 161 36 219 424 319 232 366 259 531 256 291 588 101 393 377 366 375 555 2 445 204 488 108 46 317 157 116 184 574 107 150 482 272 50 127 145 359 78 129 588 89 48 445 91 390 126 347 486 185 164 449 241 301 589 403 414 476 535 572 358 103 475 377 135 258 110 147 542 73 427 81 218 402 340 378 575 75 64 202 521 397 245 10 357 321 51 377 79 200 283 14 148 50 287 440 0 546 382 290 509 488 268 88 316 206 543 447 151 586 56 200 519 343 202 501 300 488 194 487 189
526 577 105 508 37 275 433 567 227 417 366 409 55 509 156 9 336 493 122 237 251 335 231 110 416 253 341 154 555 389 126 20 119 80 161 116 134 538 31 316 577 434 273 289 8 476 279 360 457 323 114 542 204 336 397 521 180 126 147 152 9 388 502 549 352 424 388 99 253 11 451 361 118 43 205 225 233 526 94 396 236 333 72 51 14 500 282 21 355 206 167 577 51 113 91 182 163 330 442 421 534 269 87 422 233 591 575 376 218 185 127 174 379 330 473 108 345 257 450 57 260 170 185 8 342 377 432 589 54
363 360 176 406 408 79 124 394 579 469 223 145
27 320 71 586 570 227 143 593 579 549 273 60 70 259 376 339 551 8 391 196 270 489 521 536 559 397 103 408 81 370 572 116 448 475 386 327 294 373 585 364 435 78 391 48 89 22 321 413 560 245 487 379 55 585 287 197 211
564 345 498 437 11 45 93 542 249 530 191 53 71 506 185 12 563 76 403 391 535 323 451 128 584 383 23 152 145 67 433 290 123 509
31 354 578 316 584 284 45 124 461 156 446 594 583 160 149 359 509 31 297 256 502 585 386 293 582 376 341 577 367 560 466 307 325 384 80 271 184 395 463 410 259 379 14 22 461 51 532 486 174 474 332 122 220 444 103 114 381 353 460 350 258 452 179 157 22 468 378 493 66 442 498 33 454 55 149 458 437 380 23 188 115 525 454 279 377 239 417 567 244 432 262 34 103 344 575 76 455 70 216 222 45 579 128 99 310 192 225 596 411 399 504 272 572 70 90 399 3 152 192 146 513 507 197 203 131 177 493 445 433 411 170 533 74 4 504 537 567 425 206 418 6 562 402 83 432 228 161 493 1 393 122 54 506 290 471 379 148 467 12 492 370 559 192 452 534 73 523
531 407 22 183 557 104 113 525 51 355 265 83 207 563 268 185 145 49 457 508 428 129 271 394 278 23 380 265 487 267 375 41 542 4 134 598 244 569 85 182 34 384 582 474 125 285 247 99 279 298 466 456 341 390 292 497 309 405 146 504 409 127 600 114 442 366 318 127 328 302 336 98 98 473 115 103 579 170 50 233 416 130 152 187 433 213 129 299 482 348 466 310 316 233 509 256 419 476 15 264 0 211 446 173 381 252 452 66 260 496 60 308 593 404 539 336 187 62 155 540 25 413 222 545 84 212 15 406 510 274 402 239 225 453 128 284 596 504 156 289 187 208 369 589 105 472 246 199 176 349 189 522 326 374 148
327 521 499 432 129 453 338 595 545 137 359 415 384 141 333 278 92 19 38 451 200 396 253 357 144 502 238 227 384 86 96 48 104 265 364 286 289 122 339 418 219 377 79 372 300 162 91 565 400
335 112 399 169 299 205 106 358 174 442 99 389 5 6 563 560 455 430 51 140 414 509 354 93 51 379 365 318 64 271 375 103 247 368 194 55 292 535 537 319 410 332 275 7
161 85 73 382 38 205 461 278 440 389 500 3 564 390 334 508 170 50 129 397 179 265 273 477 72 37 251 478 290 204 308 57 132 329 514 344 324 288 476 322 322 84 218 488 123 176 188 144 140 192 488 139 239 224 238 209 586 270 495 171 18 245 225 237 73 344 202 557 525 398 164 456 299 468 370 190 307 289 68 70 212 150 467 354 376 361 313 105 590 403 592 244 565 412 287 6 337 42 102 246 42 355 266 212 129 320 281 45 521 365 2 417 507 498 532 435 485 178 58 42 124 259 156 483 240 185 441 538 568 338 357 199 487 402 534 366 251 507 405 353 0 376 515 178 315 293 434 180 409 393 388 342 292 599 112 361 150 384 12 0 220 170 62 455 530 555 73 385 138 208
170 506 290 489 295 326 79 81 527 107 170 531
355 586 402 422 69 401 245 189 541 55 512 47 456 421 200 266 76 55 222 7 455 41 76 147 49 10 573 471 593 65 540 463 492 115 336 80 272 402 549 284 208 496 372 335 540 384 447 402 139 20 209 328 27 258 596 134 10 114 157 159 165 488 573 496 201 451 123 332 326 174 59 509 498 110 339 354 448 164 462 480 341 522 306 254 509 509 402 209 173 569 156 170 460 303 42 301 473 431 269 395 432 267 437 431 293 308 574 541 221 480 145 466 346 169 262 26 558 68 495 141 93 99 543 444 392 89 444 150 196 117 372 588 294 568 432 476 483 172 307 170 278 425 456 38 284 520 495 574 190 82 124 529 377 58 588 253 467 106 83 14 266 188 255 8 176 359 211 311 506 121 165 220 271 115 98 229
470 464 332 592 598 442 47 387 337 85 403 351 161 6 552 222 78 104 453 444 227 519 209 101 453 55 321 30 539 335 447 217 520 228 174 597 279 551 485 421 327 39 333 546 491 93 147 501 398 544 591 23 89 253 555 166 291 295 136 464 340 437 79 420 212 109 48 62 183 576 184 281 337 330 542 79 403 206 166 559 410 451 212 425 491 404 145 294 509 566 427 597 149 435 313 511 242 131 475 493 463 597 517 389 137 87 88 170 136 276 342 329 112 423 233 498 425 449 508 394 443 118 595 179 94 167 162 552 554 568 356 424 532 0 276 27 458 537 92 409 325 225 71 213 274 365 192 358 372 280 258 310 60 178 517 457 30 523 391 240 463
89 341 259 385 474 506 535 63 457 157 448 190 408 535 559 541 112 520 402 480 11 223 335 397 487 38 586 99 269 115 242 454 221 77 175 10 37 318 498 589 57 269 394 161 89 44 536 349 209 559 149 199 330 409 161 100 553 122 426 103 67 321 296 142 485 178 411 25 372 319 495 507 413 591 56 215 303 202 264 494 37 295 358 268 347 260 10 583 578 479 256 538 320 349 328 80 379 396 417 73 160 443 14 296 180 176 520 226 8 139 402 2 56 264 494 498 165 81 496 297 359 279 564 222 160 204 324 600 453 278 326 563 268 229 573 551 567 372 105 132 155 194 555 102 535 332 45 526 544 357 384 333 317 25 26 396 119 163 513 514 299 210 287 61 78 431 555 495 273 215 187 86
113 386 190 165 584 512 183 24 149 527 529 553 120 344 368 249 44 317 594 340 114 105 394 257 363 401 351 477 363 444 83 590 183 280 296 384 589 429 197 172 565 569 53 68 518 431 104 59 266 387 324 344 378
319 109 340 527 70 252 58 236 201 498 61 543 403 405 363 389 143 75 238 477 339 242 557 348 524 381 550 536 549 195 472 392 265 358 307 401 83 379 209 451 161 259 122 397 314 341 89 65 130 404 159 371 310 472 216 228 359 245 407 4 430 68 284 254 214 573 267 481 256 373 29 432 448 326 50 505 481 532 84 226 327 264 224 14 236 419 201 420 78 444 110 398 276 527 398 207 141 337 494 402 167 483 488 370 339 152 33 490 536 165 292 286 330 418 145 553 383 127 27 15 212 381 174 554 261 148 419 526 222 34 410 191 173 73 85 486 390 356 565 33 140 422 485 362 544 32 189 571 309 187 406 191 96
364 248 268 429 369 131 278 120 43 119 76 380 210 480 73 120 132 101 198 379 138 22 253 12 32 0 574 506 208 9 261 215 79 119 423 416 143 287 566 452 86 393 522 273 311 63 274 44 126 138 533 95 320 47 161 599 542 568 378 277 483 149 71 460 47 542 363 279 212 142 284 302 427 509 104 108 489 343 53 462 589 330 561 130 496 298 170 448 338 118 494 485 434 168 435 424 569 117 499 177 454 354 426 481 116 545 86 300 470 149 151 407 25 218 393 571 88 500 176 594 564 55 515 273 14 464 571 73 237 111 178 419 25 166 366 184 246 477 408 248 180 24 48 26 72 415 439 285 440 274 562 68 322 36 511 473 333 545 582 110 84 22
592 253 456 284 433 331 83 177 523 365 561 594 281 464 194 360 232 18 534 132 402 37 148 365 545 479 196 89 355 236 413 310 202 474 209 37 87 568 132 302 591 202 563 51 100 284 257 238 574 510 84 296 8 236 318 570 525 148 547 112 495 372 289 471 385 298 210 579 569
350 112 325 66 473 456 485 545 555 577 114 320 128 192 381 205 200 342 308 134 491 363 419 209 35 288 569 157 293 298 177 548 152 162 211 393 31 216 47 356 270 61 551 135 40 327 348 123 200 560 250 20
554 451 308 138 32 448 564 283 172 323 510 482 227 310 120 117 400 567 599 557 156 74 365 393 568 490 564 312 137 169 114 228 511 240 217 80 376 485 93 128 521 436 464 217 464 230 127 349 206 69 160 176 152 247 183 66 66 322 465 595 569 463 78 422 579 81 262 421 225 212 427 196 535 34 76 433 92 93 164 149 212 481 186 57 492 10 255 114 162 577 431 343 293 354 265 195 439 268 308 235 406 390 309 273 211 347 78 225 297 407 263 323 195 196 412 264 204 4 176 340 156 81 470 468 320 236 352 168 277 306 233 154 554 561 560 84 290 565 306 259 550 537 66 506 319 492 517 581
477 68 195 383 72 319 480 513 498 426 166 138 361 140 104 81 466 410 588 494 593 412 168 162 338 369 283 107 376 384 171 334 575 133 414 338 173 529 375 460
272 128 357 556 399 464 56 266 438 511 415 367 279 60 40
169 318 515 209 395 62 484 434 118 293 19 190 40 115 230 339 267 82 414 420 92 386 179 9 495 63 326 291 57 253 594 319 284 532 516 231 313 17 410 541 79 469 448 40 341 489 404 265 263 488 498 435 76 561 13 446 114 316 48 416 315 23 145 87 512 172 470 58 147 12 286 521 225 176 477 547 530 267 80 417 433 109 562 340 378 150 500 321 322 424 513 576 331 73 23 221 191 68 493 269 407 450 157 97 395 278 514 490 153 484 248 38 184 226 345 192 303 533 144 171 371 452 381 376 480 505
464 297 1 562 361 207 32 86 441 470 389 210 340 384 533 276 297 356 279 415 355 595 508 8 207 417 179 298 358 18 590 73 447 273 96 364 178 68 515 230 589 437 544 363 354 166 440 191 131 411 487 147 590 598 540 337 426 258 101 364 343 457 145 185 323 111 466 590 168 192 164 511 596 151 250 133 524 541 38 262 214 368 544 252 301 599 83 539 225 404 60 247 384 258 297 214 73 425 585 222 274 34 257
98 573 380 424 266 376 36 152 537 564 40 312 415 416 194 184 37 147 77 103 85 158 39 295 569 316 359 319 123 378 292 575 258 126 202 559 383 92 146 447 548 251 173 83 526 257 522 306 114 228 434 577 589 540 209 345 587 2 212 468 73 459 308 200 362 342 231 148 369 102 136 95 593 270 386 458 24 514 480 234 146 460 532 214 511 20 1 448 164 327 133 439 95 544 292 361 131 300 353 417 416 255 419 503 231 118 422 389 0 240 72 126 469 150 593 211 473 182 424 422 68 507 532 510 362 509 240 441 336 181 175 65 369 481 362 48 198 134 575 67 443 26 389 519
355 530 155 428 106 584 81 504 517 566 453 85 18 137 595 45 317 444 410 502 472 511 306 445 36 394 159 585 140 266 515 14 465 186 367 54 105 162 214 448 486 18 557 86 492 417 319 344 146 488 33 587 269 436 330 146 492 345 159 179 306 431 471 281 326 374 384 549 498 178 363 148 228 399 173 569 534
211 548 232 300 71 521 104 585 364 531 11 249 192 174 118 83 193 68 78 289 514 301 332 481 415 512 255 377 572 112 158 213 231 343 307 420 137 108 255 118 412 76 84 520 382 594 394 232 29 475 313 493 217 585 582 349 106 154 290 53 275 473 377 496 398 427 3 247 144 406 536 420 336 293 129 569 542 205 165 2 55 371 502 363 194 585 407 266 537 590 99 534 527 571 83 33 361 253 384 251 551 486 529 31 451 92 439 566 154 147 32 93 82 444 165 583 103 263 138 34 342 495 120 328 350 336 214 369 211 396 161 418 69 102 395 559 197 122 15 101 74 139 218 104 464 96 327 573 382 447 341 250 255 396 99 564 494
129 265 96 131 401 50 161 414 445 249 348 333 515 409 367 488 514 175 231 48 318 81 348 15 88 443 107 438 18 371 191 569 66 157 239 73 475 436 460 342 95 482 308 390 287 113 469 255 185 505 462 133 411 522 250 504 290 55 65 488 340 170 330 33 558 349 322 81 519 78 319 52 235 462 285 176 495 523 346 592 163 368 456 573 101 372 248 181 3 14 313 189 288 219 278 478 431 233 20 214 373 332 513 568 474 351 331 534 158 324 485 346 268 517 163 502 512 520 164 428 274 241 183 146 290 490 44 595 201 213 118 407 452 548 118 514 505 82
160 600 185 580 440 145 392 191 335 107 483 44 557 581 497 289 580 189 146 374 110 127 172 256 584 103 68 460 433 264 242 236 273 136 464 45 293 554 100 398 53 248 47 196 179 549 207 172 228 388 408 395 528 291 17 260 203 325 544 213 593 175 333 98 555 587 36 245 541 12 411 29 56 487 570 438 589 55 98 244 148 212 415 169 374 458 579 355 118 318 327 238 461 125 337 559 276 167 384 48 508 380 577 254 523 512 507 117 300 265 108 272
340 116 107 551 303 213 322 178 448 293 451 326 493 138 180 399 0 253 125 557 512 138 235 27 104 497 360 306 285 516 6 246 3 477 580 423 421 383 422 103 309 113 107 383 596 265 384 140 506 68 446 83 414 554 279 596 519 282 525 343 164 481 334 216 187 8 151 202 49 11 195 308 548 398 125 446 394 567 308 264 516 517 339 295 446 172 579 254 352 93 15 189 244 392 396 569 582 535 147 235 34 194 75 261 153 478 183 346 267 582 308 84
13 547 437 227 31 255 215 274 6 511 518 595 13 527 481 158 408 169 10 396 310 386 508 452 206 402 39 408 345 228 54 308 65 175 343 8 412 593 440 144 377 403 457 508 537 563 21 133 525 165 247 230 600 207 212 297 487 579 591 399 492 358 574 240 5 473 253 98 187 376 263 127 169 89 455 41 113 163 586 24 371 373 195 121 359 401 130 481 443 44 545 91 339 574 267 306 357 428
574 315 568 38 547 477 499 338 347 143 278 181 579 99 301 450 470 581 528 36 503 311 398 562 509 345 232 409 223 333 70 349 54 130 547 326 33 471 432 539 109 151 344 181 398 482 99 458 79 326 256 229 303 91 301 86 214 7 171 310 554 28 434 170 537 117 145 559 542 533 107 450 142 235 106 47 536 32 220 438 228 243 12 222 137 561 521 189 23 497 494 401 23 227 204 31 407 174 487 121 474 120 216 550 403 459 483 335 246 370 252 304 496 407 570 58 487 448 516 550 266 112 509 348 76 309 442 589 216 512 62 113 460 139 356 456 48 202 480 113 261 344 57 505 108 56 173 288
101 139 193 17 126 180 331 456 449 168 292 456 214 505 470 358 89 203 386 464 332 225 289
45 93 56 280 40 106 432 452 249 586 2 594 256 166 107 257 81 45 496 436 160 465 572 16 28 153 110 74 322 135 528 119 37 590 197 574 156 47 226 457 375 237 2 195 142 188 363 170 537 508 384 389 174 372 27 593 530 202 304 360 359 19 83 181 182 539 496 502 1 135 330 430 407 233 396 484 305 336 454 399 266 294 3 449 584 78 208 304 61 2 259 168 269 551 75 576 114 505
37 595 359 385 91 595 211 567 552 286 327 261 8 458 332 165 471 415 247 432 519 134 593 118 45 205 430 177 422 581 398 195 33 256 94 95 329 582 178 491 518 56 316 123 430 580 237 246 109 596 42 440 552 520 440 393 400 595 350 47 580 504 352 177 219 332 188 83 87 64 267 566 412 105 427 223 104 163 423 263 126 41 194 491 511 29 305 93 162 291 216 160 114 447 344 447 567 323 532 566 395 173 411 392 165
491 115 196 275 544 283 176 217 304 573 322 6 308 553 113 125 514 57 326 241 214 262 478 258 233 130 37 356 24 499 540 491 251 139 448 329 130 442 153 509 525 493 274 543 348 354 353 436 453 54 260 581 196 64 424 361 14 504 316 140 329 184 563 448 274 259 474 414 241 287 274 397 301
209 54 298 13 47 417 507 84 36 295 264 240 523 447 323 415 389 569 482 537 221 46 88 183 335 436 286 305 498 442 574 107 47 123 318 574 46 166 502 504 299 255 43 509 286 92 89 347 269 334 441 557 548 60 562 220 397 145 472 94 388 157 409 590 336 261 522 563 199 367 591 339 391 435 503 251 297 509 210 374 590 503 424 210 94 295 94 22 346 18 238 162 225 313 159 187 498 85 527 449 361 341 536 112 312 376 476 106 348 202 254 302 163 93 389 577 10 126 515 516 94 476 522 244 485 414 112 12 448 14 570 445 20
346 166 70 470 550 193 18 376 572 15 584 475 190 147 14 242 156 32 412 429 490 368 327 300 245 154 242 223 332 152 546 405 38 179 94 45 526 350 286 333 343 322 191 414 107 454 272 317 334 190 490 87 370 482 97 463 485 386 358 341 134 312 114 482 230 264 173 376 437 249 459 465 145 9 171 13 244 103 50 156 525 270 555 300 235 50 441 582 137 556 124 532 83 262 209 429 306 442 284 198 537 525 228 197 533 118 409 368 201 93 137 455 378 299 361 435 255 215 448 187 503 582 12 509 206 187 424 6 77 116 219 117 97 41 340 475 252 516 319 146 307 566 259 364 543 409 517 195 203 111 188 514 240 305 398 229 3 35 549 188 17
275 438 284 115 238 301 599 476 428 95 374 549 193 2 106 92 519 260 134 360 331 290 329 82 140 132 370 191 22 61 568 358 57 563 308 156 477 203 48 474 456 368 138 567 25 431 435 394 290 537 546 129 594 284 568 300
15 434 91 0 3 38 14 240 87 476 121 72 190 337 66 432 541 181 570 269 441 242 242 132 175 490 211 223 13 266 589 278 367 131 297 566 528 566 151 50 0 503 501 551 522 316 134 166 471 422 334 563 75 577 64 375 285 442 62 298 64 504 190 200 136 365 440 213 233 353 366 138 220 450 115 362 426 279 454 504 28 337 288 429 85 201 120 291 411 300 2 421 15 307 432 372 288 1 309 14 355 409 397 329 465 440 65 499 560 114 5 488 508 295 220 561 123 436 155 158 566 61 78 94 409 323 353 380 557 53 520 333 313 273 577 133 339 463 313 156 344 233 588 287 488 577 251 104 519 107 38 104 273 194 372 290 308 563 194 439 409 238 25 33 73
71 543 565 342 372 184 137 544 551 245 199 470 437 573 320 357 347 413 86
2 584 304 70 42 94 135 152 35 285 205 191 230 546 70 23 304 460 554 275 290 210 576 205 465 330 540 176 39 226 449 197 406 244 27 444
592 81 582 213 245 283 431 251 231 198 210 163 189 599 127 575 569 386 588 357 288 558 386 25 150 109 123 591 504 531 338 240 181 274 267 326
334 569 281 452 207 48 475 414 147 529 73 576 505 22 173 356 579 361 332 14 143 15 578 440 270 199 599 337 433 512 324 328 236 388 542 369 398 387 145 33 546 136 100 591 504 349 598 194 185 468 274 20 160 329 208 252 337 453 159 32 563 109 598 143 105 581 313 437 136 409 91 259 379 568 587 27 494 494 328 67 488 152 356 336 559 448 188 192 443 327 318 85 517 273 302 107 126 405 388 356 514 137 450 342 378 135 136 287 362 593 486 109 441 235 280 359 274 511 209 533 126 214 316 58 206 111 227 82 449 246 209 265 65 5 363 29 416
207 236 599 10 244 104 52 215 428 448 364 74 568 419 483 592 479 373 524 365 72 378 352 121 293 20 216 272 477 120 38 226 282 192 269 293 435 158 475 436 114 400 285 56 242 171 339 186 186 570 46 10 497 355 499 155 435 416 540 308 326 66 519 49 235 565 171 401 414 367 541 428 220 578 584 201 557 30 486 143 373 212 319 67 63 349 600 342 78 482 513 207 234 58 151
88 39 98 575 275 292 440 550 570 323 348 496 297 426 525 373 574 139 124 451 361 193 26 8 419 93 562 514 106 131 567 308 426 501 593 200 220 155 85 471 450 253 121 381 175 541 405 166 514 91 158 43 292 376 297 524 222 190 232 365 270 558 465 2 394 565 355 327 467 194 528 277 90 87 245 571 502 243 138 473 243 34 487 188 295 260 175 202 276 199 417 508 42 291 383 21 411 532 462 203 155 175 599 377 465 16 273 264 29 199 589 203 212 329 499 26 448 322 243 328 376 472 550 80 37 92 138 218 270 117 501 449 376 144 165 187 52 24 587 146 357 60 459 378 557 192 451 264 459 476 166 347 101 433 263 299 482 235 113 164 274 442 185 10 155 33 248 247 511 178 113 526 28 166 10 30 254 266 482 208 32 359 464 554 375 576 600 228 184 477 367 105 478 386 400 408
17 549 317 348 232 298 171 479 544 504 573 190 511 282 245 148
366 61 43 183 540 319 9 539 5 204 450 592 356 354 167 170 516 238 471 557 439 16 514 375 481 325 479 229 537 370 152 61 4 204 171 523 415 597 316 157 503 565 139 325 501 126 281 264 580 350 359
350 7 161 584 534 560 550 46 442 106 177 517 577 205 566 495 597 185 38 2 115 503 416 574 192 62 532 389 576 594 128 541 54 435 12 36 317 349 549 148 574 131 537 325 10 568 13 234 334 250 132 518 490 63 499 50 77 14 262 295
600 402 64 1 521 576 20 541 526
150 455 368 403 65 316 492 228 74 483 445 411 89 253 123 265 570 519 154 456 242 585 574 373 316 446 270 52 409 113 555 283 416 323 350 440 408 379 570 6 147 66 243 376 380 30 160 148 491 149 564 106 261 93 474 127 235 181 378 457 490 252 66 257 303 43 303 19 173 412 502 393 160 395 416 75 121 26 371 282 195 529 386 401
293 548 337 594 595 88 499 576 470 468 367 135 221 506 294 8 542 69 233 494 134 28 501 18 30 439 408 588 422 46 226 469 110 398 84 337 467 499 15 539 509 238 575 354 253 200 182 82 506 565 539 199 313 332 238 114 251 218 279 499 330 567 95 287 114 527 457 446 443 290 281 224 77 599 435 273 425 87 253 426 50 439 351 482 592 157 243 315 559 515 564 409 120 366 533 168 550 53 231 520 255 433 460 158 573 224 306 324
147 443 44 143 444 12 258 269 579 555 575 598 476 27 366 113 469 430 591 545 283 61 596 46 490 557 487 78 30 389 409 45 345 326 178 386 35 579 518 226 374 401 55 487 368 356 140 271 383 384 338 532 257 543 460 30 188 496 312 322 318 538 22 76 131 538 424 267 268 366 65 164 442 197 465 488 390 67 339 358 537 61 26 213 196 55 294 320 587 422 274 312 345 533 394 395 412 331 58 12 489 385 599 80 330 426 194 40 48 92 327 257 257 335
266 165 308 473 14 431 372 72 499 232 565 508 407 310 365 286 347 382 82 248 116 519 253 45 74 424 584 174 126 101 227 457 48 514 458 510 98 376 310 26 210 276 86 495 598 226 484 349 290 545 63 255 229 0 64 564 80 478 38 180 493 475 164 522 153 397 52 254 65 27 481 381 113 289 234 393 108 434 501 557 79 593 520 337 271 507 66 132 228 171 578 307 226 501 405 103 515 345 431 108 466 134 402 534 131 318 586 317 124 156 422 156 284 504 561 271 300 165 148 544 9 465 364 53 505 161 440 368 455 499 143 527 100 515 68 441 454 399 116 525 12 350 486 344 229 303 377 599 578 308 398 566 194 258 180 322 504 418 112 557 398 212 162 29 34 247 359 239 431 234 537 459 465 238 477 388 572 84 483 443 566 299 517 160 583 182 102 273 78 356 84 228 434 404 297
288 351 171 183 306 146
252 92 347 197 207 382 256 315 339 443 496 453 592 177 198 397 338 534 145 183 177 21 184 540 180 7 474 407 399 361 393 372 283 501 198 187 515 469 201 550 176 37 382 548 175 579 227 343 155 471 238 63 220 437 338 248 551 297 420 467 550 510 112 450 524 451 276 255 265 442 69 563 27 142 179 13 595 372 10 438 107 345 401 358 525 484
395 108 587 119 370 112 427 507 283 519 404 62 438 600 284 348 101
538 291 441 142 207 129
238 338 27 574 18 282 150 224 186 342 306 391 35 440 108 306 392 322 65 439 368 551 357 240 231 346 535 284 425 452 79 82 24 393 422 1 175 60 482 162 374 169 34 257 27 49 600 421 581 127 325 575 197 35 39 254 38 327 353 100 479 292 506 420 460 441 260 317 367 47 559 528 149 397 482 269 580 494 592 279 226 143 509 219 551 48 330 387 515 281 199 427 590 379 257 222 255 97 22 83 152 564 414 509 59 153 584 246 75 494 296 455 495 239 404 125 180 161 230 2 287 126 260 226 538 413 506 280 35 482 9 511 492 350 166 336 548 72 571 344 283 420 395 159 582 245 423 22 399 189 458 342 360 264 440 507 285 151 481 86 256 300 540 382 135 173 491 556 95 425 133 571 257 384 440 119 348 212 197 53 494 496 587 308 313 186 169 351 438 335 488 110 17 42 404 507 184 30
137 189 198 495 269 521 238 566 274 211 28 59 364 266 306 15 191 463 377 574 586 97 317 308 328 494 14 330 416 37 486 164 9 500 196 228 396 230 247 541 114 186 559 328 190 62 44 530 101 179 128 359 405 104 88 44 286 375 467 200 325 222 299 153 284 489 488 224 366 363 486 166 580 323 77 51 444 253 401 4 126 282 421 331 109 490 582 71 363 283 214 374 49 82 527 348 70 482 341 349 51 151 68 130 485 35 115 222 177 590 142 214 525 18 500 150 162 213 150 106 408 205 305
185 466 255 559 232 388 501 550 553 541 112 480 240 71 542 504 534 568 4 274 513 222 115 277 165 156 349 491 318 20 217 342 149 34 116 127 298 84 66 489 413 93 543 410 489 104 422 341 509 219 466 225 217 274 216 254 38 600 594 349 322 137 551 109 390 141 46 600 36 369 184 80 372 400 317 341 91 570 195 72 511 552 225 100 222 263 25 304 3 136 569 522 158 85 89 445 429 567 531 494 489 404 472 48 452 125 170 405 445 38 557 466 402 407 528 246 153 99 70 374 70 400 203 403 479 261 210 512 506 525 3 111 49 469 301 169 120 114 520 273 0 196 371 327 538 598 568 141 126 71 410 338 375 165 570 239 572 7 500 66 325 271 102 321 577
153 458 323 353 406 453 77 290 588 578 273 578 35 488 400 119 232 432 67 352 206 542 343 66 178 68 122 398 450 233 27 271 108 440 59 40 145 260 414 131 532 399 598 16 18 213 392 177 189 15 68 393 146 142 214
283 581 395 340 243 435 98 553 439 525 219 569 434 513 142 499 227 306 14 560 173 558 238 210 106 525 39 375 87 370 440 366 546 572 179 585 62 568 417 403 258 593 430 490 325 520 551 501 343 148 120 102 101 68 328 143 394 478 34 474 571 391 27 136 142 590 29 30 65 517 82 210 278 216 247 89 248 151 83 546 165 63 520 214 112 331 142 457 585 22 446 118 491 418 219 26 483 153 148 242 40 252 188 517 583 444 486 189 130 281 227 580 589 567 193 286 468 41 197 502 414 543 117 533 365
234 540 6 217 293 74 159 458 504 337 63 127 510 80 281 547 372 250 223 242 252 183 564 169 533
585 56 86 255 505 582 149 402 86 282 123 250 262 167 132 479 357 377 63 66 599 105 22 89 255 171 489 417 488 527 173 208 189 330 579 423 275 544 392 523 512 582 63 511 485 426 358 403 44 391 3 597 84 436 553 92 440 5 216 35 347 369 67 412 331 322 430 189 555
287 354 488 99 181 153 393 147 71 115 4 367 64 254 377 461 77 199 156 368 34 374 395 304 113 102 55 266 300 454 344 22 597 418 214 491 502 543 162 15 99 589 372 463 15 471 368 78 205 71 470 276 558 387 546 120 103 442 490 50 248 311 226 469 554 158 454 525 198 487 338 288 38 25 186 469 550 244 81 135 585 546 47 169 495 30 85 402 165 206 496 431 425 185 563 465 427 521 125 459 444 200 177 260 192 364 189 291 69 518 504 100 164 316 503 153 308 510 47 540 88 528 385 488 508 161 520 46 125 169 570 588 14 213 94 287 224 248 181 23 32 581 476 174 76 563 125 355 94 404 557
43 334 242 346 440 464 288 46 149 317 7 332 84 461 320 209 363 108 399 478 291 213 149 202 293 237 184 417 0 105 553 225 534 233 231 345 277 458 513 146 195
271 199 235 502 398 200 376 389 551 235 290 153 445 398 23 28 559 223 465 166 343 116 45 102 485 60 566 298 169 538 309 194 382 38 129 412 579 391 105 508 486 420 142 542 534 51 119 235 478 111 275 373 574 79 156 194 567 108 400 221 460 558 90 587 12 451 485 53 234 278 414 208 102 244 175 336 4 558 134 600 190 419 409 481 343 418 25 455 157 395 450 336 257
279 486 144 23 174 11 32 419 311 281 263 301 514 458 513 60 145 80 351 232 412 506 20 396 140 548 168 581 298 393 459 477 416 543 92 382 533 40 124 578 93 75 218 489 532 294 292 294 40 510 433 329 600 488 223 339 450 448 478 183 39 567 479 454 437 597 42 508 215 312 61 32 395 594 189 222 309 510 181 145 246 425 341 414 421 320 156 212 392 19 422 37 30 501 563 35 503 29 55 593 410 510 248 48 257 387 337 196 448 377 478 111 288 568 145
422 132 534 444 585 77 525 188 341 107 62 102 165 376 556 107 100 143 294 548 560 550 572 220 104 48 543 70 141 237 592 53 285 421 122 23 239 286 342 556 436 454 7 236 7 163 537 440 164 69 438 409 489 482 433 112 77 159 113 392 575 16 223 510 565 507 355 354 532 591 586 240 267 245 33 248 7 317 493 27 233 87 51 311 421 214 461 83 421 524 359 324 356 52 464 368 351 532 301 220 29 583 173 448 369 130 587 486 551 238 373 31 201 435 544 552 280 401 454 427 477 468 198 505 154 487 397 336 450 497 89 384 515 162 428 450 211 518 583 444 471 589 411 402 54
437 38 530 31 93 173 565 9 403 330 239 422 53 54 5 465 174 539 84 475 217 122 572 548 196 492 14 292 270 56 170 508 173 572 478 306 346 256 388 467 249 328 35 217 235 256 459 377 263 335 333 565 219 324 490 86 561 249 238 420 14 235 127 73 551 6 372 74 255 100 205 158 36 324 424 530 225 129 120 589 558 505 488 429 386 264 464 474 73 558 276 330 416 115 7 412 288 405 54 296 444 63 308 480 140 250 324 103 72 418 282 21 12 406 535 437 17 421 261 93 585 526 195 336 304 472 527 33 118 152 552 52 66 35 85 280 487 211 423 395 204 444 304 292 74 591 412 436 537 532 299 482 154 430 518 34 593 52 336 321 161 521 489 203 403 138 311 425 390 443 58 334 278 85 297 310 497 212 355 442 512 375
130 350 121 81 339 116 396 141 295 298 220 479 9 147 319 469 198 163 194 552 281 216 436 444 140 17 476 184 129 371 97 228 43 175 74 130 174 309 206 204 537 14 220 286 451 146 486 573 46 275 278 323 469 35 24 274 232 153 398 238 155 503 315 96 564 179 481 278 67 203 265 393 236 197 427 117 421 387
33 292 578 217 194 430 172 123 304 554 113 459 593 152 463 81 445 63 435 8 214 77 370 186 136 5 12 109 9 510 135 265 75 368 170 502 211 57 317 204 276 413 367 219 20 133 304 423 347 179 259 179 510 165 229 535 444 551 125 69 302 528 61 89 93 78 72 491 191 341 369 524 499 408 307 578 501 387 529 95 351 497 554 559 511 11 504 349 548 313 528 105 220 469 388 105 6 165 419 290 543 147 214 88 417 286 485 369 498 297 161 210 73 305 382 597 362 217 314 562 235 450 77 355 48 526 75 14 213 324 164 146 413 215 81 573 510 240 142
219 480 91 222 209 380 183 34 398 295 442 208 270 422 97 334 101 6 32 379 341 198 158 197 425 80 565 151 53 510 498 505 182 70 66 325 365 548 144 355 312 39 114 555 470 339 393 211 514 88 556 589 414 7 502 360 544 151 512 68 164 383 46 275 358 43 253 41 418 377 482 158 116 517 73 583 503 328 66 110 572 358 494 549 545 352 2 520 358 404 424 10 558 11 522 325 263 21 532 520 245 198 575 310 194 184 89 585 597 591 75 14 157 24 90 151 515 440 448 9 9 534 569 424 194 217 189 263 41 531 528
110 51 298 421 377 20 123 227 415 517 300 478 394 45 217 482 170 588 496 516 294 564 375 576 358 540 382 117 27 51 224 85 287 268 153 205 556 526 176 457 71 330 348 297 70 558 367 435 22 99 567 211 494 41 456 461 148 430 147 125 548 21 264 579 65 272 387 250 505 83 117 62 372 599 51 444 179 454 303 406 149 589 418 264 264 444 195 246 331 164 11 220 584 164 91 417 494 228 547 500 371 576 521 22 538 138 316 465 183 483 104 587 577 501 112
499 258 45 80 464 335 222 385 235 521 242 14 59 348 409 363 587 129 566 136 437 304 22 547 593 553 396 497 499 484 41 307 62 193 115 58 18 120 374 287 526 254 546 491 75 546 526 162 194 352 187 508 287 292 85 317 258 317 57 273 415 549 449 178 293 560 569 200 396 266 233 123 40 44 339 408 481 452 56 558 574 50 435 394 482 376 484 28 575 578 254 570 195 469 266 523 344 205 43 364 281 61 463 281 427 46 343 170 191 474 131 479 498 29 43 76 408 525
166 21 223 266 272 25 531 560 59 516 527 324 369 415 276 544 559 101 64 339 579 185 2 547 574 258 243 416 584 229 374 447 428 2 355 470 375 391 579 115 436 592 144 397 316 580 51 148 208 26 575 297 102 560 466 343 23 131 324 436 456 17 436 139 120 162 374 545 120 79 477 345 164 465 495 46 380 79
310 269 477 90 506 100 223 308 198 47 524 571 425 529 222 282 423 7 122 272 315 281 148 477 295 357 532 26 569 429 70 230 504 5 311 255 262 443 137 545 512 397 329 162 455 396 88 553 28 469 345 112 171 535 278 119 565 316 35 74 513 321 147 429 96 24 527 529 333 194 448 30 301 481 424 403 49 580 83 356 183 569 151 79 528 226 79 163 249 584 460 338 447 581 438 336 566 516 459 554 304 102 557 562 315 208 360 108 131 581 465 587 131 42 478 109 540 106 29 346 14 389 495 328 455
400 332 276 582 242 46 182 499 337 499 437 569 192 141 512 38 518 464 94 426 419 240 596 456 300 178 30 6 95 588 363 51 191 16 367 478 412 594 141 421 196 369 502 412 539 550 561 144 436 288 170 428 575 348 155 166 255 480 224 502 563 228 150 545 566 128 22 586 100 509 151 105 265 461 435 54 523 73 595 464 244 184 257 487 54 35 488 456 166 52 518 509 516 510 223 549 354 458 502 336 583 262 216 589 572 418 520 522 463 494 156 546 120 569 453 201 44 389 593 453 327 234 10 421 259 495 546 10 583 274 529 176 493 392 191 581 509 178 58 465 529 549 304 495 568 109 404 229 468 512 538 115 578 432 388 64 480 399 584 227 338
204 523 372 562 347 123 33 462 492 567 459 484 162 544 263 330 200 591 5 261 208 488 310 364 207 9 223 336 201 369 537 47 569 425 287 509 256 516 187 63 452 548 96 510 189 265 566 550 287 312 576 32 112 489 266 293 478 587 591 522 40 236 161 100 135 246 310 339 125 396 502 275 28 570 41 515 469 157 491 516 467 342 593 386 528 14 535 509 228 233 23 96 337 253 565 393
90 352 121 112 11 253 279 595 62 296 375 223 443 587 89 515 559 542 412 327 139 225 434 408 369 269 221 557 87 369 48 548 144 392 545 298 451 428 80 549 533 566 446 345 245 253 150 328 347 67 372 571 217 17 115 164 534 416 383 588 98 398 43 546 183 484 287 560 237 356 120 41 336 194 501 64 110 115 44 250 335 307 120 229 394 357 482 17 200 117 509 256 101 292 380 182 593 63 422 223 6 484 574 523 156 596 465 520 508 163 345 387 270 542 498 296 545 34 388 146 346 379 374 51 469 502 399 165
337 41 436 463 585 325 291 259 281 111 120
76 170 219 585 104 264 175 50 566 172 41 210 70 48
389 130 167 121 133 67 46 123 460 197 464 319 320 120 452 328 118 73 172 572 511 129 157 187 66 58 561 199 141 505 59 149 438 297 99 373 79 5 598 527 54 80 21 303 507 50 267 551 15 270 454 527 35 284 586 375 250 380 323 536 214 185 345 513 530 290 386 337 222 336 472 435 329 49 79 379 533 394 349 460 256 13 473 52 229 257 443 449 58 159 305 540 85 584 453 578 530 594 61 162
126 359 218 131 423 559 480 412 283 84 407 435 294 361 474 389 28 485 595 144 74 537 426 529 594 187 216 559 448 398 33 567 223 6 304 46 360 71 96 132 302 534 234 376 337 545 433 11 473 71 471 140 63 351 331 440 297 42 412 56 435 276 194 553 96 429 70 458 111 563 398 0 153 529 343 62 383 433 163
3 499 266 501 28 174 309 86 19 565 212 94 110 592 20 446 336 358 585 368 199 25 472 383 413 49 277 10 447 495 215 290 12 218 166 249 15 107 4 283 21 315 214 521 388 396 167 295 238 183 336 470 298 181 475 399 462 578 114 303 471 526 408 543 412 143 340 519 412 496 416 251 311 495 509 583 12 192 598 526 16 549
592 149 405 206 208 117 511 480 266 268 204 110 422 277 355 226 115 539 336 410 8 245 305 598 400 290 574 98 297 80 564 225 96 600 99 375 577 287 389 229 75 248 368 22 542 503 463 384 66 51 216 261 232 212 220 310 255 116 348 446 151 410 328 197 350 239 308 25 47 108 498 414 120 395 165 309 297 241 51 554 536 375
557 488 356 221
223 264 571 348 36 424 437 406 7 309 141 418 165 119 100 333 412 145 202 218 422 74 24 336 549 367 336 594 121 336 471 93 331 380 230 67 494 244 317 49 174 584 543 377 563 309 287 319 26 163 181 563 326 547 417 401 383 68 335 217 34 52 565 466 264 77 246 355 15 391 276 366 45 28 457 51 261 27 194 527 529 564 75 561 63 583 517 270 555 463 427 511 384 42 31 492 252 21 148 485 28 273 380 381 375 160 297 540 444 532 39 516 181 512 399 98 74 201 535 414 371 255 244 348 440 479 277 549 161 212 315 160 557 150 320 550 376 222 469 165
120 342 352 451 478 216 70 541 487 511 91 197 295
342 493 19 74 118 359 318 575 283 478 56 28 11 225 599 345 111 561 431 483 176 33 424 48 200 288 526 82 420 328 426 50 598 599 29 504 425 122 83 182 78 135 274 548 169 254 8
98 467 500 337 354 306 555 425 312 387 63 338 561 341 378 478 317 410 301 254 125 23 166 598 451 361 365 453 379 24 242 113 180 71 265 292 275 456 8 530 140 451 487 79 50 304 101 165 448 450 575 556 357 462 561 431 209 17 303 89 248 269 314 141 174 202 304 437 450 161 478 380 593 30 89 12 477 190 165 273 221 128 501 131 313 399 475 27 242 396 514 482 504 131 479 270 494 409 239 504 9 404 428 255 296 2 115 38 221 540 88 513 488 210 8 575 501 362 188 346 9 417 139 46 2 568 18 15 561 123 488 442 25 9 329 376 465 490 370 173 160 284 127 434 195 74 107 94 556 574 159 428 325 542 102 495 242 70 514 212 255 309 281 286 319 276 367 144 523 548 146 227 338 309 142 399 115
261 109 488 208 536 131 315 95 173 310 76 376 281
504 388 76 378 283 230 403 96 578 133 583 382 487 212 102 144 244 108 98 366 117 170 1 598 508 461 30 312 271 544 298 501 76 313 375 282 448 316 266 384 258 149 111 369 192 110 22 130 57 106 1 7 422 437 83 343
374 237 400 208 227 347 317 32 41 295 71 347 81 184 214 96 263 170 72 66 98 432 423 345 533 469 42 213 18 190 551 204 304 375 63 378 270 534 25 264 184 231 469 156 439 20 520 230 325 518 106 422 195 347 36 22 558 437 2 195 376 559 89 163 188 82 135 307 410 102 436 307 0 359 223 357 572 55 385 243 22 480 328 22 515 230 402 300 513 462 314 74 289 456 306 392 520 156 564 292 513 515 399 328 207 264 171 335 376 20 296 15 184 530 120 194 222 431 19 222 201 309 288 538 108 268 430 439 362 399
25 463 486 557 61 194 488 185 147 311 39 258 196 453 330 197 589 135 539 319 330 48 451 236 518 322 289 420 492 465 453 315 494 39 540 154 267 1 200 89 59 594 152 108 543 369 33 14 425 304 230 53 224 139 73 324 97 102 37 549 401 81 171 499 16 319 87 431 186 485 329 369 480 276 113 439 211 572 490 2 229 90 104 388 353 266 369 577 152 14 371 21 252 36 466 191 491 18 321 456 521 217 558 580 397 38 191 183 304 191 46 103 376 460 538 55 39 276 579 292 188 315 331 38 279 447 143 360 66 71 48 20 464 571 130 342 430 15 384 506 570 280 282 25 253 258 439 582 202 304 573 593 381
34 330 162 571 495 63 190 293 211 293 95 235 19 116 295 299 527 6 353 191 232 437 164 254 357 67 194
47 331 45 430 526 256 385 412 133 44 343 269 398 120 208 148 3 442 146 524 492 39 155 217 192 34 579 433 107 540 103 77 485 203 27 585 70 229 102 210 22 465 266 130 521 26 96 31 490 159 305 154 417 216 538 111 444 234 138 343 234 385 221 160 36 525 470 122 320 559 491 88 358 545 304 27 572 198 387 79 329 563 9 585 600 130 459 439 25 23 369 505 90 163 90 65 99 372 270 380 159 392 346 553 573 414 234 97 206 96 154 341 117 69 5 373 33 14 243 58 387 482 1 388 591 593 392 488 261 441 173 187 153 279 405 77 301 374 569 138 508 303 340 597 378 463 249 251 558 261 383 216 594 15 294 491 580 594 408 276 371 259 135 58 396 521 107 499 34 367 513 502 340 248 292
287 320 443 451 320 423 442
586 552 124 359 303 477 371 259 525 61 574 25 297 62 171 165 193 384 17 84 430 180 499 443 176 123 142 404 234 56 132 56 236 206 207 578 205 84 111 284 333 296 415 584 494 177 100 495 295 131 319 125 592 472 27 185 30 104 2 223 576 39 548 416 208 510 516 456 525 524 579 314 125 220 115 528 412 388 526 359 359 502 152 582 423 464 546 580 147 32 485 205 574 329 346 176 561 154 171 554 454 18 392 38 407 186 132 115 66 506 323 42 501 97 85 388 110 273 124 276 109 423 165 155 46 162 580 419 233 515 86 241 130 328 87 8 140 477 81 555 374 364 579 372 257 106 452 70 367 268 43 257 339 52 57 302 449 588 470 164 293 9 148 130 74 323 496 395 519 59 543 490 503 88 436 323 332 552 434 118 380 381 106 535 125 527 2 202
499 441 129 568 361 262 270 445 255 114 194 181 29 328 538 138 238 243 461 81 549 124 80 498 220 303 562 21 350 120 173 123 557 320 117 585 560 164 247 578 431 461 167 569 210 238 216 20 42 243 175 556 210 338 419 228 308 252 464 600 326 130 424 16 563 592 213 434 487 538 182 310 439 295 358 398 506 122 3 384 166 4 428 114 403 100 150 491 499 60 353 238 42 256 29 228 561 125 82 302 29 543 62 468 505 472 476 228 95 76 240 416 253 355 20 482 87 14 145 64 576 97 146 504 417 92 449 124 201 266 308 209 262 285 451 311 313 556 212 260 241 346 291 443 188 208 558 555 157 79 580 5 515 370 205 434 381 362 404 226 156 73 115 35 487 288 15 239 176 483 592 233 462 373 255 236 287 341 246 441 506 25 139 119 353 162 600 130
586 251 507 564 478 434 74 150 491 187 105 172 386 274 217 484 95 110 337 152 446 60 100 62 599 196 476 479 105 231 318 235 280 321 244 543 460 446 153 419 117 210 552 593 139 331 526 19 559 590 3 380 545 305 60 318 63 162 335 594 472 289 476 482 389 430 295 63 518 530 348 119 250 263 18 278 22 134 216 170 489 154 57 270 303 238 584 77 156 350 349 91 572 143 402 154 1 94 166 84 453 414 209 274 88 257 181 597 137 451 93 363 109 4 253 76 275 509 228 505 502 41 27 91 576 18 490 235 459 312 527 323 537 592 461 160 379 90 62 502 121 571 299 184 223 293 44 405 111 129 400 154 40 179 103 541 387 263 189 65 23 490 19 450 416 196 569 208 320 471 185 334 238 417 167 384 546 264 149 502 181 468 453 160 259 288 283 59 311 600 593 54 283 518 499 177
410 467 364 340 299 109 181 216 66 213 472 307 334 518 544 340 355 245 190 236 244 418 78 596 53 204 375 577 487 439 538 89 250 454 470 2 142 395 126 235 113 396 437 554 149 529 586 261 367 427 358 264 350 150 233 140 321 193 220 318 90 523 214 447 515 162 110 338 251 472 481 439 386 332 172 313 336
364 310 468 427 74 537 343 427 384 268 315 390 442 223 405 220 375 257 182 205 32 66 426 367
15 267 572 143 580 343 374 322 411 372 46 50 32 82 223 116 90 179 485 194 269 82 576 7 175 247 259 580 410 365 49 489 274 393 593 423 58 406 381 323 19 238 320 466 428 205 255 59 221 287 453 541 99 119 536 521 535 353 243 276 583 358 571 3 359 334 295 449 93 82 5 176 307 442 450 530 309 422
157 192 265 498 103 345 258 160 314 202 345 78 469 176 55 402 68 127 557 408 469 519 134 388 136 428 206 310 575 358 68 541 305 117 413 186 297 212 528 538 465 304 211 576 485 192 190 434 337 135 331 512 19 203 227 164 361 529 401 215 515 100 308 371 194 335 346 89 464 219 205 577 191 429 40 322 594 58 438 236 550 12 424 478 378 89 19 17 376 541 340 242 288 24 148 225 500 251 148 243 185 207 373 444 70 481 187 277 142 448 271 230 5 330 61 337 342 102 392 152 541 478 451 28 204 482 450 167 590 578 133 89 442
122 328 250 116 6 186 461 64 142 399 293 487 327 299 69 51 532 97 364 484 238 149 178 79 466 130 226 340 267 399 505 421 115 568 506 450 535 10 365 14 133 94 126 363 564 287 392 230 387 131 567 297 514 4 102 99 336 353 66 454 497 43 231 582 265 453 105 590 383 207 73 154 481 88 519 441 473 3 9 346 151 154 502 68 438 328 175 38 579 217 494 389 261 225 346 593 359 592 300 302 318 350 103 283 186 209 247 291 481 279 397 382 399 215 383 260 312 30 19 469 129 415 126 262 486 382 487 591 441 356 121 501 500 210 301
436 242 333 105 461 110 223 199 590 349 530 463 325 26 188 435 134 365 49 62 419 542 147 85 138 137 265 333 263 571 563 478 590 268 471 111 37 598 222 197 565 313 597 26 361 8 401 570 440 260 284 512 383 55 30 51 215 574 15 564 249 586 130 141 439 229 591 188 499 490 99 279 362 600 22 542 357 492 91 538 397 44 523 121 491 287 203 273 497 81 292 352 42 87 229 87 367 196 62 248 509 292 523 159 598 14 350 236 502 165 397 264 233 541 172 541 357 140 382 422 198 314 582 459 193 295 341 388 396 30 566 363 46 481 589 177 286 552 95 454 289 1 63 387 300 458 511 146 479 22 170 368 80 581 470 393 152 201 401 65 552
218 399 5 438 220 178 546 103 86 557 380 61 498 333 223 348 255 323 90 301 24 1 87 481 189 460 4 168 596 32 139 41 418 177 357 569 195 509 527 393 561 506 337 456 113 597 246 53 90 209 304 432 582 504 382 18 58 470 488 83 74 95 131 590 276 242 117 491 219 180 170 548 236 293 585 500 52 72 584 93 63 469 398 377 325 342 284 171 104 149 98 570 466 369 0 196 433 460 277 584 309 324 503 141 290 184 556 494 163 287 402 389
460 28 303 327 122 342 528 92 443 511 223
149 337 199 436 204 559 232 374 1 407 242 533 51 18 16 584 142 102 72 256 195 266 443 271 187 364 132 30 215 244 367
167 563 6 546 218 164 31 38 205 485 127 201 52 111 264 102 304 474 286 10 185 349 238 449 91 419 219 169 350 8 228 387 310 318 466 11 22 214 331 280 267 299 318 191 28 326 141 150 38 335 478 164 258 273 146 177 443 454 434 425 452 344 431 30 59 14 446 490 587 454 370 365 435 217 455 380 443 191 560
533 575 172 46 379 65 88 464 139 549 371 464 279 351 400 301 102 594 69 171 86 222 436 82 110 28 406 404 239 503 593 304 450 242 118 286 419 106 82 26 537 114 173 344 404 150 257 347 162 146 109 567 53 575 277 560 103 489 481 431 111 280 281 36 27 466 352 253 286 351 503 77 54 352 90 76 322 134 18 400 346 516 200 114 53 575 287 82 111 38 151 378 126 74 413 17 78 222 10 304 107 43 491 323 589 302 3 71 0 495 427 260 194 496 20 336 253 420 390 84 260 458 386 337 121 113 509 249 392 282 348 88 13 594 257 241 589 248 390 95 361 521 24 587 103 120 200 332 287 448 442 259 185 189 158 399 170 401 370 538 393 399 311 330 202
329 118 533 276 26 282 288 442 7 86 532 138 272 236 534 181 222 209 397 140 37 274 380 460 317 316 277 2 22 13 330 378 534 437 541 578 267 3 527 293 523 142 207 47 6 250 426 599 486 181 362 289 186 90 239 215 141 20 175 271 479 246 228 414 568 494 406 267 127 294 133 185 124 535 568 261 562 510 407 91 204 271 542 166 340 578 164 137 499 348 229 313 559 499 41 256 269 47 585 536 235 69 111 245 545 127 85 62 368 400 318 474 188 333 570 336 64 349 364 585 1 508 295 126 192 260 498 73 252 431 283 460 331 206 552 321 474 191 201 177 314 550 438 271 505 541 198 236 189 165 333 445 250 599 126 233 249 232 377 590 334 235 588 309 52 111 277 344 210 96 241 18 193 287 565 28 574 591 309 223 58 279 249 261 201 502 163 321 534 325 249 180 379 112 437
522 61 201 355 125 200 592 94 164 317 72 390 222 194 143 446 119 224 171 238 560 544 279 377 547 70 582 284 209 6 257 447
74 14 120 422 237 69 113 592 427 115 423 51 259 397 119 218 588 98 8 289 267 9 469 500 238 486 25 25 441 213 77 260 446 503 570 181 281 273 64 145 462 321 174
358 363 308 359 142 523 273 151 424 271 368 449 160 22 416 563 599 152 377 313 94 24 40 351 388 371 144 585 20 16 303 65 114 294 486 500 463 545 445
361 411 242 549 278 297 298 542 237 295 241 385 48 113 246 482 535 237 561 600 421 554 10 120 329 464 347 476 208 266 385 185 403 168 367 179 428 245 155 249 551 543 107 363 482 263 288 51 475 471 573 516 34 71 502 442 519 503 353 83 114 355 584 258 54 403 129 246 450 354 570 510 247 489 537 394 571 572 282 582 58 65 77 273 165 509 226 39 399 312 353 278 16 417 460 271 380 197 140 403 121 128 447 199 280 495 158 87 345 183 75 246 231 432 381 428 529 82 193 131 415 143 32 48 369 230 312 242 521 520 277 130 526 587 79 441 112 215 185 511 406 265 273 323 331 324 535 94 157 371 213 343 173 427 72 26 161 431 302 464 502 45 120 128 111 458 587 42 352 288 121 189 428 102 28 565 102 541 423 281 363 521 528 129 321 36 584 204 378
188 233 162 74 480 584 145 574 217 360 595 203 398 326 68 216 416 271 174 11 219 125 110 208 253 151 507 516 580 532 93 506 239 214 598 59 393 502 536 501 138 189 555 157 86 126 556 292 412 160 244 326 373 170 545 520 412 112 147 312 524 81 29 418 419 403 40 518 275 246 245 471 185 412 13 459 232 381 503 366 482 403 45 461 251 527 483 471 403 27 426 424 521 127 414 221 197 285 537 76 271 304 468 397 339 291 289 174 313 188 473 93 598 484 337 91 5 289 571 318 484 217 213 285 416 402 286 78 320 127 297 434 243 276 107 554 470 239 116 487 429 325 465 519 174 66 489 90 205 509 451 561 585 503 80 590 39 121 241 174 316 51 529 387 586 452 567 234 19 138 131 9 44 325 306 483 250 389 451 484 599 176 133 75 430 23 10 96 269 549 493 179 574 100 355 142 377 341
153 538 194 519 352 352 301 214 447 97 70 452 187 384 238 460 533 94 380 291 509 556 193 396 580 349 473 113 581 598 54 292 283 175 598 283 511 148 365 476 99 372 141 460 262 303 469 434 487 152 499 274 54 375 215 275 194 245 548 126 442 598 215 350 361 268 335 165 542 301 99 143 13 224 324 159 467 45 447 88 439 173 167 314 229 578 36 452 120 205 379 565 302 455 524 479 494 100 446 527 393 180 148 125 4 124 374 226 432 89 410 174 409 203 417 182 40 550 48 55 7 224 61 402 531 429 336 455 131 537 207 311 274 212 469 210 140 500 159 170 99 377 287 39 321 229 223 214 206 474 340 335 55 148 198 425
573 358 281 357 438 496 138 588 75 344 96 165 495 443 97 258 380 301 280 142 71 486 79 297 214 296 52 355 329 248 144 239 47 514 538 211 436 363 534 149 84 89 61 76 50 532 98 193 148 457 509 312 91 106 88 263 203 496 549 461 512
534 580 359 390 505 347 187 255 76 198 203 283 152 192 524 161 139 291 501 540 276 247 259 405 131 444 87 117 414 169 439 284 583 363 470 196 214 308 466 125 187 502 66 368 392 489 515 313 554 295 70 558 17 230 393 218 272 59 548 537 290 375 594 593 171 98 160 571 541 548 65 268 84 181 133 215 30 135 22 377 551 75 493 450 205 42 265 600 482 293 410 547 258 81 4 594 465 384 582 496 204 132 548
282 23 395 114 470 62 115 53 338 372 76 151 462 335 39 290 163 444 545 90 284 586 70 185 152 380 244 494 383 140 435 58 202 215 578 275 576 82 250 589 400 278 172 523 434 223 228 372 101 559 347 199 127 427 10 263 20 466 314 321 399 455 153 13 307 451 414 469 361
166 494 148 525 247 208 134 69 390 254 490 332 573 173 83 78 577 15 13 204 280 358 132 546 456 382 488 597 264 336 297 151 8 157 472 5 592 536 457 4 347 24 332 101 329 64 244 58 415 225 562 196 401 33 76 229 231 50 76 93 479 38 516 471 201 81 191 114 441 32 537 155 535 60 114 5 476 30 109 573 150 145 567 324 528 522 251 478 373 301 322 461 104 385 187 419 461 51 464 480 296 475 346 431 587 351 293 497 242 592 532 398 131 369 507 13 7 298 34 409 182 292 496 54 489 152 258 192 13 477 506 26 155 258 163 381 513 297 431 28 24 200 301 478 400 101 188 288 118 359 586 370 91 368 511 12 84 480 259 308 585 594 358 564 141 346 423 342 83 353
414 25 175 545 436 111 71 371 104 197 446 594 554 515 345 20 118 349 270 274 99 350 338 348 291 579 125 364 211 238 477 172 250 164 263 229 433 173 283 239 20 500 553 354 403 587 532 400 80 7 523 552 324 142 363 191 53 292 576 574 341 105 252 130 236 385 55 600 251 11 110 422 473 210 252 285 428 507 586 420 119 46 416 468 512 448 5 436 375 242 539 99 567 84 532 155 32 462 337 349 391 154 331 441 65 151 216 128 106 574 272 95 575 593 476 564 583 332 563 398 238 173 235 175 246 400 66 33 57 572 78 501 464 581 215 580 527 168 592 241 255 340 175 216 66 55 578 336 357 92 78 69 401 34 106 240 141 497 532 275 403 24 308 290 125 416 151
249 147 42 309 342 385 246 30 236 583 140 46 312 22 366 461 29 165 144 260 26 106 105 321 255 564 470 64 43 115 480 162 589 392 194 104 404 417 487 77 453 326 409 283 347 395 238 471 444 227 233 317 424 517 31 493 305 49
85 506 45 98 266 377 15 498 583 90 454 131 226 598 409 435 192 8 428 512 488 320 115 421 263 168 556 201 423 440 57 497 225 547 409 511 344 400 72 572 463 53 37 216 365 340 388 234 217 196 432 73 371 3 600 404 302 111 270 467 341 464 494 386 39 537 464 523 140 573 229 522 410 31 421 136 83 568 238 163 271 561 311 533 284 95 160 508 551 461 306 286 461 555 147 79 383 284 60 33 161 69 249 117 385 297 590 349 566 248 397 125 526 106 463 190 1 39 230 78 283 41 232 200 324 38 374 250 14 545 25 547 316 466 143 418 585 328 474 169 315 325 243 551 236 282 246 474 89 260 224 112 214 257 404 273 450 324 311 331 240 377
224 238 90 459 70 77 515 162 549 368 237 415 531 39 107 578 46 191 72 206 104 91 114 588 262 129 328 358 435 401 511 456 430 309 521 560 322 503 586 69 408 371 572 494 14 421 420 11 43 284 135 215 380 400 119 283 115 384 407 201 497 125 157 460 166 50 402 386 54 161 550 12 158 460 134 170 390 351 24 167 68 209 463 391 320 160 137 376 206 384 518 493 592 226 491 79 78 266 508 50 278 420 163 397 114 391 208 584 182 341 147 53 503 191 415 37 433 67 213 400 17 477 323 567 580 478 558 145 280 450 64 562 242 42 578 578 534 207 412
351 48 247 344 107 356 268 84 91 8 349 339 274 491 347 200 582 97 219 175 595 421 550 498 126 88
370 126 579 224 571 534 282 521 376 346 113 282 235 37 112 465 325 262 433 331 556 142 236 31 130 215 488 562 287 224 9 48 145 9 90 229 32 440 389
567 241 446 2 196 56 356 447 308 600 23 568 129 356 437 539 3 262 496 381 385 489 525 97 457 338 136 132 139 444 128 10 438 235 359 75 408 530 126 161 27 409 133 53 507 576 234 283 76 75 196 269 40 80 42 404 32 332 393 441 295 518 1 165 110 221 370 245 30 113 257 393 295 510 362 192 566 161 580 81 410 325 170 131 342 250
86 305 95 339 493 94 129 431 164 311 290 591 578 177 548 334 495 345 560 136 66 520
104 529 295 564 350 381 511 360 278 378 449 113 295 241 408 93 104 240 586 535 599 579 585 102 287 576 500 450 591 482 30 51 364 509 109 559 491 119 272 93 55 212 353 126 260 390 126 0 267 483 565 38 262 200 477 70 311 267 380 429 574 403 21 18 67 460 407 565 492 260 55 543 557 527 301 172 6 234 463 170 126 515 430 520 517 549 173 436 408 55 470 161 460 324 268 467 10 402 59
377 91 254 559 57 301 170 39 397 517 567 549 349 209 559 120 122 12 560 189 34 574 396 247 39 429 84 529 485 558 284 38 273 242 436 232 455 147 337 434 330 26 544 512 382 544 481 203 247 539 560 417 219 126 47 417 411 54 487 231 481 146 130 159 416 168 528 454 164 498 121 50 15 51
4 436 365 69 519 107 93 106 66 157 193 233 419 195 357 415 240 380 10 382 154 223 468 546 467 488 247 543 346 418 528 554 9 546 108 83 202 267 318 398 400 154 43 180 57 311 106 48 560 236 424 243 430 178 423 228 462 35 472 104 366 165 22 540 466 552 124 508 43 408 48 508 50 502 565 519 520 435 205 229 377 503 25 416 71 599 85 19 472 43 508 94 216 124 223 256 443 299 587 568 98 90 413 304 305 463 265 156 160 397 207 328 560 505 418 582 469 576 74 162 549 256 526
23 354 480 307 581 306 80 508 238 528 96 225 319 105 203 425 424 554 79 44 114 245 139 250 74 41 409 165 449 497 276 517 251 269 244 334 454 439 491 57 505 74 595 510 147 42 145 283 459 552 218 574 436 85 89 57 542 266 215 86 564 558 51 299 393 235 446 482 224 83 419 490 93 296 241 226 202 281 125 433 195 53 295 293 194 570 415 501 31 192 45 232 221 157 139 525 344 110 123 210 277 110 555 28 79 489 444 144 503 214 250 207 144 479 376 96 396 15 459 310 68 225 532 128 318 565 95 27 342 564 32 384 446 157 404 594 28 504 134 62 580 165 179 427 274 290 85 572 219 549 586 205 480 360 526 217 586 265 552 308 159 411 63 555 389 171 454 575 263 198 403 138
13 285 429 167 224 449 182 141 126 117 139 68 112 520 450 586 519 395 338 402 502 420 507 396 458 563 404 184 430 533 57 243 162 262 346 475 267 599 562 534 199 104 62 220 568 190 89 411 536 564 214 169 429 466 309 434 322 69 376 187 419 447 24 409 349 307 519 250 85 27 266 458 511 296 320 68 357 158 401 22 457 150 272 212 125 429 468 492 538 516 599 472 390 531 488 222 366 23 102 469 330 446 370 102 339 359 168 295 538 499 528 313 206 197 371 175 477 69 124 500 338 494 339 481 372 454 538 25 453 148 254 364 277 9 410 571 101 86 342 390 300 546 581 292 282
186 364 511 70 568 223 350 249 577 388 238 97 193 216 158 94 110 127 539
278 167 407 490 66 459 430 7 483 391 438 599 268 396 181 292 468 34 347 207 212 26 288 390 232 321 585 422 415 413 576 24
213 74 142 295 226 495 387 199 229 96 192 485 4 486 316 500 451 14 325 130 467
507 265 21 117 207 307 118 442 70 310 447 60 69 544 430 219 383 286 423 352 591 285 491 389 93 272 232 303 451 450 196 270 268 212 385 388 192 227 532 204 84 140 584 52 530 145 323 517 385 221 8 495 217 9 403 527 304 178 376 60 296 317 78 395 541 261 392 46 432 82 368 280 566 380 211 304 529 368 547 582 30 334 375 148 404 600 433 387 528 425 406 320 51 155 80 438 392 424 178 429 209 441 412 115 269 327 257 202 75 156 446 397 241 252 177 192 566 18 360 473 361 54 542 18 165 490 398 207 549 80 242 368 172 448 506 539 391 36 401 118 307 519 59 459 233 235 121 466 176 62 599 173 230 312 168 200 476 359 277 92 265 565 329
453 61 399 505 308 27 296 303 66 381 197 169 216 49 228 532 110 336 309 310 0 466 127 97 229 566 112 488 133 304 195 10 146 212 486 111 128 222 505 523 543 452 432 297 125 393 50 92 321 158 152 288 354 250 30 488 242 457 270 44 62 516 30 356 158 258 256 273 9 219 206 251 600
376 391 452 483 316 265 144 389 537 493 316 162 528 407 235 301 502 106 109 212 112 256 12 180 456 392 397 201 599 189 97 59 317 580 96 415 147 274 180 241 333 375 90 26 459 36 205 236 230 461 218 40 26 511 359 276 155 321 142 484 594 415 137 600 355 426 403 371 269 341 514 87 599 296 441 337 30 201 311 557 550 193 144 131 311 234 595 533 484 77 437 6 553 305 525 63 241 31 365 215 60 484 251 279 173 347 527 309 533 235 157 93 339 280 207 441 311
330 455 63 114 23 295 538 14 438 51 326 495 515 103 600 474 583
335 590 546 556 291 292 395 370 40 205 585 348 189 82 49 252 321 235 469 193 204 58 324 147 550 259 238 249 338 72 251 403 547 419 150 44 596 196 570 70 442 77 431 210 183 214 596 259 184 245 121 294 572 297 363 515 406 226 391 32 470 44 48 9 313 71 332 428 336 315 280 121 222 431 299 368 31 96 67 218 42 503 315 496 598 89 209 176 425 255 156 84 254 66 408 582 544 474 443 586 327 198 472 560 73 509 541 543 120 81 377 508 83 106 284 430 520 406 511 181 206 579 438 136 164 11 202 142 363 391 553 527 540 154 568 287 187 131 64 344 255 236 181
339 509 99 102 9 454 58 296 86 322 160 365 522 281 414 444 497 276 17 523 351 141 52 47 545 390 587 424 289 376 424 540 312 72 340 355
170 72 203 239 86 273 84 276 454 466 203 271 540 289 133 352 307 61 581 286 150 508 341 434 517 4 595 353 439 120 448 360 408 558 315 312 291 198 108 598 470 215 247 57 35 295 267 502 213 95 466 369 272 362 550 314 97 170 492 338 452 54 93 104 363 394 124 354 550 133 411 481 0 57 337 60 433 405 193 425 464 598 103 453 64 383 430 379 542 523 261 215 333 298 312 344 272 180 364 430 56 259 66 131 399 477 219 210 365 367
274 598 381 335 176 351 4 91 566 465 516 190 559
591 591 57 414 441 501 236 429 217 357 49 566 50 13 142 313 196 440 92 419 247 59 570 586 60 19 346 374 350 85 328 315 332 55 352 77 117 483 56 36 506 343 595 305 484 74 430 71 431 21 522 183 340 272 592 491 71 415 177 375 57 146 109 215 56 522 291 7 162 314 534 110 49 36 376 62 332 531 180 273 392 506 422 457 464 243 329 452 67 15 446 557 157 50 211 302 232 581 267 126 258 14 410 122 384 424 114 54 36 383 52 190 26 510 159 482 590 330 226 87 377 139 247 454 382 384 115 128 244 248 52 395 420 367 285 163 374 149 123 114 350 299 392 542 508 194 469 440 206 296 598 240 312 589 464 5 507 106 26 511 181 178 211 550 214 166 535 410 76 10 541 128 418 450 110 323 241 469 481 435 90 374
112 557 318 527 185 191 182 161 424 471 459 139 203 374 472 455 166 575 276 391 2 497 468 499 260 76 444 522 1 431 397 305 163 382 271 327 468 588 194 119 380 170 170 306 299 157 321 299 368 415 500 159 237 120 143 524 23 496 219 218 373 34 193 474 367 580 130 411 387 598 23 53 513 364 543 322 310 316 474 36 76 111 360 52 290 380 443 434 597 551 345 18 461 573 27 131 228 68 358 11 323 226 450 340 505 204 334 374 544 112 372 576 34 169 344 457 363 157 252 285 336 581 558 204 301 366 174 556 321 224 569 195 240 20 117 204 131 272 310 233 460 443 587 253 492 411 63 94 347 335 337 566 47 340 406 490 150 556 32 559 531 12 394 599 297 494 565 149 424 37 502 99 271 555 58 476 40 428 144 394 293 340 240 100 254
289 488 310 436 91 503 478 324 411 326 350 152 249 42 242 385 395 146 424 486 79 74 545 26 339 60 149 545 89 502 304 591 220 294 395 15 553 296 95 65 220 120 271 63 123 93 95 330 538 556 444 41 170 13 143 197 213 261 111 92 511 10 416 24 174 385 101 544 456 238 138 316 539 496 571 546 420 328 502 549 392 279 44 464 221 192 463 424 238 383 476 206 12 390 460 225 113 368 278 7 338 265 525 402 439 381
93 431 364 187 3 23 309 160 127 417 152 307 221 29 67 463 153 30 55 162 208 317 52 190 529 502 69 356 485 460 259 517 14 196 445 166 341 208 329 6 583 446 526 477 190 183 599 73 289 105 298 94 433 90 442
494 216 82 517 364 596 508 253 431 228 412 171 313 406 199 420 47 137 444 125 379 17 191 537 57 244 491 299 297 149 526 380 140 193 587 331 85 578 96 508 282 134 440 429 547 74 217 546 366 247 322 239 295 142 5 164 508 586 398 430 43 567 578 232 218 381 374 429 41 132 380 487 380 80 32 201 514 468 470 291 109 197 119 112 389 586 512 54 439 338 27 544 73 204 259 26 464 364 550 562 564 274 313 524 578 390 155 456 294 520 10 2 92 21 142 369 518 36 541
425 539 183 461 340 44 513 497 39 309 352 247 414 441 503 143 385 516 518 401 345 203 410 265 239 461 265 156 27 584 342 67 253 291 207 496 529 458 146 17 35 525 236 528 95 404 355 23 195 497 345 401 349 399 422 201 12 591 370 193 494 234 47 97 291 585 454 296 16 357 158 249 417 261 533 235 277 7 62 390 225 389 502 160 467 399 600 363 410 34 66 498 229 7 253 49 173 463 143 560 548 555 47 583 406 68 230
183 360 230 138 304 268 102 279 162 2 379 66 45 512 419 518 366 383 535 450 207 541 274 262 113 582 170 95
365 32 20 108 79 544 492 299 464 298 398 188 273 148 409 390 330 4 480 453 599 371 103 235 190 379 583 72 20 212 281 53 99 406 579 590 233 563 308 378 249 159 227 472 388 595 52 94 266 246 544 115 117 514 14 182 184 286 59 419 367 3 157 4 466 376 468 414 142 479 42 177 133 122 214 272 420 15 441 536 211 597 167 547 224 243 531 408 334 194 210 58 553 384 266 524 422 489 160 180 505 417 36 252 184 452 467 324 519 426 21 276 387 563 147 70 573 37 11 168 428 201 249 179 222 397 202 584 160 421 243 118 34 450 290 354 557 471 573 25 52 174 104 63 417 137 209 502 69 461 456 3 7 191 215 29 82 594 367 385 449 144 455 201 67 507 408 187 71 561 21 384 107 258 136 518 152 457 22 544 58 581 412 23 217 520 288 574 493 400 299 462 510 504 577 108 501 209 40
203 434 439 99 541 187 405 549 342 318 520 535 218 169 304 422 398 417 336 446 359 53 388 73 248 274 414 124 380 9 426 426 89 537 270 298 434 338 586 339 428 68 520 309 159 578 295 273 584 550 593 64 279 90 36 376 91 347 566 345 394 325 80 34 404 154 460 19 574 242 438 358 328 370 405 401 586 284 343 334 493 200 170 63 436 330 49 159 381 61 285 533 95 516 5 426 517 48 100 68 578 356 167 572 166 446 276 252 98 545 29 20 110 507 468 101 549
315 246 463 462 53 122 457 294 217 60 66 256 510 232 55 494 310 28 153 342 287 567 464 382 274 462 466 544 157 212 396 478 263 187 83 485 74 133 404 100 163 257 474 523 246 507 589 81 32 254 46 37 38 370 502 66 165 380 392 44 488 507 352 226 217 95 461 222 186 478 554 236 459 524 32 82 227 471 230 223 318 206 537 355 425 281 433 403 538 440 527 575 219 459 8 216 280 553 351 301 193 284 223 518 16 519 534 103 406 120 526 48 316 411 343 282 216 351 576 217 397 389 548 389 136 261 171 513 52 65 42 46 528 283 150 352 433 291 327 2 170 346 106 406 452 245 484 32 439 74 279 47 65 480 590 272 323 207 69 416 479 315 238 177 23 516 336 211 510 365 0 183 589 219 22 473 36 245 324 495 419 170 126 546 598 7 308 390 515
103 554 541 47 86 491 378 331 452 322 326 28 15 2 437 412 588 334 197 430 65 152 459 332 587 104 104 476 309 495 329 489 339 161 426 317 523 447 570 37 540
41 221 286 2 322 245 379 114 175 493 515 88 414 281 299 145 385 321 256 502 341 251 167 8 442 541 29
403 317 128 133 297 182 105 577 427 166 286 344 331 495 300 238 186 147 139 318 203 302 488 347 79 248 326 65 501 485 72 404 426 347 319 564 424 346 473 172 563 282 450 499 599 341 593 224 266 456 287 238 380 11 444 19 58 133 302 486 247 515 50 108 439 334 556 584 324 76 526 222 341 410 391 458 451 17 88 179 300 195 34 318 345 238 171 169 314 251 406 327
564 264 530 339 373 209 146 410 32 62 424
196 532 179 155 155 572 140 95 12 323 513 582 81 1 121 93 382 32 347 103 35 192 213 288 446 75 475 423 525 220 332 465 569 135 151 267 461 562 419 324 305 280 458 475 127 367 84 576 256 527 492 97 299 47 168 475 477 472 38 233 180 57 179 489 281 489 384 198 17 427 422 369 490 55 379 436 243 340 251 11 116 218 543 327 507 337 28 230 576 105 286 156 585 217 442 377 166 566 33 185 235 294 372 240 16 218 356 475 320 565 412 134 175 126 466 148 342 595 214 364 39 90 415 300 101 269 528 470 528 176 13 203 513 191 545 587 277 167 445 67 97 337 244 70 230 372 395 537 288 463 108 303 120 571 207 524 541 477 118 551 397 122 396 42 445 226 67 481 564 360 122 454 229 254 429 440 313 520 536 472 352
568 141 244 53 161 555 198 587 565 29 192 48 79 432 224 450 521 212 366 273 456 191 432 410 171 465 143 219 420 12 245 105 230 412 224 572 72 280 243 397 87 270 293 539 500 468 50 82 547 585 100 492 490 230 250 349 483 350 311 109 481 1 375 235 198 510 103 4 325 500 8 246 183 527 224 78 266 561 100 459 214 409 231 198 260 417 53 428 584 93 17 157 351 43 297 546 442 541 95 440 307 472 405 534 24 548 215 598 510 548 444 296 241 181 86 129 62 28 205 405 498 95 469 369 233 64 559 388 457 584 328 77 447 543 128 227 550 555 201 274 29 217 189 322 290 177 197 145 327 223 145 139 432 37 98 189 61 373 347 116 154 20 520 340 547 462 281 65 294 186 293 11 398 527 380 325 35 468 32 198 437 354 598 370 273 161
131 301 468 579 453 570 516 158 520 597 271 304 404 271 213 598 383 83 60 216 503 456 101 120 530 70 516 319 35 266 144 450 331 158 467 472 254 223 325 360 7 599 478 210 29 519 106 205 329 561 188 76 236 50 392 390 533 433 236 515 21 352 146 58 365 293 588 258 194 338 88 483 212 435 246 98 11 301 414 454 492 80 197 90 500 245 259 302 77 198 202 47 322 151 402 539 131 1 234 495 57 438 389 566 187 137 457 538 258 202 199 212 423 448 216 474 468 75 584
277 252 41 529 547 421 582 314 206 497 357 46 54 15 521 355 179 16 17 232 311 154 305 241 296 516 143 77 210 305 343 426 429 247 182 66 319 186 572 455 534 222 276 106 150 246 381 327
70 23 465 419 481 265 113 517 225 337 430 516 156 189 169 500 291 337 416 391 361 253 387 561 600 367 331 547 560 461 439 248 459 374 515 473 501 291 600 534 352 59 39 488 558 39 459 193 507 376 195 115 169 114 394 137 127 230 412 546 358 156 599 479 54 162 165 585 134 112 376 267 514 106 147 53 215 586 204 497 248 236 125 218 340 41 413 235 284 349 78 247 119 521 154 448 433 574 252 549 17 365 253 423 145 318 123 51 96 47 561 474 538 253 0 319 67 123 560 436 119 277 26 490 591 117 341 599 219 334
99 475 541 413 236 61 491 363 204 264 111 261 591 479 525 25 255 496 42 564 566 506 1 261 220 86 389 212 101 290 8 516 321 176 196 459 529 345
294 138 276 264 300 132 96 546 142 27 485 115 417 468 124 412 431 134 518 590 583 93 38 219 577 537 321 337 468 515 10 516 151 520 359 359 563 364 37 216 189 191 8 585 124 175 142 395 42 69 469 473 68 412 592 75 207 308 584 296 254 3 430 518 448 217 191 68 444 30 542 221 218 131 233 164 191 86 494 51 187 153 253 147 143 78 271 53 65 345 595 88 68 411 80 486 502 562 356 252 368 415 447 312 183 247 262 508 120 79 321 440 25 367 210 222 309 167 554 367 413 76 227 523 382 318 473 563 364 224 47 139 110 349 471 537 404 554 299 590 526 53 449 451 459 22 414 463 66 100 245 63 249 390 313 162 452 527 1 344 465 310 217 19 503 107 99 99 493 191 495 449 371 251 371 289 361 320 148 292 398 556 510 422 372 380 482 387 248 229 222 125
347 35 232 13 263 17 535 206 438 31 411 509 344 534 182 547 235 465 552 6 542 585 571 385 435 279 382 411 231 380 544 568 294 597 139 77 328 368 439 495 158 401 443 70 592 150 326 423 507 66 156 402 543 533 289 260 137 283 361 392 485 303 453 81 197 375 206 31 593 167 425 445 155 138 129 267 349 451 77 289 103 434 421 26 134 464 480 353 438 430 563 103 207 448 428 594 238 420 459 598 313 249 118 598 120 406 550 183 433 164 17 73 202 406 17 448 350 209 269 5
369 203 278 312 361 11 220 517 456 224 208 324 566 327 492 551 215 160 87 374 508 573 39 314 202 172 345 581 180 219 127 502
262 41 190 50 502 193 190 225 285 128 23 405 185 514 570 39 196 296 525 431 301 396 540 476 459 302 295 336 256 417 408 17 81 49 468 319 93 104 246 130 425 10 12 429 132 466 259 48 593 433 27 348 83 415 2 217 115 191 520 397 351 364 376 362 534 437 103 442 350 407 339
224 341 538 355 489 210 510 588 478 145 541 361 506 233 242 430 54 2 9 317 291 242 276 15 170 289 37 492 91 60 262 360 321 351 321 326 363 192 242 190 559 453 213 534 73 148 554 504 48 259 224 120 327 558 394 81 596 407 91 535 180
548 67 125 413 107 108 274 80 456 380 558 591 405 148 430 16 224 190 249 421 149 111 169 420 469 501 225 209 384 264 38 331 280 34 214 354 513 270 590 594 239 237 143 356 118 131 249 343 589 17 103 249 571 515 41 217 55 333 382 129 14 277 75 415 127 302 228 450 270 127 66 255 180 412 199 445 425 114 157 407 434 453 551 277 575 426 265 587 0 79 32 195 92 206 169 379 529 65 3 510 524 6 96 20 155 548 420 97 308 326 61 262 163 303 475 490 515 582 374 80 33 238 498 80 558 382 470 46 29 285 189 52 403 570 558 557 16 16 181 145 465
36 62 49 407 299 93 528 504 139 97 101 595 515 131 243 16 478 73 205 412 561 397 208 72 140 576 343 390 379 266 50 323 64 218 291 255 277 528 87 352 101 532 34 195 401 522 49 578 504 273 497 287 410 354 173 116 274 3 451 96 567 236 223 293 201 24 341 138 400 257 133 252 497 463 412 168 303 340 265 162 367 578 131 455 63 594 176 592 434 253 517 426 111 258 30 321 454 383 367 343 313 371 14 95 244 265 358 187 112 558 532 80 216 530 158 322 89 522 275 26 495 560 132 49 496 81 447 529 202 457 44 531 451 448 255 254 578 219 559 342 48 106 529 444 483 391 102 3 104 546 507 238 116 387 484 76 572 191 474 163 519
567 286 389 0 205 273 192 296 299 197 233 72 272 73 514 170 527 174 175 23 572 317 117 49 91 322 532 553 429 17 466 375 333 552 290 213 327 196 427 305 384 305 134 517 121 532 131 86 261 366 411 582 542 339 416 281 141 124 553 282 464 7 212 108 259 519 394 24 176 487 62 359 478 202 510 306 523 293 111 150 149 576 1 395 373 314 440 146 144 68 400 521 193 583 66 44 0 46 410 269 489 129 326 227 554 55 366 25 55 335 439 83 197 356 233 136 472 390 439 406 419 77 283 273 338 427
157 598 115 442 575 553 178 91 228 462 247 520 439 405 72 0 105 242 573 362 474 414 253 583 253 244 313 353 272 533 544 548 525 111 15 58 246 440 121 320 453 186 420 303 356 519 416 227 227 508 129 443 307 3 217 35 593 417 193 393 257 398 193 433 63 290 147 538 29 93 309 146 70 143 160 77 404 167 301 95 280 430 123 376 212 111 153 398 600 283 128 539 129 244 378 289 476 492 204 72 320 347 44 3 302 242 7 438 74 72 287 475 444 539 533 226 23 318 102 123 228 133 166 477 321 168 453 570 517 102 280 99 457 543 116 218 142 388 159 583 313 316 548 376
259 524 464 313 113 393 34 285 600 574 210 157 118 476 16 548 33 149 218 375 303 577 440 149 474 451 69 350 565 592 494 238 264 1 153 315 223 100 512 432 373 292 124 56 34 219 104 355 153 80 497 525 353 554 252 390 69 470 140 369 524 538 63 584 33 481 326 373 521 119 419 528 298 103 457 111 154 535 164 243 325 427 335 488 513 115 110 397 106 5 103 229 159 269 7 224 434 41 59 3 212 123 349 31 402 90 411 516 42 326 38 486 317 21 411 273 62
592 482 331 371 40 224 297 557 79 508 97 381 524 574 191 434 549 287 34 335 85 302 350 428 99 150 144 462 334 146 269 48 179 34 358 134 342 184 397 46 176 507 277 47 29 596 368 284 498 101 568 104 185
106 245 563 183 221 561 16 254 222 59 120 68 83 335 494 17 104 414 531 153 78 536 315 319 427 559 588 5 127 561 155 411 143 116 126 79 574 478 286 475 257 327 499 465 263 434 348 531 367 430 59 412 45 48 497 272 436 77 226 85 99 241 257 438 156 592 470 469 493 577 558 105 414 131 41 406 511 142 257 517 106 573 551 567 498 120 136 148 424 280 120 26 124 57 563 163 54 103 318 416 118 120 238 179 565 23 271 158 490 404 109 404 280 343 184
186 187 365 595 526 399 432 328 331 210 126 454 567 78 39 179 442 104 555 100 254 299 245 102 113 486 99 399 374 554 216 62 309 391 317 152 230 259 414 559 193 194 439 463 216 536 43 79 334 173 252 327 120 150 395 468 8 169 196 517 311 574 165 89 366 207 237 446 4 268 306 199 175 477 441 22 396 124 310 210 240
18 172 84 402 254 253 111 533 15 450 207 127 148 145 1 12 305 496 45 303 314 57 373 319 231 384 386 183 241 599 382 497 451 532 104 100 152 296 508 329 511 187 303 506 299 401 558 210 478 522 409 525 0 511 138 106 164 138 23 560 511 101 163 266 44 591 334 70 255 16 476 576 343 354 52 425 121 535 133 210 567 293 40 373 121 365 438 550 62 51 511 522 562 540 503 222 275 43 595 234 170 523 424 233 532 236 538 195 503 476 278 294 321 504 548 180 337 179 173 64 444 212 464 163 152 571 571 6 250 569 46 208 126 184 173 460 495 97 226 590 235 447 158 412 347 492 18 62 304 260 538 434 195 167 214 62 137 140 393 554 76 251 23 355 113 556 540 100 497 268 8 451 266 141 546 432 63 346 41 183 260 122 82 243 566 363 292
146 162 398 584 284 115 470 12 595 193 433 293 215 88 320 368 317 160 113 85 227 201 500 77 432 381 1 493 580 579 543 429 573 195 543 220 409 455 136 150 10 555 149 175 421 556 152 214 414 473 154 181 118 223 505 134 208 2 539 567 61 83 152 166 579 409 507 463 77 527 565 414 20 403 521 296 497 286 204 119 550 579 194 518 127 452 353 533 323 444 418 26 450 266 60 461 334 370 561 365 325 21 325 42 184 215 50 531 87 144 74 422 119 346 289 23 135 210 557 52 286 56 580 156 52 438 499 330 72 351 272 555 366 333 413 386 463 478 54 177 286 316 207 112 304 7 372 184 27 514 252 553 232 213 92 103 64 214 5 325 204 533 396 116
468 6 572 431 324 150 486 372 553 542 376 419 40 584 239 27 274 126 544 168 560 125 41 329 2 459 191 155 46 425 572 125 344 248 222 423 121 564 588 219 77 463 317 372 319 23 103 27 467 287 363 547 488 115 425 249 418 13 431 252 356 282 540 153 427 427 133 135 323 555 524 499 70 282 461 127 195 208 111 190 380 441 526 487 543 48 384 59 291 348 172 458 108 93 128 559 239 364 369 496 159 236 499 162 119 192 264 166 71 563 538 480 529 387 278 25 160 421 409 169 541 572 492 254 564 442 410 97 356 63 378 178 578 265 394 463 145 583 282 536 195 102 137 361
384 318 480 446 405 343 165 367 546 353 337 64 191 461 349 78 401 25 55 568 2 447 12 188 537 194 145 130 82 451 72 305 166 248 417 465 138 340 417 382 371 231 219 182 272 183 372 576 77 463 40 366 387 580 127 222 441 94 265 202 461 306 486 85 571 194 378 65 199 215 242 102 459 354 388 4 190 573 58 372 231 234 563 371 198 489 10 476 285 566 355 305 23 393 411 249 568 347 112 306 372 348 273 279 283 61 237 500 382 106 472 520 468 147 375 36 193 325 0 428 120 285 15 431 565 187 149 139 183 588 526 106 244 249 529 259 380 387 188 210 37 582 293 189 364 168 138 23 535 30 407 445 58 363 376 539 589 312 187 525 486 349 260 412 249 228 191 31 101 288 384 379 515 264 463
226 166 157 546 281 554 383 582 199 150 548 458 581 579 341 172 521 72 108 487 418 215 473 449 35 538 240 169 556 291 223 107 299 158 387 476 544 56 437 474 590 317 315 87 199 301 110 253 335 125 19 188 536 110 80 151 148 331 1 540 426 23 192 505 124 18 205 342 293 328 544 569 519 0 157 435 116 448 103 383 409 157 9 48 160 64 63 475 119 78 189 484 537 196 338 193 7 537 373 528 426 290 546 302 181 446 366 457 504 417 431 411 52 487 148 412 34 205 173 585 521 456 189 319 320 339 63 136 5 125 257 223 208 599 276 207 536 30 577 291 55 330 97 14 186 376 331 540 188 27 228 218
307 366 398 588 6 154 362 378 43 435 194 559 546 488 584 337 276 314 528 144 26 441 511 355 303 404 252 111 201 372 532 3 331 157 478 355 393 389 245 61 381 164 270 223 374 121
436 50 570 587 581 508 15 158 391 42 460 271 472 436 122 14 377 431 441 291 55 204 339 510 391 255 213 64 350 300 511 124 474 210 426 445 346 90 113 509 146 96 424 215 599 427 448 194 577 183 547 357 261 200 483 62 403 251 587 473 220 138 356 338 537 297 27 366 107 277 354 254 439 502 462 441 464 470 33 149 558 284 573 316 349 366 448 283 513 81 576 396
312 32 407 363 165 393 555 404 564 307 350 158 346 223 213 499 577 496 558 421 302 589 196 176 143 196 234 523 345 222 274 291 452 218 208 576 115 470 406 1 148 172 519 269 148 74 595 312 532 558 183 273 93 495 178 553 71 415 288 350 304 329 60 391 441 166 430 238 418 484 453 184 450 591 563 456 190 94 319 574 239 388 476 513 195 522 332 476 251 492 243 176 156 555 189 346 121 586 491 438 94 478 199 416 423 365 59 591 50 562 592 14 106 17 239 224 566 85 324 439 130 27 40 232 335 386 152 413 380 123 150 113 58 205 453 128 7 433 412 507 85 472 535 85 527 478 197 125 377 252 473 385 362 45 475 444 475 463 502 299 248 396 169 347 227 124 540 548 230 366 391 316 147 60 279 250 563 157 170 494 61 223 438
186 133 187 475 165 269 203 502 34 220 52 210 147 98 341 90 98 413 281 79 176 261 44 267 61 13 356 138 126 499 417 506 123 448 422 531 224 426 275 526 30 289 222 519 324 376 159 440 403 57 155 325 245 28 596 284 400 258 186 106 594 469 37 287 12 467 51 114 101 377 377 193 398 45 391 522 443 369 489 343 589 59 544 459 130 35 30 481 172 555 318 512 550 19 558 288 234 428 539 385 228 502 402 437 142 61 337 443 312 296 306 595 590 124 578 41 233 433 355 40 364 559 484 179 64 8 300 564 176 401 261 53 293
285 46 41 450 106 84 316 118 203 497 7 152 516 24 25 70 277 97 563 331 46 512 432 241 486 548 480 83 21 348 569 245 271 293 564 452 529 94 8 317 51 581 300 192 235 39 82 172 166 425 492 238 227 283 507 474 430 542 445 364 349 544 34 562 534 396 558 99 277 545 286 85 142 18 277 262 521 554 558 135 442 126 556 195 163 459 91 247 276 18 270 197 187 415 447 21 563 90 479 493 25 193 458 231 340 71 495 295 564 8 85 469 516 180 519 140 549 391 494 98 215 497 424 104 215 467 51 324 149 180 14 496 445 473 564 160 34 171 364 58 209 420 144 12 329 576 559 548 531 414 395 11 286 517 363 163 69 13 333 430 77 410 491 251 484 539 262 38 498 408 516 502 337 394 221 579 38 295 276 348 358 279 342 393 198 215 304
5 146 308 449 392 500 392 38 462 25 90 74 472 588 364 354 282 271 423 323 301 246 521 598 461 258 253 293 566 152 104 204 401 508 346 308 223 557 107 313 401 75 569 285 365 344 180 161 4 178 172 499 493 490 103 596 438 68 98 232 156 203 199 34 289 552 134 43 56 508 230 306 384 208 32 368 559 561 407 483 581 512 527 25 529 460 31 218 172 61 351 24 403 586 449 50 527 58 124 26 4
19 176 549 27 548 57 215 196 345 92 579 427 392 528 148 134 596 581 583 121 495 229 295 310 242 163 290 500 28 460 520 505 544 354 4 220 402 169 89 350 142 203 5 201 159 191 467 363
492 533 223 500 402 499 386 549 328 321 142 516 203 500 384 81 208 328 324 410 103 538 60 282 7 167 351 61 563 584 76 8 288 103 471 386 596 530 350 74 529 79 438 480 109 187 583 593 192 561 218 227 212 359 96 157 52 86 262 519 384 467 473 494 458 446 333 436 298 277 431 559 232 405 252 549 354 57 421 278 280 199 48 494 456 520 270 434 551 395 148 556 350 499 305 100 211 370 523 453 457 336 441 42 41 346 421 103 97 181 220 365 530 275 15 165 454 559 261 533 279 312 422 417 498 44 28 420 196 372 63 318 300 550 567 1 477 276 246 567 347 140 194 468 538 407 322 517 71 445 262 493 475 568 285 47 184 509 597 57 588 95 503 92 274 583 10 527 412 128 161 434 483
16 483 410 156 288 478 93 172 398 550 481 344 398 391 297 499 164 453 107 139 152 433 38 218 317 421 591 56 1 219 534 522 173 436 231 421 238 29 357 362 118 413 599 15 409 327 333 138 421 146 462 430 321 309 73 493 382 254 456 20 513 530 275 123 337 569 100 512 289 92 282 513 57 267 100 516 419 309 509 37 174 315 289 340 454 104 400 327 273 469 182 444 356 161 236 133 375 72 214 458 93 522 189 534 397 330 220 517 17 251 275 504 519 249 13
0 135 580 182 26 175 583 348 568 457 35 208 50 187 22 192 115 169 220 204 275 513 512 419 549 114 451 577 580 98 227 121 598 209 386 100 108 266 204 459 95 569 275 129 333 160 371 62 41 542 522 92 143 171 22 11 521 132 61 475 183 202 415 266 54 7 518 316 516 314 73 472 229 507 585 196 330 260 320 452 237 442 345 381 380 259 170 344 310 275 378 555 448 223 26 319 117 281 495 468 495 187 235 466 190 147 130 195 450 484 461 389 311 180 274 98 91 81 573 279 138 197 42 575 218 281 549 252 496 298 367 26 58 347 551 289 66 170 328 319 495 120 354 557 267 488 536 534 264 402 392 105 223 84 474 121 108 412 259 357 215 178 148 310 100 577 351 379 498 282 93 489 313 116 95 119 26 147 379 200 598 257 220 159
302 180 529 209 365 122 202 567 326 235 176 88 215 212
566 167 513 442 472 325 575 285 478 260 149 55 447 71 308 263 304 415 511 233 366 356 530 130 41 123 237 324 205 267 425 34 102 596 17 116 441 348 187 5 477 554 505 583 483 335 564 218 519 499 340 121 390 171 118 141 444 7 200 24 309 118 593 137 292 469 70 328 588 423 447 569 427 68 345 123 137 371 182 567 546 204 395 191
84 531 471 133 263 531 465 490 7 115 481 321 414 327 12 157 541 413 213 550 520 258 349 242 107 440 370 55 291 555 228 206 584 90 75 211 560 423 202 427 526 53 564 9 20 454 574 441 540 445 571 171 285 495 183 442 96 358 205 459 60 292 555 409 341 139 127 271 176 107 355 424 159 212 43 11 421 329 571 344 316 584 237 420 297 412 394 504 306 48 133 572 410 427 554 491 130 320 534 56 281 169 181 335 89 323 580 89 125 50 316 578 182 417 183 447 111 61 513 346 67 532 63 345 528 322
61 403 93 578 267 480 356 176 467 378 314 597
213 444 343 101 205 445 45 267 62 235 102 311 446 496 318 153 188 243 524 506 373 500 273 235 175 112 557 290 534 233 162 520 391 110 140 509 183 35 451 235 556 68 388 205 506 358 245 216 304 509 448 461 330 196 264 520 343 337 161 142 205 530 374 546 404 277 36 159 329 132 578 546 421 100 414 178 288 110 278 256 93 164 140 331 327 209 214 90 232 573 268 466 2 0 138 388
569 39 422 146 165 211 146 125 148 416 456 500 24 349 342 268 302 440 263 350 264 334 528 114 216 112 184 597 60 525 236 225 327 295 358 328 444 279 436 429 174 440 3 349 207 474 519 481 74 378 494 5 89 272 198 562 123 434 580 92 176 134 305 305 536 222 222 187 411 125 550 546 12 197 438 484 204 492 96 380 107 90 203 159 313 287 190 68 240 169 590
564 61 210 305 328 154 27 353 527 579 142 350 279 142 396 230 243 228 491 488 518 403 120 177 299 468 190 99 376 359 512 112 79 465 410 247 10 292 512 570 394 529 289 280 223 225 424 557 418 112 587 234 101 240 10 283 460 546 500 475 242 597 545 217 83 295 99 56 42 427 320 2 246 413 226 564 482 534 598 415 596 57 345 471 358 318 65 174 222 571 496 383 263 233 577 176 119 122 535 492 362 43 190 149 30
466 214 134 160 342 217 256 326 332 534 447 470 463 152 209 112 67 388 28 255 560 94 256 489 445 449 221 312 418 405 487 259 54 175 342 340 521 392 132 36 7 417 333 186 362 23 418 301 330 580 175 127 312 329 9
213 101 542 109 156 456 595 464 100 204 387 579 511 553 514 269 127 259 294 340 342 311 574 350 202 124 336 478 509 578 447 271 457 250 340 123 152 122 429 514 502 349 437 542 477 451 98 308 300 552 274 493 105 377 425 448 551 450 151 525 114 73 382 71 113 121 30 483 44 163 153 300 136 105 561 411 419 262 356 165 359 180 205 546 394 413 281 533 514 14 259 96 313 7 350 303 510 450 82 446 528
432 450 108 448 535 391 201 496 483 64 598 43 173 167 420 0 96 308 323 462 421 420 302 454 26 6 59 231 541 181 514 204 122 259 22 158 429 492 182 39 76 100 219 41 553 244 497 0 37 448 275 516 26 482 85 39 260 539 94 590 295 355 314 348 306 359 282 458 336 337 198 397 298 293 386 186 504 497 341 360 36 278 573 40 362 549 483 92 165 488 547 170 100 453 222 479 116 19 541 215 214 577 497 498 158 338 526 104 471 87 246 425 357 553 472 424 385 86 505 107 81 504 199 327 246 342 171 29 580 517 539 555 311 134 445 471 454 100 386 385 361 438 513 88 458 519 545 128 283 22 446 250
294 179 398 402 570 190 170 171 15
468 200 221 567 348 44 256 524 324 161 400 338 573 399 264 328 260 553 433 252 178 162 442 448 598 386 436 75 443 56 543 309 408 45 131 347 158 218 576 205 306 500 593 483 184 507 94 273 489 196 515 157 24 481 356 356 310 152 69 443 124 95 568 101 589 163 65 17 213 386 342 243 237 560 171 452 60 24 13 400 340 303 302 284 588 374 149 1 463 402 262 287 101 263 38 297 538 402 166 264 389 357 195 354 21 592 137 316 117 23 530 275 400 264 151 502 98 573 120 487 58 127 128 127 163 166 471 546 65 333 375 518 105 330 20 389 518 255 398 396 286 403 202 386 82 439 43 202 427 40 29 380 188
138 388 321 137 572 186 61 82 93 154 560 13 59 1 429 423 473 503 85 546 231 251 97 17 519 211 427 539 359 501 158 127 177 579 116 361 17 51 103 261 434 97 324 115 149 535 412 313 36 196 484 186 399 14 233 575 497 593 352 191 143 398 356 208 317 364 382 209 534 200 5 433 42 449 301 586 452 302 486 547 356 260 270 580 92 509 42 383 128 459 437 33 409 293 263 167 68 301 421 429 85 464 100 365 98 225 461 416 171 393 424 239 293 466 117 348 494 60 224 359 282 413 182 276 123 494 202 51 566 537 97 552 80 548 120 487 356 193 364 460 586 268 310 302 167 593 469 593 377 347 247 474 252 554 467 519 363 475 268 537 145 418 313 266 524 396 60 408 98 62 2 435 395 535 333
460 35 587 385 570 570 385 82 131 388 286 8 93 190 178 259 487 385 247 127 377 355 435 397 8 546 529 90 489 460 455 45 9 579 97 138 165 253 449 261 595 219 285 175 401 314 308 12 351 294 106 274 463 379 470 334 10 431 240 270 412 338 417 105 224 55 145 148 499 522 253 40 459 57 267 90 312 248 508 412 341 124 505 134 19 468 97 53 142 575 69 145 554 487 95 313 422 223 126 388 234 576 301 310 1 415 228 521 356 440 342 556 431 505 504 351 484 366 307 196 325 502 257 132 167 143 393 596 77 364 248 551 34 571 305 314 93 443 393 342 447 304 350 94 58 0 120 127 195 538 132 595 103 225 298 341 493 475 328 396 299 464 227 157 493 51 260 368 312 516 76 114 444 78 173 306 82 309 549 538 575 425 489 266 262 27 143 353 190 348
410 534 133 108 152 161 37 575 256 164 340 562 392 151 57 420 304 474 390 262 210 73 86 359 431 472 493 102 474 488 499 570 234 243 35 308 596 222 246 331 4 132 500 96 72 67 587 512 387 273 371 244 544 412 470 509 413 59 24 341 91 489 307 292 256 402 90 69 378 228 313 402 486 387 524 462 447 496 185 348 238 220 558 56 345 25 331 61 480 492 453 30 69 64 427 297 330 575 257 218 184 114 188 507 568 347 558 270 303 463 39 128 449 466 232 160 283 155 447 58 6 463 240 252 327 57 272 128 443 247 461 275 284 238 165 54 212 304 52 283 35 421 340 511 76
268 94 74 120 591 82 141 447
250 420 394 85 324 207 592 362 105 487 138 372 477 350 530 298 386 359 326 18 469 124 519 269 585 501 468 396 381 122 136 326 299 383 532 411 305 580 358 93 313 571
123 156 550 273 255 195 207 13 299 280 585 136 465 469 58 66 542 191 378 518 139 33 223 600 338 563 350 547 1 369 292 101 22 90 419 584 547 3 118 428 396 206 387 445 594 203 94 586 312 180 376 315 145 238 55 401 112 295 409 554 400 173 341 107 271 373 165 119 160 318 13 163 117 53 575 323 210 51 182 426 137 149 132 465 585 328 309 137 320 172 89 494 222 535 506 258 490 72 181 108 391 144 527 268 217 522 428 179 580 68 289 55 101 40 52 557 596 143 137 187 258 381 15 75 594 147 120 112 245 217 591 400 600 585 354 451 226 70 91 46 334 23 86 162 415 33 500
264 462 101 41 213 429 585 50 179 383 375 568 307 30 313 322 315 39 177 542 467 515 299 312 420 25 43 502 85 42 499 535 336 266 392 588 54 408 593 284 288 321 112 128 271 173 215 302 269 34 231 597 367 257 563 99 11 517 203 441 45 561 61 104 516 168 425 170 558 327 355 239 252 536 19 305 198 142 532 511 206 298 128 115 219 553 53 224 6 526 215 392 154 356 338 41 154 152 555 389 492 31 183 306 293 586 79 91 55 569 363 219 304 229 252 128
419 8 173 15 166 366 221 424 575 421 472 573 426 424 217 408 362 590 107 504 4 412 433 206 341 148 287 51 8 302 41 563 448 25 181 565 583 495 486 428 512 143 92 172 493 218 25 343 546 151 361 189 329 152 483 130 305 503 394 332 64 475 483 560 415 253 578 295 69 293 9 503 459 135 498 420 512 220 297 108 439 238 229 190 284 138 531 344 111 118 556 493 91 590 329 333 131 176 274 546 462 470 241 161 575 216 432 408 57 335 305 257 53 155 307 591 535 553 562 518 369 247 355 66 320 0 390 300 118 189 283 251 68 38 106 348 382 426 6 355 105 423 107 543 22 517 195 21 201 127 99 360 339 417 144 271 175 238 91 300 218 173 392 509 399 495 249 146 291 547 38 169 454 53 453 122 357 59 87 402 554 153 135 58 277 509 369 377 412 179 96 543 57 504
305 59 298 61 510 215 257 181 182 185 322 282 557 389 471 509 279 387 231 579 106 288 304 473 65 494 524 536 418 517 564 7 426 421 181 533 225 300 492 400 272 551 499 247 373 503 77 582 74 250 527 534 322 383 395 63 438 222 239 188 454 121 332 263 399 446 127 554 213 460 366 18 426 167 554 221 140 253 551 19 248 179 359 402 500 241 189 523 76 515 78 424 260 555 295 352 191 572 95 262 187 136 314 40 282 321 590 454 261 256 78 361 254 27 520 72 558 208 562 156 305 81 207 446 215 421 191
136 509 498 365 142 279 180 280 314 528 487 257 175 93 359 312 108 123 385 132 102 328 247 371 356 504 554 594 331 548 304 141 403 264 486 389 582 103 180 458 240 121 292 56 155 108 272 554 268 594
506 192 530 67 473 549 32 33 351 44 337 40 288 501 441 39 471 239 127 225 380 473 473 140 0 426 60 175 418 114 437 135 311 83 373 16 388 396 592 154 401 428 340 83 152 214 39 115 81 258 459 113 514 340 530 467 252 117 348 296 131 95 133 304 227 298 539 237 224 191 310 123 353 84 561 354 502 436 494 8 371 472 549 530 157 429 50 595 255 297 113 65 554 155 338 350 464 207 131 236 531 174 185 563 368 18 7 47 600 64 45 515 521 477 598 481 588 316 393 27 513 477 368 324 88 45 287 103 45 358 286 108 387 385 165 37 165 405 589 367 515 32 36 489 93 483 232 392 76 554 146 440 592 199 122 266 587 172 537 175 339
193 591 155 287 531 70 145 326 484 50 547 150 410 542 370 166 115 40 37 226
356 227 287 205 222 437 389 202 499 25 47 574 407 507 162 598 165 218 305 99 353 237 106 407 494 41 171 84 83 68 26 227 224 150 449 454 147 531 572 522 448 15 4 266 493 87 128 399 296 131 178 114 332 237 135 14 258 130 538 527 41 382 257 497 28 170 490 567 111 6 278 235 253 479 370 212 532 62 430 169 138 169 570 154 527 296 45 371 241 568 267 338 6 35 78 442 557 305 34 67 518 401 509 54 485 316 237 328 2 559 583 339 501 302 199 532 437 221 187 524 83 526 26 102 483 268 467 258 288 218 216 493 289 386 102 563 221 373 93 333 522 203 96 294 258 593 113 104 399 366 294 359 481 10 71 323 137 72 495 353 82 93 483 300 127 224 500 3 138 558 541 393 510 48 73
562 62 85 535 481 494 114 502 109 332 27 171 206 275 323 326 483 180 58 434 470 121 195 29 27 346 439 164 261 58 27 526 565 335 262 477 181 243 507 373 126 20 577 109 43 304 159 470 271 52 297 539 85 431 55 176 191 55 410 428 228 139 540 202 324 257 371 118 335 386 148 377 54 231 352 80 66 592 73 318 113 543 555 157 421 405 466 149 408 310 434 487 70 129 44 416 289 383 350 217 141 36 6 370 238 126 19 477 77 503 368 331 270 428 244 493 327 227 353 204 507 167 526 391 513 183 435 212 188 239 49 145 197 457 237 444 211 266 448 574 370 365 316 586 575 253 6 50 559 297 537 538 244 39 431 439 91 235 523 16 104 414 7 483 261 256 225 217 466 134 204 42 53 264 191 411 309 476 365 336 472 28 574 151
374 415 237 551 465 441 591 126 296 39 550 73 252 271 133 100 484 474 24 424 485 15 87 496 289 386 98 153 25 430 494 130 187 249 338 410 338 213 289 473 548 567 181 170 155 327 561 285 321 548 14 445 10 491 446 209 296 141 480 564 524 297 456 546 529 584 57 545 317 596 354 324 145 309 558 362 274 32 351 122 269 217 193 65 64 337 293 77 381 422 452 547 196 273 476 575 412 123 230 22 131 463 264 341 561 523 528 110 500 254 495 592 116 463 37 420 454 195 406 184 435 254 172 307 138 236 146 242 483 171 424 194 502 369 181 230 401 101 557 500 123 559 319 480 535 21 566 447 599 578 360 582 159 589 61 52
131 252 32 207 402 209 385 136 307 108 107 208 347 271 128 213 181 285 589 600 62 201 48 208 590 264 336 139 29 559 390 406 589 63 211 350 495 255 3 50 511 211 122 1 84 345 267 377 290 394 66 329 448 560 159 118 214 131 224 206 227 143 188 84 356 594 131 546 242 505 562 443 284 336 373 342 181 161
106 54 467 379 85 451 15 184 299 323 431 2 7 235 570 185 129 425 389 193 244 135 380 223 556 37 174 99 13 246 496 136 301 222 233 111 146 261 194 84 366 562 12 317 329 371 155 541 65 284 451 118 147 7 75 21 44 335 527 273 64 454 273 489 245 573 549 321 198 349 64 288 480 471 31 27 383 239 418 555 546 548 20 428 199 524 416 374 235 36 381 227 487 459 427 560 181 320 547 476 489 143 520 262 461 478 269 490 342 429 399 449
208 573 271 133 44 14 115 334 339 595 258 514 394 319 35 509 571 549 282 27 32 430 392 50 422 398 168 75 561 40 407 168 589 507 504 227 231 107 48 66 177 501 108 551 244 585 521 161 3 89 68 221 547 46 265 463 206 75 285 309 3 430 413 436 557 250 549 531 471 457 13 310 271 558 539 560 418 515 169 296 371 551 349 153 364 406 581 279 307 338 188 561 31 487 301 146 291 375 582 9 451 480 552 117 328 570 117 54 251 493 383 449 588 349 354 141 287 389 481 60 58 70 127 562 381 361 411 283 467 251 470 340 106 182 269 235 495 511 140 291 492 575 330 407 179 481 549 142 213 147 360 587 365 458 336 475 478 447 439 350 381 491 54 135 183 511 331 460 10 40 316 395 444 571 518 36 97 563 205 262 423 505 407 274 166 344 18 532 184 274 140 445
12 368 457 92 395 561 69 540 196 384 447 230 389 33 425 578 559 552 409 168 411 87 176 549 74 231 557 196 57 341 478 163 401 121 531 291 410 281 411 387 219 106 497 200 154 168 299 119 79 539 206 494 39 508 20 402 561 434 540 562 501 586 245 508 160 521 244 112 16 227 447 69 334 535 87 102 434 152 221 573 165 529 373 489 411 420 128 402 591 420 27 417 70 511 28 492 436 467 268 187 372 5 131 201 173 364 327 376 515 567
406 576 60 95 480 324 204 316 284 155 142 354 151 416 198 252 53 380 590 189 13 491 188 537 336 407 594 340 12 545 254 304 415 380 425 63 375 258 17
383 381 90 120 567 510 538 505 287 285 30 539 195 358 335 575 215 533 195 325 197 146 472 453 530 466 229 22 373 90 40 548 342 131 344 64 258 558 198 406 383 422 441 245 104 502 175 75 97 150 175 4 494 428 103 306 67 425 592 150 65 362 144 78 335 530 162 30 148 353 410 79 517 0 283 111 141 268 146 30 540 349 1 256 525 395 454 552 478 171 192 323 76 359 134
579 441 494 346 426 275 542 475 554 476 282 314 356 266 13 62 84 235 363 358 438 154 94 195 424 344 108 6 304 8 556 176 150 368 308 168 367 285 5 43 99 399 105 531 253 74 17 234 513 485 567 538 401 588 441 162 421 10 575 220 236 488 399 166 52 284 7 170 393 541 213 329 379 387 37 511 262 555 245 8 312 362 297 8 466 39 343 23 132 473 260 243 590 362 226 439 544 431 574 21 485 53 334 527 479 169 20 384 146 55 345 439 459 537 245 417 342 575 506 560 307 376 577 197 525 217 438 180 171 402 196 26 4 265 98 554 408 76 159 225 152 296 547 198 365 173 206 287 302 245 46 511 370 113 192 264 145 208 572 587 380 319 108 229 217 11 71 345 559 440 195 189 0 57 205 203 217 264 71 295 80
126 224 311 71 101 122 124 488 523 220 540 402 151 310 129 92 296 597 85 128 76 574 327 292 88 129 392 427 503 323 61 69 193 432 171 174 218 163 166 527 245 589 574 230 263 376 73 261 278 471 363 346 60 23 336 27 221 222 305 156 545 104 385 42 448 157 464 167 322 133 10 311 304 287 185 497 182 334 597 550 140 305 205 362 574 98 523 205 171 558 503 173 503 163 462 262 195 529 224 417 350 138 174 576 202 462 578 245 244 480 206 258 566 39 537 443 88
28 128 425 41 149 0 202 395 226 246 386 553 579 178 289 485 405 26 250 49 312 382 335 213 447 197 283 207 189 53 421 387 487 536 42 568 516 93 248 6 567 96 109 352 323 78 102 38 149 457 35 95 35 180 124 597 397 525 313 117 136 259 481 0 508 476 131 30 257 286 455 271 456 444 161 221 505 568 461 160 346 83 186 26 69 340 477 80 349 471 395 94 24 194 503 106 486 115 80 220 234 547 266 174 384 98 115 434 247 289 209 438 260 12 214 67 47 125 66 557 536 174 342 152 387 440 253 486 59 435 169 528 0 13 232 167 561 169 599 235 120 476 332 372 438 126 588 60 528 48 542 112 422 464 187 542 118 552 504 100 289 367 58 512 583 42 363 543 444
278 355 297 529 192 375 273 55 2 107 275 168 358 297 26 50 358 394 313 45 88 5 137 346 103 392 486 13 51 12
30 480 538 115 515 297 439 260 535 489 380 356 355 158 470 472 581 0 267 472 203 210 509 439 220 530 420 450 486 41
372 393 517 286 87 80 279 118 216 209 452 421 348 233 391 103 397 61 480 466 593 203 506 140 562 305 253 45 504 276 384 536 100 72 332 66 437 13 342 270 387 41 497 514 553 519 69 111 224 393 198 224 136 73 143 437 574 336 203 297 161 584 173 436 389 255 226 264 277 165 60 545 118 102 584 390 334 282 288 72 234 461 596 381 228 496 360 263 533 475 464 476
86 32 194 295 410 522 429 362 522 14 245 185 500 565 128 398 243 440 121 411 344 10 361 590 429 118 557 214 112 125 164 404 272 383 343 356 569 119 366 144 197 506 432 370 232 145 110 151 329 100 57 22 65 454 2 84 377 408 262 498 495 8 474 445 316 453 446 579 410 378 21 582 257 10 58 416 573 25 408 154 118 17 36 24 589 110 566 264 183 98 185 111 566 554 229 287 415 393 281 490 539 391 426 590 198
474 594 221 511 57 30 384 339 419 596 122 107 348 150 233 588 282 298 478 61 429 513 48 349 354 543 509 24 576 399 211 175 38 516 563 300 147 280 134 194 392 277
368 397 344 194 29 481 189 11 92 449 70 272 144 290 508 213 41 551 439 489 479 47 470 6 529 69 255 4 314 277 215 357 553 275 531 128 254 270 125 169 308 80 520 209 310 125 583 344 573 556 257 222 314 124 531 100 393 186 471 72 71 532 351 147 12 433 162 368 456 221 321 139 514 10 540 127 32 547 207 188 400 320 291 103 283 106 251 565 68 341 378 282 170 549 265 535
5 55 285 369 338 536 536 239 421 39 210 293 153 62 411 500 534 535 241 487 415 506 462 22 106 346 515 372 500 49 388 321 257 309 35 420 567 65 116 185 60 145 312 262 563 230 17 53 26 408 202 154 492 74 294 565 420 169 276 214 316 172 466 416 312 407 292 191 350 231 438 321 553 74 485 353 120 474 250 345 448 101 214 522 447 447 432 185 9 167 365 366 440 282 556 488 195 473 86 195 452 10 430 65 552 146 288 330 328 577 540 78 219 21 169 374 407 488 446 292 568 543 240 201 402 73 287 405 270 328 591 486 232 356 75 293 354 445 86 394 29 525 65 31 503 37 494 498 60 7 209 146 596 99 464 235 387 502 63 75
39 219 229 50 279 588 233 416 36 8 24 355 595 475 248 471 78 65 566 56 404 37 313 64 569 97 322 283 277 96 291 267 179 371 101 184 283 285 98 593 209 430 181 478 462 261 515 387 75 583 490 394 592 470 229 591
312 344 594 300 327 263 304 403 249 73 330 251 530 154 439 466 337 444 357 433 520 57 488 83 91 572 204 462 239 426 101 506 228 222 157 412 206 64 59 93 449 206 484 120 371 540 89 591 300 442 249 167 520 384 413 332 570 27 140 105 241 218 266 179 11 69 149 244 139 425 567 228 419 378 59 157 452 146 42 426 271 244 592 166 472
295 5 78 554 91 292 243 102 190 125 215 236 41 567 596 191 413 350 251 146 538 11 21 311 193 176 222 230 53 224 64 194 360 597 53 191 258 310 16 116 520 491 238 488 345 428 128 289 141 453 517 214 218 423 198 470 23 166 246 106 218 456 478 343 589 379
591 19 591 328 294 67 585 247 5 460 148 112 3 148 30 381 431 558 79 556 2 575 116 127 253 529 91 305 351 265 314 139 30 40 35 567 343 236 560 412 282 281 368 339 312 443 189 308 117 286 157 212 137 579 342 293 228 494 489 170 22 150 71 109 514 335 156 52 125 218 2 516 263 510 141 369 330 86 364 171 266 325 171 192 440 499 4 330 245 296 445 229 542 244 172 64 213 421 563 2 308 286 407 598 463 456 567 411 167 568 198 200 517 596 10 526 560 188 35 301 205 563 218 167 536 576 560 494 301 275 127 413 556 67 208 214 495 455 28 298 503 517 367 275 202 525 570 295 55 69 419 413 271 403 493 154 155
69 270 148 143 244 179 92 220 518 585 451 266 88 595 572 164 199 466 155 398 375 527 128 294 458 57 287 384 144 371 570 326 524 366 481 347 274 512 502 128 371 183 429 301 268 161 109 53 68 24 480 353 178 319 295 469 274 523 232 262 433 281 368 442 238 162 11 34 79 400 305 225 369 221 285 102 484 346 227 489 332 270 334 503 55 190 373 322 10 272 204 244
74 203 567 466 164 396 23 234 495 592 353 298 44 500 229 551 204 194 224 541 159 426 193 216 199 250 277 287 126 218 86 467 253 294 123 23 593 490 44 559 220 465 319 355 505 493 3 391 122 160 543 1 182 76 220 351 500 94 366 170 261 474 555 68 254 499 567 22 139 233 153 464 193 154 158 428 404 392 362 183 101 218 56 276 102 396 225 355 266
230 526 273 419 449 118 166 551 27 61 577 88 212 385 430 461 49 204 193 550 365 465 46 315 249 542 253 515 172 562 599 483 93 323 595 421 521 95 303 237 563 447 540 452 236 576 475 306 411 350 464 284 479 26 337 57 69 7 514 219 207 209 470 573 25 22 298 172 540
89 78 218 124 171 468 187 469 68 234 303 229 112 242 46 371 446 128 584 312 513 273 591 352 482 562 411 54 416 482 499 76 428 532 480 101
564 38 596 523 228 522 423 283 484 213 77 235 541 168 33 491 274 448 536 489 539 106
445 76 148 407 448 466 245 446 547 387 356 491 179 277 1 220 97 181 172 141 407 248 506 6 15 221 103 395 362 502 35 465 123 317 105 126 303 514 514 573 278 157 68 197 581 72 549 534 111 97 329 264 96 47 134 185 407 540 529 311 572 82 73 451 240 258 92 289 147 338 490 321 210 141 518 306 94 524 478 460 352 555 306 87 355 429 114 420 333 206 548 268 577 428 199 31 500 128 280 45 539 98 509 503 198 493 214 475 208 324 159 546 355 373 0 344 205 148 367
57 82 228 479 558 135 413 597 423 52 489 115 128 525 82 116 599 358 244 569 557 182 348 264 114 171 311 36 28 506 28 572 141 325 143 114 30 255 149 39 292 415 511 388 251 573 493 380 184 450 94 357 93 460 167 479 548 310 279 493 503 114 51 215 528 170 107 288 137 479 38 508 95 577 135 455 76 74 121 88 387 434 382 187 288 514 129 391 379 504 291 426 85 87
164 232 384 462 461 346 353 493 564 198 377 560 508 367 87 383 309 223 282 568 188 229 146 553 277 163 492 494 586 498 589 236 410 312 487 350 260 407 12 247 229 16 303 579 251 462 115 278
476 385 52 30 259 318 318 314 389 194 399 178 52 487 362 122 426 104 67 194 140 69 324 454 407 64 463 546 403 463 116 548 146 161 81 360 106 214 82 234 355 398 141 434 199 110 458 488 407 26 206 343 87 373 130 198 142 183 17 541 358 118 430 436 444 427 586 431 390 17 464 360 106 466 71 363 261 228 130 223 491 477 380 282 194 15 361 367 599 437 186 64 575 412 424 187 571 153 451 202 216 356 476 263 13 315 530 552 78 205 33 171 82 387 345 75 403 564 345 385 355 580 409 168 581 106 487 373 571 427 501
19 474 102 564 426 255 164 386 129 105 332 129 371 161 549 477 295 352 458 18 214 558 468 406 534 296 151 267 176 303 281 274 84 175 490 487 411 59 319 574 573 78 160 409 182 287 117 35 516 598 586 115 571 552 5 148 312 157 3 184 202 254 353 390 222 437 277 269 94 203 264 67 555 534 208 282 234 146 99 442 414 416 265 313 231 22 203 501 102 174 244 285 371 371 311 350 512 567 34 370 113 177 473 403 23 306 573 435 577 586 405 59 243 201 400 271 87 39 277 451 319 480 444 575 228 458 355 267 575 215 414 494 258 569 223 366 514 66 216 599 537 336 495 259 217 61 100 423 175
373 435 76 403 56 567 338 102 7 285 249 493 383 27 110 218 434 447 204 4 193 243 239 25 504 140 61 259 466 417 336 192 172 431 85 512 470 494 466 413 178 7 30 213 459 422 172 410 405 451 503 73 420 164 263 13 135 230 169 96 264 470 337 593 556 288 367 414 453 331 426 184 76 36 397 110 38 519 422 493 403 274 237 327 338 509 297 13 564 448 562 375 118 191 208 465 139 355 288 587 542 349 99 210 588 353 54 29 247 437 413 400 290 306 150 21 73 290 62 449 112 178 2
5 186 320 195 282 383 234 21 118 102 549 498 317 350 411 131 403 142 488 398 29 37 574 524 432 552 350 438 340 485 582 495 271 103 339 523 115 468 547 513 490 147 175 577 80 573 505 321 115 542 413 5 204 325 401 574 243 118 243 142 245 403 513 12 92 279 566 555 431 418 439 332 184 243 222 157 408 52 554 73 79 312 78 512 226 374 130 582 514 89 391 237 445 1 150 532 345 454 313 79
83 501 253 204 227 527 385 167 272 594 468 107 444 343 481 451 87 496 529 449 354 195 533 334 309 578 131 29 417 490
406 184 312 206 402 536 474 377 51 482 348 268 263 141 347 557 251 282 238 56 40 438 31 279 375 424 594 213 215 181 526 206 52 92 37 9 97 319 45 466 51 419 143 36 257 327 264 8 165 470 31 493 150 562 251 589 3 466 112 78 173 400 540 555 136 391 424 103 220 127 515 319 35 137 34 177 292 447 384 585 203 340 78 37 38 567 462 171 329 76 95 515 412 3 313 452 32 573 345 55 289 441 199 174 131 316 580 25 101 29 191 438 462 19 545 421 534 211 580 369 329 69 471 561 479 55 350 538 534 178 600
280 489 384 544 441 266 415 594 516 476 33 300 507 1 204 178 595 322 261 539 215 574 107 382 6 411 180 0 42 374 54 590 250 503 528 165 62 272 314 218 236 141 8 453 564 528 563 342 305 76 339 220 83 576 468 135 329 32 153 567 320 251 559 594 153 492 456 458 20 547 561 536 141 228 10 354 202 105 305 476 502 370 391 348 595 260
389 44 159 131 323 192 135 589 138 349 33 541 497 183 199 58 511 278 461 88 594 467 445 523 549
567 199 583 329 377 291 173 109 44 194 235 217 475 151 119 5 440 198 155 582 278 451 156 493 489 424 66 373 246 13 293 322 201 384 586 559 247 455 46 224 335 347 57 109 237 573 524 481 101 329 254 399 364 302 22 311 120 567 50 27 503 161 558 294 104 482 189 432 157 125 4 310 364 454 282 149 132 573 204 479 70 181 136 53 424 239 94 437 515 388 390 104 267 416 351 214 27 108 54 443 546 306 445 211 248 31 8 317 230 398 239 468 395 190 402 565 325 586 518 78 67 402 364 5 98 250 89 238 482 440 62 176 108 380 170 402 395 340 100 274 303 449 397 407 96
368 308 2 50 460 568 191 128 69 264 574 316 254 317 343 190 297 477 4 533 403 220 173 499 278 273 214 47 412 233 270 31 433 523 31 151 567 104 127 65 15 118 233 343 569 111 379 284 110 322 186 401 111 355 595 92 448 266 130 431 64 367 206 244 154 71 169 124 177 576 351 507 211 434 135 304 65 143 45 190 197 242 497 106 9 353 38 432 393 287 117 15 67 315 58 149 278 353 588 68 189 323 385 136 204 100 5 545 342 210 133 353 385 466 439 418 472 286
332 355 325 473 423 417 471 230 484 541 272 516 515 435 441 565 494 575 555 181 413 406 148 74 221 562 427 43 553 287 162 135 201 582 222 410 172 175 552 178 94 25 199 424 262 381 222 549 331 338 67 75 524 127 13 54 588 338 540 284 379 381 149 332 76 77 485 183 277 352 457 454 333 532 113 513 112 476 302 600 246 519 38 69 225 88 278 170 540 263 600 11 258 17 324 2 543 366 242 311 463 406 464 135 561 168 408 538 531 486 530 4 543 267 436 307 250 196 221 93 192 109 499 27 148 359 91 454 67 592 285 539 92 441 409 428 17 303 14 381 451 7 367 377 550 183 81
412 262 482 334 216 118 13 395 142 508 515 41 384 463 329 401 443 303 313 374 494 330 244 181 33 241 235 567 449 517 448 473 1 15 7 452 357 406 573 426 265 82 289 88 255 120 155 122 165 467 396 321 521 500 266 247 599 75 336 252 557 33 245 418 272 280 538 77 432 278 447 336 557 105 95 525 174 328 282 375 105 169 37 566 104 297 493 438 593 45 291 59 585 58 366 108 313 119 425 95 372 249 272 141 217 473 353 315 293 86 243 471 213 220 115 355 79 567 93 358 584 493 116 340 345 113 422 409 578 574 496 28 245 166 526 267 353 556 353 165 41 186 588 213 277 485 171 331 300 440 47 23 493 382 409 341 288 189 387 456 291 267 84 1 282 297 68 18 385 407 421 206 465 19 58 5 236
520 496 509 49 72 76 136 322 287 221 408 241 534 404 517 505 115 524 455 308 2 35 470 267 326 8 233 290 455 162 415 131 127 571 246 321 64 310 161 321 481 44 160 522 390 401 396 501 511 401 373 5 39 182 327 397 275 425 146 126 353 48 102 96 345 529 237 51 438 151 208 468 367 335 57 43 501 23 388 110 322 545 176 247 37 33 510 233 129 401 49 354 196 132 69 113 283 44 591 167 445 61 417 511 524 32 262 365 361 190 38 237 419 272 242 351 110 561 376 30 58 174 105 598 186 414 134 177 518 35 365 319 150 445 202 338 477 395 62 100 205 297 504 231 165 392 506 431 565 466 174 496 79 10 452 222 73 175 471 211 166 277 138 569 573 251 56 186 156 218 210 578 518 326 559 146 105 247 115 579 53 232 275 531
173 124 310 10 370 169 131 277 460 309 273 330 161 509 278 194 555 165 118 487 194 502 566 598 442 367 239 484 582 546 338 585 95 244 217 270 318 51 311 69 150 192 384 309 454 509 358 333 435 220 267 470 231 467 177 505 31 182 100 148 302 242 268 41 463 532 96 26 94 142 465 172 6 215 593 249 559 219 162 239 303 317 27 239 557 444 332 119 111 351 301 227 506 444 341 374 166 539 39 590 135 314 166 179 123 56 174 356 161 285 80 525 585 482 578 571 85 217 537 434 526 334 308 291 21
105 525 555 175 204 527 482 545 57 378 385 196 510 311 190 577 596 22 471 272 428 332 63 568 348 151 556 470 2 550 560 113 332 117 328 348 62 412 109 460 467 103 269 533 468 187 357 335 243 435 161 233 239 417 574 190 387 462 100 262 21 296 138 458 562 185 233 1 4 29 231 368 499 264 586 52 88 110 37 238 130
477 441 104 198 593 284 195 420 502 271 15 270 460 439 98 71 577 365 529 104 545 151 519 139 339 342 242 531 496 317 257 546 225 377 360 215 243 179 290 223 1 585 537 163 10 145 576 296 315 362 512 198 356 106 156 473 93 594 433 475 2 367 45 24 523 588 48 7 532 388 16 75 72 205 456
288 546 568 515 569 100 500 212 86 250 147 286 62 38 209 131 289 114 306 129 316 356 21 58 431 333 378 437 18 250 43 512 162 236 319 589 323 442 9 218 3
23 577 327 269 416 584 331 520 31 442 407 194 406 455 45 238 455 152 521 343 57 10 549 516 297 515 533 415 233 342 69 20 41 544 489 597 224 69 501 68 110 258 275 526 103 491 225 315 86 60 271 482 382 298 188 4 482 78 27 501 0 8 587 439 438 50 469 541 593 586 230 303 56 37 576 234 160 478 483 533 364 17 15 188 15 302 540 499 85 506 222 549 362 97 428 10 244 65 127 30 530 248 354 82 238 460 185 357 35 107 315 371 574 436 445 47 367 67 88 171 528 38 405 63 264 533 533 52 186 547 328 220 343 512 257 499 305 462 595 418 325 87 372 121 60 284 166
443 463 559 146 375 119 53 451 363 419 364 489 339 559 338 184 254 476 428 341 563 418 236 68 139 599 205 2 164 530 181 516 396 502 121 488 330 8 388 168 359 434 45 57 497 27 351 224 565 573 584 550 187 247 149 589 57 464 376 573 535 580 423 380 505 47 417 114 235 553 479 180 177 390 210 203 101 401 157 103 55 268 559 243 573 468 99 424 386 427 573 143 171 195 126 109 370 560 341 541 251 257 262 452 28 63 502 15 548 379 156 285 284 555 293 260 349 149 557 349 105 252 438 548 534 497 14 172 375 207 117 385 381 291 587 122 447 439 290 34 230 275 577 382 134 342 343 268 465 152 59 203 536 158 526 164
210 108 448 182 122 367 211 344 22 369 508 264 540 8 591 279 333 569 394 175 488 247 332 38 599 586 219 24 462 33 255 228 510 414 558 410 502 412 587 553 532 146 504 153 556 131 157 252 496 193 392 394 492 177 282 473 362 598 213 369 332 133 192 330 481 368 495 466 455 147 407 348 194 443 64 32 114 182 172 239 393 410 272 187 339 426 123 134 489 283 124 418 110 450 117 100 356 91 543 174 173 426 218 524 335 484 47 524 447 532 41 150 566 275 81 428 291 580 305 425 143 151 186 255 318 360 267 67 572 169 267 345 382 271 547 1 115 49 202 173 543 492 449 357 146 325 432 310 48 211 160 579 163 208 564 569 22 241 195 347 524 47 106 281 192 19 397 331 592 542 105 314 336 591 341 205 187 225 242 200 204 199 483 440 3 378 73 465 531 226 450 203 449 431 378 502 1 583 202
423 9 435 547 235 537 392 129 204 505 206 79 431 311 203 36 242 506 511 81 140 387 31 167 158 593 80 281 505 289 420 256 238 258 443 79 144 593 230 234 97 62 351 208 412 149 458 405 365 293 173 227 434 160 15 105 224 577 14 551 445 215 214 123 340 338 21 403 394 174 546 594 47 305 64 352 181 530 482 328 268 141 566 46 279 78 179 333 510 347 38 165 31 581 402 289 385 81 533 153 15 15 238 521 362 215 400 251 334 595 241 441 394 197 572 410 366 412 339 588 43 527 487 246 567 495 121 242 455 299 103 514 449 338 127 342 568 110 27 156 466 356 0 269 65 324 9 214 285 307 457 16 590
376 103 117 76 525 86 41 272 60 557 317 341 63 73 340 312 562 31 15 586 88 482 202 91 382 212 133 466 598 471 119 84 303 494 68 278 466 283 87 93 488 509 417 367 487 137 72 392 339 198 136 350 360 290 426 139 254 166 389 215 105 3 270 432 42 239 274 260 9 247 113 138 195 211 595 265 285 129 151 560 526 232 481 464 163 34 199 237 67 20 452 101 253 536 413 535 275 338 448 348 235 96 469 586 520 371 177 49 540 493 511 116 359 458 360 307 407 86 284 56 381 479 153 142 58 277 173 362 259 390 64 412 153 280 342 452 25 198 347 318 67 488 135 37 116 435 26 559 239 169 586 297 217 98 423 327 416 326 35 284 571 217 184 102 467 282 512
302 359 262 543 278 155 422 270 415 271 84 142 467 583 326 343 102 398
230 568 374 293 598 136 554 363 215 340 85 300 319 41 67 47 598 316 576 89 447 525 93 218 597 381 405 221 370 346 200 540 321 75 106 567 357 127 218 324 287 392 206 386 400 354 502 0 41 123 83 286 433 163 15 428 332 98 410 102 169 519 249 50 512 514 179 262 91 44 123 353 167 428 226 9 277 411 204 408 121 319 546 162 582 47 389 329 93 370 223 126 294 24 444 223 84 292 403 373 247 426 316 424 297 236 430 513 336 588 146 348 196 387 39 223 60 234 266 150 393 428 294 335 497 584 398 428 207 590 90 349 519 86 464 499 560 563 251 540 387 200 352 32 507 125 12 426 138 254 149 172 55 330 425 325 11 319 322 147 456 91 388 349 572 468 34 190
172 343 232 362 563 494 555 386 500 353 390 42 330 564 83 387 430 197 158 363 567 229 557 355 253 481 471 371 575 478 129 106 32 547 217 504 172 212 287 373 129 24 473 562 263 335 166 528 474 246 107 454 106 371 286 236 230 322 0 509 182 480 151 185 73 375 226 317 164 386 163 419 555 302 565 129 149 591 15 424 143 296 120 393 19 376 337 294 460 143 402 190 465 573 459 564 36 328 463 301 555 237 415 473 55 224 42 79 530 359 168 172 127 280 355 279 220 119 563 538 521 424 328 224 323 30 122 526 592 518 493 27 146 512 507 404 289 574 208 185 575 385 25 3 369 379 465 305 258 96 246 530 13 138 259 33 208 542 367 523 523 533 565 95 494 553 352 45 579 446 355 335 235 163 295 450
422 262 384 129 302 97 417 577 503 136 289 588 245 504
490 104 504 35 245 513 420 285 418 257 599 495 510 376 216 295 158 246 72 386 59 112 221 348 516 101 501 146 227 434 313 191 186 317 312 534 587 91 472 15 100 12 372 324 197 248 534 381 511 573 120 570 171 420 209 227 125 50 209 6 480 518 261 527 372 17 294 138 575 565 224 306 470 245 101 43 252 162 590 2 553 376 436 108 203 162 600 109 24 439 138 399 26 375 212 497 310 566 167 581 330 489 145 27 388 502 549 66 571 129 419 117 475 513 104 414 455 577 559 19 340 477 56 106 373 385 521 61 137 125 31 435 567 487 27 273 441 458 92 540 176 379 75 568 161 462 279 53 598 415 501 77 95 262 551 435 310 10 409 374 242 187 496 454 318 159 422 24 127 453 230 48 132 409 403 343 133 534 178 164 400 518 542 249 424 219 426 45 405 189 171 534
572 313 373 307 144 496 502 250 306 73 84 481 379 431 138 416 473 353 545 447 370 1 451 22 543 269 404 465 64 459 545 391 457 199 311 476 277 386 550 66 205 24 258 444 25 541 89 41 520 589 574 403 376 45 508 288 143 341 147 193 559 79 398 452 507 26 519 486 553 86 580 345 346 591 527 307 96 206 302 571 386 511 520 28 452 239 488 143 9 19 488 94 324 121 235 228 575 392 12 262 251 337 62 362 278 225 503 504 81 540 195 146 43 115 16 556 237 90 85 43 77 523 215 226 559 318 111 531 432 497 94 593 472 67 110 494 579 334 48 159 155 390 295 464 225 108 365 22 1 15 262 527 578 437 14 166 545 217 136 543 547 121 231 58 436 76 69 164 594 518 280 424 600 401 282 410 171 16 570 213 506 437 457 7 595 100 8 135 459 297 337 253 213 220 240 63 465 341 357 521
506 394 441 29 369 525 144 573 512 99 273 374 36 107 173 573 311 493 396 35 134 356 528 366 519 427 54 228 144 366 273 488 19 325 189 219 499 175 527 582 410 454 6 47 154 94 370 450 561 184 211 60 217 161 177 392 16 498 540 197 597 266 77 487 543 19 379
412 228 589 264 355 534 297 537 310 105 464 28 461 340
82 352 313 7 164 118 177 418 583 82 66 171 156 383 409 5 356 358 145 503 142 240 165 41 184 397 75 539 200 117 242 202 202 501 311 53 259 500 392 103 279 13 53 299 216 330 232 233 36 210 204 309 75 135 592 526 93 138 23 85 237 597 315 495 559 462 354 48 15 597 384 398 304 70 169 339 489 378 546 366 2 450 91 522 550 407 464 531 517 423 55 462 513 487 358 78 585 334 330 164 280 82 196 118 194 137 512 508 458 494 441 236 526 162 44 271 202 558 592 100 57 485 69 546 544 434 86 410 541 106 505 424 540 57 163 570 194 30 102 158 565 58 213 431 464 337 70 6 78 156 500 473 209 199 296 102 351 262 279 315 541 126 85 403 251 263 536 513 176 179 377 382 335 375 184 336 407 167 240 478 378 497 571 512
498 501 219 147 219 408 421 85 116 490
165 545 45 231 424 221 410 546 328 358 307 520 384 497 163 21 231 514 131 456 375 398 162 22 349 428 37 306 43 557 47 555 206 477 488 486 24 546 501 394 229 95 302 141 135 189 199 409 32 33 39 360 560 93 572 492 229 247 322 86 120 121 280 82 160 450 480 372 523 485 25 144 584 109 176 540 171 458 459 243 39 471 79 171 520 559 571 568 241 182 588 371 205 327 117 193 271 278 555 288 257 73 282 552 598 37 361 82 367 35 418 347 95 102 545 289 198 5 33 557 463 579 380 391 265 96 376 477 169 166 235 63 83 147 288 297 399 216 39 440 426 470 521 97 284 414 580 172 598 91 145 131 580 372 386 163 525 119 163 574 172 360 521 20 28 491 579 310 389 424 32 450 460
124 204 457 335 229 388 567 43 54 42 353 196 106 171 311 118 320 73 21 6 378 567 598 502 323 253 116 245 280 125 430 435 535 537 523 122 151 123 593 349 102 126 242 486 480 348 477 231 306 591 271 556 553 475 509 221 195 573 556 371 172 246 137 176 426 519 47 89 486 90 77 323 170 376 193 594 556 80 332 313 68 405 175 529 590 368 468 144 458 25 235 110 574 217 575 62 255 516 229 340 556 298 573 109 456 237 272 543 585 101 214 480 404 365 264 218 442 142 67 197 340 129 397 536 519 24 464 349 47 115 523 151 415 447 41 369 434 380 29 337 17 524 106 211 565 372 398 560 422 369 283 53 18 563 399 187 45 183 209 347 373 516 176 239 145 466
109 298 546 557 235 361 428 197 451 309 248 38 538 165 3 107 146 286 179 361 119 413 375 495 182 546 223 168 221 346 185 484
142 21 224 23 480 73 164 216 380 163 66 551 333 575 239 175 564 148 259 221 151 158 430 350 411 63 4 42 142 378 309 358 304 76 355 245 382 544 267 129 12 182 528 113 92 489 438 324
313 468 307 116 349 404 558 144 447 450 89 3 398 247 140 82 404 551 423 182 355 397 52 297 162 487 94 47 439 279 416 117 384 503 569 473 418 61 521 469 70 1 199 152 236 383 101 289 297 589 581 264 266 439 212 68 174 344 383 249 585 116
527 197 525 73 498 284 190 27 572 410 108 69 354 143 304 94 306 292 469 533 279 207 443 574 431 298 146 254 155 462 289 378 426 171 164 317 242 7 418 569 69 323 100 111 128 505 488 600 201 502 577 191
231 439 440 80 549 86 569 220 95 568 362 289 505 572 248 296 188 165 421 4 241 256 111 204 67 92 471 65 59 544 63 462 165 79 64 492 233 264 599 333 152 229 163 406 115 343 251 494 566 85 110 557 254 253 508 533 19 228 201 144 450 391 286 204 255 425 95 166 82 97 403 405 495 58 495 270 447 516 223 265 540 303 531 150 50 260 424 136 128 115 563 284 201 23 515 285 124 397 162 467 366 110 493 129 242 587 230 203 445 185 517 445 214 61 210 342 376 449 372 141 81 508 23 297 176 576 299 277 92 180 401 267 126 582 413 581 464 214 19 380 426 566 53 87 472 267 204 236 188 383 345 456 13 280 401 472 72 180 154 530 196 394 221 371 428 23 251 368 345
10 439 443 358 84 425 290 513 79 577 16 542 458 232 10 585 270 339 229 172 374 364 313 249 81 134 457 591 151 465 315 506 134 427 569 75 107 149 361 119 209 339 453 86 214 202 302 214 350 46 441 268 241 298 443 491 591 338 291 572 61 475 563 37 475 325 440 280 69 548 282 168 348 193 152 298 1 298 462 315 369 347 42 490 113 524 307 72 270 206 403 19 181 159 115 502 586 399 541 397 81 203 573 531 112 453 311 530 196 75 407 121 85 51 295 341 166 590 97 218 351 124 386 117 313 424 325 525 263 308 89 199 305 427 569 35 364 527 79 229 194 577 544 545 419 31 332 194 261 32 498 388 505 39 12 66 351 185 466 431 55 455 231 69 69 3 218 322 76 500
576 47 68 295 116 378 578 65 575 331 457 85 120 102 291 348 101 251 152 593 183 357 387 512 323 220 256 33 591 15 595 551 547 262 162 456 330 401 198 466 392 393 263 338 228 87 174 77 417 471 333 509 217 201 475 358 561 322 176 494 174 552 220 26 170 13 397 290 246 338 513 472 194 519 83 9 551 109 418 544 140 389 443 135 218 436 52 251 282 334 525 271 483 44 559
527 369 526 91 465 287 207 175 535 433 459 425 20 562 361 427 483 387 384 236 189 595 202 156 178 487 112 103 112 367 405 62 131 589 515 384 433 181 13 512 294 286 534 589 374 525 219 261 339 275 129 21 112 430 41 203 6 556 374 547 186 556 141 290 80 198 381 372 421 108 463 465 389 56 92 33 193 119 335 452 396 147 2 223 205 360 475 438 343 527 384 402 560 256 274 98 287 327 561 512 482 586 516 54 466 65 394 57 597 83 339 82 276 413 349 173 193 384 49 575 590 357 328 338 439 5 257 474 168 478 41 145 350 493 236 127 475 350 299 184 262 382 572 147 344 526 450 471 553 106 248 299 559 536 574 51 255 338 528 318 378 464 513 438 101 390 546 589 525 228 375 80 289 211 182 303 126
64 3 91 248 144 246 153 521 201 226 578 186 138 171 297 337 285 585 350 535
148 525 582 288 45 207 129 212 205 548 404 247 265 314 478 52 551 61 453 52 137 14 56 592 8 398 530 311 217 169 380 401 517 95 322 107 158 225 560 269 551 340 569 406 348 308 442 280 121 386 409 553 430 13 507 216 549 491 513 300 233 487 6 218 130 358 528 389 150 526 296 412 510 171 275 411 457 499 41 518 141 4 535 429 69 225 444 153 215 314 138 286 535 464 140 355 231 206 494 443 243 524 141 546 38 8 2 89 262 558 311 394 566 392 178 315 36 408 355 542 198 155 323 385 34 301 568 558 486 102 101 570 383 132 5 124 127 230 438 222 274 25 271 54 499 400 249 149 124 406 172 81 527 161 190 190 547 326 278 278 454 254 240 152 412 174 396 76 124 333 142 383 115 513 361 535 464 140 97 312 156 106 568 530 280 205 365 168 434 378 189 29 389 374 164 220 59 320
321 290 293 20 251 535 260 589 491 443 41 153 109 191 133 380 461 394 516 388 550 244 318 86 436 207 465 517 81 458 384 430 237 497 362
104 23 445 418 127 279 552 176 288 3 530 494 296 295 293 575 381 366 256 525 473 275 509 11 317 387 174 588 66 342 407 204 402 256 159 275 507 514 465 575 523 174 484 50 248 55 224 531 471 525 52 4 16 172 119 79 26 123 177 433 285 529 577 122 475 158 583 53 289 115 195 59 151 444 167 477 479 200 100 446 461 212 502 548 495 306 270 482 442 214 28 269 560 296 117 424 298 90
364 2 143 256 244 352 53 124 542 518 518 386 490 363 447 323 438 588 459 1 400 26 487 394 509 140 541 529 322 516 392 466 104 95 388 396 568 161 198 251 392 0 67 52 337 138 529 100 144 277 483 266 222 483 452 406 445 363 16 127 383 385 573 103 131 389 492 8 81 323 88 111 290 97 518 179 130 154 448 225 434 30 354 347 481 117 517 271 454 478 557 299 122 542 287 205 440 207 267 584 377 348 174 258 469 313 561 425 391 591 138 77 388 442 288 412 352 242 188 291 150 496 448 264 98 169 254 431 431 212 565 427 207 81 72 411 329 351 542 75 533 586 546 300 116 371 119 264 388 60 511 15 545 478 438 283 53 318 351 81 25 14 537 461 123 176 477 166 370 529 397 68 33 195 194 123 98 556 258 317 431 20
182 437 494
82 169 99 133 549 106 24 367 193 593 398 436 314 26 228 285 599 379 203 527 475 542 252 102 150 83 202 80 311 79 256 421 11 4 72 441 587 454 400 262 400 306 563 223 44 87 335 407 204 237 186 401 103 415 81 532 281 564 565 220 14 310 82 372 345 322 15 129 166 72 456 460 408 147 171 102 119 173 439 583 180 403 56 170 595 400 260 186 376 52 476 145 43 480 31 206 115 317 320 524 256 463 538 336 459 310 324 78 109 145 499 447 58 69 567 391 273 187 365 237 396 81 420 512 231 65 63 207 367 515 241 581 473 61 363 516 430 495 195 527 193 276 546 159 114 494 384 26 588 357 35 538 143 413 45 564 36 328 496 547 412 190 144
386 512 241 113 66 237 5 432 254 251 34 88 512 536 27 537 438 39 338 286 139 479 251 107 48 542 543 122 237 536 280 532 572 291 93 531 58 185 516 223 3 108 217 206 209 217 528 196 562 464 411 352 42 538 228 34 134 210 395 324 425 343 109 365 459 174 23 250 246 329 317 527 375 499 42 16 234 352 421 220 397 454 347 58 314 22 9 501 34 218 187 154 199 79 397 316 233 447
219 506 106 210 211 507 156 466 119 382 10 371 473 222 297 22 80 472 38 505 253 444 319 248 344 165 488 33 470 37 447 535 159 266 589 458 65 209 486 208 206 99 498 433 60 230 25 475 512 300 445 84 142 390 552 230 544 376 255 598 423 573 562 402 451 12 191 401 353 43 90 567 100 531 270 148 251 4 540 262 6 206 453 446 517 600 554 515 469 410 517 460 455 510 266 553 271 441 116 438 506 172 301 552 79 306 251 331 77 317 441 145 7 530 141 144 453 488 329 355 176 366 227 375 45 566 103 25 527 405 448 346 479 124 394 489 20 269 490 414 532 96 392 187 348 525 597 489 590 226 131 420 75 274 180 117 524 158 592 230 139 252 514 453 215 419 433 599 399 420 559 130 576 564 119 435 59 10 290 5 336 105 568 47 552 452 211 293 132 455 190 257 537 372
531 8 260 290 139 555 415 82 104 93 235 256 62 573 500 123 82 136 552 450 438 585 354 281 500 535 390 83 510 37 202 515 565 156 331 31 507 386 115 364 167 301 368 51 244 581 319 433 35 139 113 102 502 544 201 445 582 440 457 512 516 359 252 354 341 89 466 325 4 393 207 457 491 224 61 527 463 6 39 533 541 467 35 311 307 498 388 187 484 394 250 170 71 453 105 19 36 242 553 485 114 399 0 24 565 166 258 231 458 568 505 519 451 216 38 410 328 160 483 587 491 305 409 399 322 273 502 363 273 312 49 481 368 497 426 246 594 464 574 200 8 5 250 383 255 47 169 279 131 266 256 506 161 210 95 363 310 347 166 183 98 412 56 405 175 438 538 431 52 405 364 395 464 486 416
467 481 515 514 524 368 479 236 334 563 323 197 176 429 96 443 281 352 203 125 109 56 213 180 387 382 521 219 534 54 430 9 197 548 485 594 143 121 447 108 547
284 527 590 202 445 59 466 229 128 590 72 542 63 43 50 98 416 187 600 493 256 318 415 488
501 261 267 548 387 526 366 569 169 600 514 427 57 187 82 40 345 19 80 87 251 296 528 463 458 124 510 288 277 333 468 82 486 558 178 229 485 301 271 96 455 460 442 227 285 563 399 79 331 9 177 159 574 119 79 556 7 55 179 259 164 295 96 299 455 570 481 373 393 229 110 28 105 36 126 494 559 559 456 323 186 320 35 151 436 258 210 315 252 15 34 152 84 197 575 309 310 137 336 592 277 381 277 274 116 202 469 154 133 568 155 440 331 49
386 285 402 442 328 347 588 595 296 575 140 254 366 106 518 378 463 320 469 123 302 506 176 397 97 3 200 210 253 132 547 288 164 371 551 529 576 416 497 581 127 187
590 578 514 505 455 144 309 152 17 356 251 329 72 50 442 558 179 440 214 299 529 356 489 56 230 321 187 395 546 502 335 167 567 173 314 385 116 378 256 104 10 478 350 370 520 49 254 439 52 320 302 257 208 226 279 481 574 360 317 118 387 475 487 455 395 198 506 40 61 525 259 221 561 334 381 52 446 167 436 67 389 270 135 51 544 81 489 298 198 586 79 15 497 575 7 269
119 218 316 223 509 114 322 112 172 49 340 428 439 94 110 467 543 459 483 350 394 246 301 319 408 448 204 565 574 526 589 480 31 229 536 173 403 174 514 353 75 335 523 159 159 385 479 478 336 546 159 352 112 207 7 17 209 458 226 383 530 159 449 277 442 21 8 165 249 70 234 246 454 58 490 529 143 249 486 99 193 419 120 310 517 473 426 202 107 226 197 453 179 87 469 132 536 170 217 105 172 83
397 109 554 48 425 120 295 329 551 36 547 252 75 185 355 475 216 164 217 134 174 84 24 414 539 288 530 385 459 394 115 155 260 334 49 5 86 342 150 230 347 240 260 414 290 530 565 174 531 456 119 588 585 55 431 82 529 4 90 215 58 111 547 145 457 403 530 446 381 537 413 339 12 178 182 69 412 444 432 588 417 171 27 238 422 67 460 84 574 581 512 560 236 548 391 384 60 589 334 487 528 145 303 330 423 366 558 464 138 147 388 512 189 584 598 314 19
511 82 483 234 517 539 505 170 585 247 130 141 317 72 32 15 406 307 412 425 512 179 254 173 300 432 324 7 57 401 351 139 71 451 219 217 476 575 455 207 115 117 128 559 292 421 442 380 469 521 204 232 193 229 149 67 509 306 166 509 233 25 285 6 360 577 593 396 16 462 140 493 85 116 321 265 300 571 40 319 520 135 78 385 367 448 486 196 351 511 57 115 302 208 47 562 467 147 269 81 401 496 71 359 575 395 583 450 457 302 255 198 20 386 39 532 582 286 593 120 94 499 345 575 352 456 340 330 477 567 416 446 295 264 522 275 382 53 335 151 222 26 53 60 184 590 356 92 584 426 515 151 575 201 465 121 439 425 74 253 348 373 415 373 70 475 347 152 194 53 218 44 349 167 341
519 382 572 162 27 124 537 352 475 185 88 97 239 560 505 541 275 359 462 185 69 79 137 297 528 503 298 529 126 411 108 409 264 506 422 361 295 341 66 335 349 24 197 220 416 378 526 113 214 521 303 385 281 482 405 138 458 55 575 461 436 376 173 90 258 430 476 252 275 577 103 461 193 122 208 340 212 159 504 495 515 276 279 77 294 414 263 490 581 408 224 368 350 397 131 184 160 552 443 226 443 175 401 155 147 564 560 237 27 309 484 346 562 484 349 374 180 104 570 244 371 330 489 373 570 237 566 385 124 204 388 300 422 475 85 267 542 305 565 579 418 438 135 586 321 276 83 437 367 391 586 116 519 199 585 396 511 494 257 112 60 485 287 173 427 514 166 405 47 510 333
463 220 409 297 190 232 88 450 524 335 95 432 101 597 258 578 192 196 465 132 237 185 178 155 579 283 12 174 28 208 340 455 129 249 410 359 453 122 484 525 304 223 186 198 368 265 456 501 360 348 586 70 392 395 252 160 432 440 217 368 101 471 125 289 384 430 161 446 346 315 508 128 529 282 438 443 51 201 413 388 214 546 199 127 353 443 362 17 55 388 200 489 12 426 67 453 68 273 576 340 29 292 23 379 281 485 52 588 129 320 597 137 569 471 387 504 236 267 137 336 25 515 587 171 199 451 139 461 574 449 165 11 583 556 396 12 151 412 335 3 374 101 492 521 328 228 221 473 112 278 209 362 4 288 230 271 100 575 68 523
105 449 557 125 79 12 527 260 246 225 523 547 70 481 569 492 484 82 256 506 134 244 83 503 200 315 88 481 189 198 536 101 536 184 338 74
140 583 251 208 478 252 432 489 405 3 89 442 417 556 83 32 32 213 472 293 7 343 78 556 542 129 481 309 69 306 116 431 3 7 137 486 205 450 225 470 597 443 535 325 176 458 196 349 515 267 56 373 132 390 472 159 125 306 413 103 195 454 139 403 283 0 100 328 591 331 128 427 555 268 62 352 39 251 194 150 210 8 70 347 242 162 514 462 385 129 100 307 225 89 151 125 442 507 24 206 194 90 325 61 355 502 442 169 14 133 114 365 302 143 427 282 119 470 282 77 95 352 120 23 362 424 434 141 136 62 589 427 447 207 116 236 541 516 323 327 144 595 537 188 170 555 507 483 86 224 450 479 196 398 206 331 255 280 126 45 453 579 436 423 320 160 128 453 308 537 311 81 377 284 215 445 516 13 548 331 371 541 305 270 155 317 137 159 50 370 52
438 439 333 112 320 0 40 598 209 204 370 98 446 542 570 530 251 600 545 191 376 317 205 162 582 120 23 33 166 132 479 252 486 286 285 415 206 587 393 503 88 18 559 473 333 38 136 128 278 211 248 255 525 276 170 44 152 428 228 197 6 511 228 394 59 383 298 362 413 180 47 235 83 194 364 147 402 110 240 264 557 98 598 453 61 530 438 364 375 33 283 531 445 103 341 493 291 317 177 11 480 200 272 263 370 176 204 345 85 122 594 274 142 587 182 243 194 262 251 354 501 487 228 314 424 589 585 36 372 589 373 96 81 445 337 25 543 107 363 123 95 384 182 10 159 397 101 188 470 413 51 120 28 375 470 431 167
137 110 60 574 22 458 513 313 533 118 121 315 340 448 342 58 113 300 454 125 198 24 289 100 98 535 237 262 557 174 426 226 597 128 482 343 379 499 135 478 258 475 121 299 168 127 118 191 318 372 192 446 439 522 8 439 501 137 55 350 560 596 399 372 382 471 295 175 381 430 355 142 276 128 132 535 326 178 207 429 253 412 83 520 47
438 496 139 491 324 402 53 374 218 204 274 558 315 422 72 203 98 157 231 526 268 333 203 61 142 10 356 139 292 133 363 41 187 318 50 497 28 195 385 358 553 127 23 547 430 266 409 118 109 459 410 467 326 304 375 67 268 111 162 418 445 587 439 457 27 454 192 10 100 379 363 217 577 52 596 538 166 38 236 547 323 240 495 590 283 130 56 552 172 164 220 347 458 285 558 527 82 504 454 560 349 235 140 352 447 370 403 519 70 156
192 554 178 395 288 0 524 548 443 26 76 287 198 379 554 65 427 370 346 514 501 580 84 282 60 498 547 377 489 557 455 190 88 347 204 246 524 599 127 209 0 595 456 349 522 462 503 373 274 306 237 546 445 316 397 72 109 315 561 137 404 423 186 182 275 263 594 463 107 60 512 99 181 318 82 338 219 25 145 486 521 600 338 34 427 77 341 377 147 150 165 527 388 410 473 192 39 295 422 580 137 513 482 181 27 275 259 206 173 417 490 188 213 166 42 108 260 486 545 503 442 5 170 283 432 22 350 306 226 439 173 33 478 286 531 242 485 13 255 430 154 301 582 77 446 200 135 408 554 600 217 263 243 544 210 257 311 249 314 200 599 316 242 313 82 21 366 215 1 585 543 247 323 255 243 497 185 268 398 565 3 295 423 366 459 182 530 345 284 298 157 183 21 295 8 494 561
288 259 245 409 506 470 216 489 246 556 572 454 151 341 504 108 476 110 129 63 210 401 446 169 500 497 322 427 163 411 367 147 203 339 515 463 402 444 54 120 272 206 558 172 434 227 12 25 405 432 359 548 583 67 177 546 110 183 48 309 338 332 557 113 246 288 142 60 270 230 169 469 5 316 19 124 189 135 253 68 15 170 159 598 333 311 432 527 5 568 490 303 3 569 142 594 311 425 527 94 447 109 411 589 376 422 344 101 87 388 99 155 395 568
591 260 142 80 492 282 408 450 22 583 142 261 330 98 533 111 202 289 422 373 174 406 6 69 539 187 388 181 562 72 544 430 598 600 418 491 475 172 173 391 7 325 74 238 151 336 342 449 262 282 306 452 396 584 115 1 513 116 335 119 10 452 379 460 354 138 227 340 317 562 446 247 497 259 121 300 340
556 260 247 344 17 95 157 393 454 495 38 504 347 71 89 214
188 314 596 439 239 480 147 554 376 312 384 219 314 179 450 224 396 427 413 107 100 431 586 283 194 421 291 4 373 109 219 404 238 463 276 542 219 172 432 367 218 92 176 30 199 204 32 504 239 358 572 288 132 524 129 46 438 370 428 193 299 366 79 191 364 128 343 178 54 252 195 204 382 407 92 452 574 142 361 533 27 245 191 579 234 524 599 446 434 164 584 233 325 533 213 352 384 193 596 441 167 34 38 306 474 442 271 418 213 208 499 241 471 297 530 421 61 186 229 149 367 74 596 537 195 544 392 393 62 476 97 142 226 193 487 196 269 150 34 388 424 565 364 57 572 345 163 508 184 397 406 538 471 334 37 77 352 63 446 433 378 395 520 141 513 594 316 533 374 27 140 273 8 494 474 227 441 340 27 387 439
265 409 439 533 177 363 21 393 427 310 370 12 470 407 404 477 78 47 230 256 133 290 9 489 12 138 491 519 505 116 76 79 9 265 380 320 34 222 597 116 399 186 471 137 24 590 501 295 598 100 443 356 262 169 180 383 403 13 39 24 517 13 149 9 421 353 277 322 289 139 383 350 596 379 124 150 132 339 139 448 520 537 106 330 293 402 130 76 216 204 597 23 583 390 105 518 51 372 423 506 377 348 547 398 216 141 248 153 145 316 274 352 179 386 166 198 43 262 198 208 312 225 112 184 304 433 257 401 194 57 517 346 344 117 312 232 81 145 591 426 266 377 355 260 276 246 176 96 397 175 423 545 227 481 552 116 24 282 254 316 540 76 445 454
498 415 162 583 42 209 139 258 161 526 467 440 328 411 62 344 331 174 586 448 541 191 154 58 389 126 47 244 127 556 363 98 267 556 65 29 358 80 439 580 283 382 270 355 443 291 94 135 319 577 523 244 33 180 558 212 133 321 172 27 300 309 583 27 10 455 153 469 200 433 583 10 377 340 262 141 302 214 465 553 193 298 531 295 332 261 62 83 353 488 236 510 326 72 144 591 427 473 547 431 103 296 96 205 503 331 511 302 295 300 588 438 347 139 295 127 391 333 239 199 554 71 210 33 316 188 116 537 33 163 249 409 400 330 306 153 56 186 154 75 66 329 425 29 118 256 99 562 369 189 71 246 281 223 355 36 244 277 176 244 465 18 551 590 397 541 319 159 564 534 580 341 570 190 502 373 555 233 305 129 209 307 111 328 420 491 445 88 228 469 545 290 190 562 308 250 455 422 312 492
442 188 532 81 304 478 351 73 96 31 430 230 307 305 393
192 239 290 134 353 557 564 263 573 358 191 256 264 191 582 132 560 357 374 506 356 22 197 16 373 204 25 166 197 367 570 200 106 82 365 485 114 108 262 390 564 76 405 282 597 525 317 107 222 320 509 149 536 63 356 555 456 434 39 167 143 583 410 168 331 592 398 338 312 104 573 600 330 568 192 339 247 95 52 20 160 535 44 249 286 496 582 174 500 475 440 353 309 1 202 149 202 171 454 433 379 74 59 172 355 414 579 228 68 211 399 180 276 569 261 339 572 459 266 267 68 437 152 195 423 59 56 123
384 499 88 360 108 96 305 586 456 354 326 447 32 533 3 344 366 97 148 74 117 236 319 517 291 483 513 355 165 273 427 592 301 159 477 455 130 536 332 186 444 41 538 597 1 194 524 43 295 221 347 199 68 407 545 241 264 446 250 299 247 242 500
245 22 125 116 222 23 349 356 157 298 276 599 20 18 64 116 506 341 400 491 307 209 199 207 546 415 286 511 270 231 427 125 434 579 11 336 560 343 165 138 248 292 159 359 166 587 288 496 114 238 235 415 264 392 228 360 430 376 85 494 144 30 582 326 314 480 109 173 406 324 521 174 411 515 327 237 316 71 3 174 174 342 317 70 393 103 455 297 250 549 203 349 230 60 480
92 594 60 10 332 458 381 336 387 469 554 36 421 390 116 92 390 600 575 439 53 31 570 9 473 50 81 157 461 353 132 359 194 581 9 430 77
177
453 343 347 83 168 394 575 585 94 93 339 42 248 197 253 133 250 215 561 198 338 88 109 149 12 98 378 291 310 393 216 466 487 545 264 287 264 155 465 48 223 146 397 169 51 241 302 349 227 57 571 256 346 341 485 187 92 551 555 60 50 233 60 314 295 574 306 115 74 456 478 524 211 368 48 88 248 308 58 136 19 498 411 553 239 438 400 496 482 160 109 316 320 336 182 7 23 70 523 62 166 165 529 548 180 515 274 421 221 157 182 488 66 17 353 152 127 546 473 58 70 106 354 201 460 575 117 250 69 520 358 565 158 339 402 118 445 357 103 523 413 252 110 316 62 374 420 372 111 502 228 43 33 501 403 441 337 367 525 317 424 435 564 75 263 199 512 331 355 25 588 216 323 435 102 431 422 163 38 160 361 81 31
584 240 215 574 82 16 44 550 470 380 402 312 440 234 407 177 481 507 190 472 400 422 79 486 448 568 66 1 32 73 376 530 145 555 293 396 145 299 371 387 408 246 268 307 340 198 43 8 100 127 55 160 576 128 189 523 10 89 568 31 500 62 160 509 379 206 121 3 409 0 39 142 419 522 355 92 396 308 424 51 145 407 259 313 477 407 90 477 390 350 155 119 300 52 454 571 202 167 82 574 251 301 476 594 9 555 5 224 577 98 489 81 10 254 271 563 404 373 391 301 462 150 362 256 82 130 559 339 555 289 282 259 171 397 515 229 64 322 581 102 104 47 122 478 479 555
348 572 173 79 39 274 335 98 176 212 582 452 116 401 14 359 538 538 480 564 28 110 436 157 324 89 488 183 483 513 518 113 545 584 238 529 249 289 24 133 361 83 217 598 211 254 77 164 597 53 364 160 321 296 256 229 175 378 523 93 136 113 500 125 258 413 554 290 371 78 559 262 233 473 256 297 168 52 512 440 267 98 156 15 286 307 104 301 315 342 169 556 422 497 567 466 5 238 206 580 117 484 326 125 127 583 416 432 112 423 536 311 562 525 314 494 270 41 253 349 335 595 17 313 205 520 579 576 354 429 597 296 404 416 3 187 12 396 493 319 445 262 290 487 305 134 547 293 487 527 62 249 17 491 444 595 101 178 337 393 437 44 214 292 451 46 111 600 123 415 455
449 358 137 424 172 215 163 39 168 570 80 378 264 526 574 492 427 350 42 248 238 174 54 157 236 212 565 182 552 421 214 67 417 189 414 402 432 93 218 389 91 440 327 238 486 214 216 61 377 475 451 59 343 505 371 72 397 595 264 79 171 355 176 168 370 336 257 548 310 526 313 219 53 516 256 16 550 379 248 592 316 370 84 113 598 576 205 206 317 391 560 36 342 459 455 262 409 440 600 571 298 63 0 425 433 16 117 72 267 118 208 201 335 242 549 419 315 441 386 437 371 233 363 171 307 158 104 106 24 586 211 303 300 553 220 15 141 200 306 324 29 522 3 194 276 249 273 243 39 348 282
256 281 46 14 224 102 75 23 423 356 561 353 57 287 109 285 550 61 128 55 373 44 371 360 37 127 68 556 273 264 340 195 228 362 184 343 292 536 498 403 480 243 384 533 25 483
509 545 65 171 233 308 546 594 172 399 499 282 313 380 208 437 420 158 165 2 361 211 549 178 215 244 451 220 446 440 449 125 301 83 89 340 256 588 149 386 152 380 520 447 305 383 395 34 257 230 18 517 196 426 453 458 130 29 394 500 27 223 227 237 186 456 564 317 242 259 147 195 355 545 457 379 70 414 273 478 121 72 527 502 416 203 495 13 580 428 578 111 484 329 468 219 550 291 98 167 196 354 42 480 166 145 473 177 572 218 159 527 222 241 315 322 349 22 295 425 198 193 336 545 261 196 466 561 237 443 317 195 80 423 117 471 549
35 216 596 242 284 525 115 409 426 134 43 343 23 497 141 56 247 557 342 89 524 597 564 353 44 279 510 82 491 524 563 474 12 287 94 13 320 535 76 299 379 312 163 571 298 402 484 501 12 9 513 138 242 500 240 18
230 484 45 512 507 282 218 65 160 285 558 430 506 38 338 184 530 467 230 396 590 534 275 188 318 275 590 147 118 93 444 423 409
252 46 513 466 32 591 481 438 150 185 103 77 439 323 146 484 338 217 367 328 467 209 65 528 301 565 163 64 285 460 80 67 192 304 439 226 400 359 401 164 232 290 463 199 253 480 406 537 118 320 336 549 324 317 455 214 329 489 505 28 529 395 19 154 217 38 141 396 372 95 46 446 256 241 129 129 324 79 284 432 347 513 313 271 28 102 283 481 261 412 44 243 367 127 271 568
266 534 61 265 468 518 277 413 587 413 525 419 180 545 394 400 445 591 61 11 429 213 464 45
109 458 7 293 329
428 139 516 456 212 41 468 323 108 41 11 180 416 585 592 465 35 557 522 129 348 173 186 412 254 427 146 333 293 29 41 314 210 582 591 438 193 411 432 226 285 126 465 192 71 538 253 467 110 41 401 211 103 164 56 24 527 564 566 316 215 198 531 410 361 507 487 385 513 168 40 509 337 150 331 235 100 163 230 348 130 76 470 592 140 241 129 488 33 386 111 195 331 501 344 600 235 462 599 218 89 1 376 232 419 184 175 503 157 431 498 409 197 240 181 370 373 303 328 309 593 23 507 461 479 537 484 477 380 295 224 340 41 136 417 103 355 298 328 18 261 492 546 510 216 579 301 328 133 281 124 308 249
578 327 41 581 580 488 97 255 503 189 537 115 588 386 305 360 519 113 498 120 517 273 341 158 478 479 419 453 222 218 42 143 224 490 462 206 529 274 6 595 130 489 118 185 156 203 204 132 354 422 528 349 460 14 439 353 315 137 460 346 321 251 547 53 231 28 457 281 342 463 151 221 498 173 136 407 181 46 348 14 166 204 373 489 513 397 301 282 491 99 412 460 515 339
349 295 200 464 528 417 259 572 155 185 583 476 475 391 599 180 191 475 407 426 546 160 351 528 16 186 467 458 600 13 182 395 547 213 590 34 570 492 427 394 220 279 187 559 191 250
158 519 91 10 376 418 417 92 326 76 473 220 382 224 269 226 511 29 179 562 338 379 424 460 428 362 501 429 284 220 306 422 166 283 503 170 327 78 250 100 360 212 539 30 281 391 383 485 391 358 298 149 360 267 99 434 53 257 10 25 320 564 106 31 86 115 69 196 68 446 21 123 434 242 391 99 20 488 315 198 489 26 60 542 181 306 111 566 46 235 468 433 100 186 459 216 572 135 456 353 81 362 338 415 326 171 174
520 220 571 150 172 196 495 176 510 60 502 430 452 138 131 351 59 429 116 42 163 274 168 298 285 64 309 200 410 272 339 596 313 548 453 88 91 105 356 83 352 397 387 309 63 266 89 181 242 43 37 338 143 510 42 181 64 235 160 375 504 180 228 346 251 489 495 222
244 142 76 114 474 271 304 498 213 331 117 568 291 215 190 261 598 123 88 10 453 507 531 543 22 465 148 126 14 230 431 275 15 299 60 290 328 361 54 314 531 456 385 319 92 202 159 183 547 557 545 442 364 67 121 542 113 399 401 392 236 125 285 365 122 574 506 293 410 227 153 302 570 595 43 294 137 112 202 177 34 351 264 21 376 328 61 453 415 121 270 270 91 25 87 65 131 323 32 342 367 80 322 491 329 34 316 247 335 216 593 583 302 455 302 342 335 574 584 332 246 556 161 200 464 530 283 43 287 145 395 109 336 301 540 411 83 391 326 117 494 574 428 408 548 559 105 115 91 352 296 358 223 156 71 268 249 253 494 249 479 561 342 339 377
482 66 257 599 533 70 394 553 265 0 486 398 399 381 557 479 326 545 472 16 255 97 236 516 490 569 5 18 540 111 329 494 126 532 304 55 438 198 578 385 337 122 545 567 332 152 229 392 571 437 450 303 63 31 241 3 259 511 97 329 162 174 239 23 596 361 589 45 141 333 141 174 353 425 556 256 294 522 438 107 201 89 124 155 384
314 297 444 297 562 381 140 385 231 377 169 524 459 496 233 567 11 567 16 565 134 406 250 396 402 318 427 265 217 312 333 502 341 578 119 441 319 546 13 130 222 53 23 252 407 582 112 492 104 556 87 143 182 320 110 157 540 410 401 283 547 93 425 599 280 114 549 417 403 237 136 60 528 123 492 102 462 213 73 214 315 387 157 410 420 401 172 378 568 85 455 287 551 576 16 404 588 152 132 12 547 18 305 95 237 490 365 56 542 54 248 177 162 391 170 501 152 25 351 381 11 531 63 226 585 520 462 590 276 331 377 133 290 375 395 439 401 205 308 307 487 523 193 264 142 11 125 190 94 329 370 583 71 511 197 471 100 473 600 33 33 425 331 155 129 148 544 547 596 109 310 328 586 78 398 65 205 356 347 99 436 42 395 87 529 145 132 390
172 156 533 315 67 338 161 113 136 3 286 570 362 237 525 21 410 235 210 352 168 507 360 261 184 109 194 206 105 599 424 149 5 20 294 428 92 395 580 334 309 311 238 551 166 323 585 576 288 206 477 276 504 132 188 550 105 112 299 246 82 41 269 293 167 166 33 277 21 152 480 215 295 260 154 417 397 257 133 360 503 61 84 326 40 57 410 392 463 226 437 174 287 42 406 51 142 0 307 181 595 573 392 305 265 138 116 249 467 441 25 304 149 35 465 255 74 210 202 204 73 503 74 213 425 153 331 76 405 84 537 251 451 133 153 181 90 178 110 152 428 14 327 13 483 307
113 255 215 332 550 14 238 328 351 552 265 181 300 465 523 235 135 326 101 417 344 312 88 186 179 25 443 364 393 220 310 364 169 362 281 480 524
376 38 307 157 166 167 459 479 102 120 199 387 425 43
437 548 14 304 305 54 589 495 486 280 356 57 569 340 153 487 500 45 481 354 413 430 600 321 310 45 213 385 546 582 396 122 505 376 536 354 72 61 136 291 410 427 246 423 331 596 480 109 466 584 295 507 123 113 307 361 67 563 282 152 208 193 516 255 163 446 151 170 284 221 437 51 308 588 61 417 481 225 383 563 36 576 509 548 122 587 358 184 529 364 6 334 299 324 317 20 156 3 530 186 538 194 150 471 131 297 260 598 149 600 426 495 45 490 249 167 172 243 561 381 600 334 430 103 333 49 186 586 194 280 104 447 478 391 127 491 3 73 396 562 306 434 212 175 593 252 29 138 373 544 163 227 301 407 334 276 207 316 126 149 139 136 589
221 600 474 323 580 188 541 588 327 540 235 306 325 271 438 473 178 545 422 407 467 171 479 85 566 341 180 588 42 92 167 408 67 297 500 523 492 485 143 274 364 503 202 0 341 316 142 97 579 393 369 234 324 235 395 370 189 236 370 82 566 399 480 6 158 202 422 285 331 233 535 9 227 397 224 446 401 114 24 330 162 538 437 479 237 384 431 54 497 367 312 412 331 2 265 133 259 251 398 353 339 387 152 342 184 535 324 44 413 70 454 123 375 573 462 563 283 377 501 156 497 521
244 504 484 153 590 142 212 273 220 376 174 175 331 140 9 27 329 563 69 454 15 584 50 527 370
352 62 237 405 486 2 58 371 440 445 257 284 498 334 401 323 393 272 186 487 138 213 239 551 168 490 333 26 128 557 193 359 463 55 354 523 57 575 359 151 363 29 441 3 274 276 12 80 182 201 404 193 562 229 344 459 105 132 497 491 182 328 105 43 590 248 81 276 486 225 417 395 239 469 342 186 189 575 103 111 187 568 81 504 368 237 566 540 565 123 523 55 95 118 410 473 457 385 458 1 407 598 463 287 90 540 255 210 439 34 579 249 213 360 183 472 519 175 124 455 566 376 122 330 401 435 70 330 579 497 467 432 9 333 588 249 157 144 581 315
487 210 193 307 407 7 584 5 411 74 399 446 82 528 538 283 400 99 547 225 250 352 587 369 548 156 161 214 590 55 93 212 3 509 358 102 185 599 560 519 275 215 264 117 461 245 436 223 280 337 16 272 567 458 178 370 223 419 97 532 495 331 293 275 263 119 556 443 234 75 293 365 597 565 60 357 511 41 188 466 500 96 480 574 9 480 328 186 450 373 22 213 582 387 200 288 423 62 325 422 53 542 393 216 113 193 434 302 429 166 68 449 134 547 33 472 275 245 57 441 191 429 365 216 66 355 136 468 371 50 425 299 78 290 592 455 181 144 38 329 170 223 353 443 437 414 421 433 36 57 176 156 225 239 192 385 215
418 400 88 343 72 535 161 469 493 395 87 132 288 200 140 397 254 273 336 68 443 459 504 216 61 89 176 520 471 565 4 51 159 216 536 426 480 342 66 491 529 271 535 228 149 248 284 313 551 5 142 71 502 541 567 84 234 254 556 31 562 20 228 532 440 353 134 107 80 215 151 271 492 256 39 446 139 220 566 11 299 430 322 456 416 76 575 179 158 363 7 289 399 345 567 376 371 445 357 264 428 188 438 270 120 444 587 323 409 524 574 383 222 391 353 15 205 329 25 279 516 69 12 229 207 120 379 576 588 62 90 422 82 464 485 258 123 279 168 463 287 463 15 162 107 101 511 162 342 308 363 503 74 523 360 99 418 411 92 138 404 457 36 403 551 272 404 508 316 102 274 366 475 375 339 121 277 404 238 551 25 478 535 592 200 481 316 247
451 252 75 396 55 511 122 157 50 344 574 30 521 389 72 364 217 103 88 543 569 197 474 560 243 589 61 370 288 250 98 554 239 562 212 116 454 10 2 239 217 283 539 132 287 344 271 319 57 503 246 493 341 91 406 370 470 565 581 173 338 370 584 166 441 239 84 583 28 344 554 171 27 44 377 537 458 374 475 61 40 577 313 14 560 331 156 339 204 88 430 381 51 329 319 544 275 295 496 159 471 310 271 112 255 257 591 321 238 93 237 493 361 566 483 282 70 268 62 555 30 234 310 528 317 73 589 503 579 14 209 261 313 331 361 574 72 567 591 130 127 437 547 353 283 124 103
533 310 481 452 208 380 161 521 0 96 352 28 79 416 109 509 57 447 203 27 175 361 199 225 327 559 263 595 152 452 386 483 137 532 410 290 477 166 293 458 173 205 384 83 246 441 510 379 53 525 27 499 31 416 361 115 133 166 452 337 424 316 395 342 393 560 573 208 206 444 386 77 357 503 224 112 423 71 106 461 11 173 415 519 92 220 571 563 537 560
75 315 300 228 257 489 126 142 66 277 248 250 40 2 579 465 274 94 75 365 391 325 81 220 208 252 260 478 169 20 597 338 314 486 370 102 506 234 2 169 47 225 509 188 276 133 117 6 319 360 499 63 528 254 130 489 62 249 508 397 444 301 336 105 343 179 345 0 554 449 568 53 86 343 94 216 260 527 505 181 19 146 381 25 332 417 303 441 446 599 243 324 219 504 206 126 314 373 473 309 387 345 131 425 562 466 43 183 272 104 317 219 538 280 206 258 358 564 522 530 244 101 224 169 495 224 513 399 238 461 2 229 498 214 599 123 62 581 523 347 302 235 70 113 279 103 466 304
384 487 361 210 477 252 256 244 336 333
203 440 590 497 355 478 368 559 240 347 196 451 126 419 234 565 121 11 81 76 90 164 82 367 199 29 102 581 104 378 399 422 42 390 212 365 307 517 342 581 516 165 106 153 322 123 206 271 246 335 248 192 302 95 407 398 458 275 292 139 7 306 60
335 188 337 131 491 169 68 26 551 425 530 162 321 553 12 279 316 51 389 193 105 349 542 150 531 71
289 327 328 307 179 460 128 547 593 462 574 273 501 335 545 313 362 133 190 421
265 156 146 226 434 172 205 192 223 577 521 505 588 90 313 175 234 306 563 434 271 199 353 19 582 107 91 470 353 507 292 61 177 133 44 155 2 120 427 430 9 200 282 122 10 345 491 351 254 192 257 459 380 216 583 398 482 341 140 210 362 55 216 296 508 167 172 451 423 466 326 146 494 298 78 542 451 486 349 443 412 557 379 15 442 191 212 405 235 523 117 539 264 223 211 462 214 392 71 246 273 590 153 320 448 561 206 159 496 26 324 395 511 388 209 119 435 213 285 47 179 203 315 353 432 505 560 435 596 86 232 571 591 530 217 356 190 68 105
68 469 364 111 401 141 597 452 472 318 334 101 10 272 595 353 151 368 138 373 491 346 163 263 557 57 523 85 593 163 149 449 232 529 560 259 57 424 218 519 495 592 390
100 76 393 208 386 17 364 350 523 578 494 593 248 42 476 153 502 498 582 65 42 58 337 39 221 472 195 123 600 110 142 478 342 413 199 479 423 272 228 97 181 141 367 393 377 52 125 588 200 49 204 364 64 171 374 490 395 429 376 187 504 38 450 108 429 533 521 240 55 349 428 246 206 83 330 501 541 589 413 563 123 533 414 457 270 312 151 52 400 299 67 519 21 560 348 176 505 308 562 79 503 419 61 293 567 342 542 585 429 172 197 151 287 151 540 134 470 552 542 145 342 146 215 240 234 400 505 243 301 149 573 317 240 399 332 35 505 526 162 483 334 314 102 495 220 346 201 58 387 134 108 373 340 139 93
291 32 462 197 437 409 411 74 275 340 405 435 364 58 154 58 262 243 245 280 575 142 417 221 416 107 259 131 216 120 473 271 330 148 290 547 80 51 41 337 92 233 358 286 258 174 394 88 39 160 375 492 403 338 314 536 179 108 210 429 31 12 236 496 573 294 326 198 25 53 429 194 438 56 123 528 459 265 595 336 6 361 22 371 228 144 483 272 586 75 539 279 121 282 209 528 325 12 311 562 506 390
480 423 504 87 574 25 503 478 104 338 423 5 578 293 547 347 232 168 130 588 563 94 13 77 592 161 230 71 251 446 520 257 589 109 593 89 526 101 329 445 77 380 401 255 447 491 432 245 170 367 589 317 88 443 86 62 450 206 290 393 169 200 158 211 155 137 104 499 196 388 247 506 29 191 404 469 32 454 17 146 344 598 468 447 238 310 76 407 100 381 132 486 336 505 296 162 385 94 596 206 49 188 45 121 385 195 195 203 479 546 339 2 1 47 505 362 166 452 337 47 19 346 257 27 568 324 34 472 82 484 228 55 336 106 144 554 381 209 349 494 343 256 406 39 429 125 322 380 74 523 28 474 391 549 412 264 182 574 197 488 393
259 130 2 450 325 484 559 469 241 15 111 598 285 380 75 151 419 418 90 137 129 208 486 200 27 78 328 338 532 124 181 68 275 523 338 482 76 210 368 58 312 310 32 65 529 556 488 536 444 66 200 442 424 215 100 543 319 348 428 400 295 474 303 124 586 81 446 24 402 344 377 444 80 79 43 525 240 205 210 448 183 104 141 316 127 377 508 570 90 328 507 517 294 169 38 516 279 77 484 234 504 0 535 554 36 36 344 110 151 418 66 361 323 417 489 224 529 574 213 406 573 412 12 352 76 17 222 329 106
516 389 496 248 0 507 223 510 280 177 275 578 508 220 288 52 405 502 439 265 283 68 369 346 11 478 348 139 576 175 262 600 471 201 15 396 545 96 466 255 214 547 237 483 529 98 467 223 80 597 586 86 499 579 575 567 220 447 256 18 463 281 358 166 594 262 122 149 34 16 362 245 30 407 15 527 286 408 10 166 564 128 533 24 244 168 67 310 199 395 503 512 489 341 561 282 44 438 349 550 165 148 420 169 60 582 360 289 438 221 15 460 413 600 475 161 144 221 411 234 484 584 232 61 50 153 192 24 345 255 454 139 303 391 417 79 555 244
365 474 132 499 152 217 536 139 108 461 379 226 186 68 324 204 418 448 82 470 315 116 69 587 386 65 65 304 433 583 32 477 294 545 162 587 162 380 110 285 429 517 481 221 424 452 216 184 351 337 40 300 406 517 341 579 417 201 435 379 259 231 506 480 101 366 47 206 278 571 596 131 274 50 151 297 104 70 22 121 201 160 530 97 476 7 348 15 250 44 429 198 46 394 204 498 433 439 166 33 551 456 181 252 35 472 408 33 239 330 545 490 351 58 564 556 554 42 47 230 240 11 543 454 552 450 517 362 440 319 399 159 195 9 462 469 546 101 292 581 153 359 170 429 494 314 354 92 199 191 346 242
342 28 505 76 147 144 24 76 57 1 401 540 404 536 95 207 235 581 5 378 395 547 318 599 408 127 464 8 143 329 124 486 458 479 495 43 412 408 414 94 253 597 208 87 80 183 208 307 563 75 594 68 262 236 317 482 177 17 556 577 341 87 397 457 444 71 48 233 529 57 575 309 221 562 208 25 532 87 532 93 598 75 288 255 254 512 168 99 53 416 426 31 142 186 553 534 15 157 35 478 83 375 510 118 535 510 416 245 402 269 178 422 299 351 60 165 265 459 512 41 578 308 506
161 547 13 10 509 332 490 417 524 199 266 479 315 427 184 262 205 563 573 86 416 221 98 147 528 402 48 591 215 468 441 227 549 69 88 96 290 64 183 308 416 283 14 81 30 343 248 184 36 568 20 124 364 107 205 421 270 457 478 555 233 52 407 520 326 378 419 61 368 292 337 584 200 419 302 123 442 20 223 276 576 423 580 599 198 501 264 97 475 164 475 459 161 190 221 73 113 589 434 524 488 103 490 98 527 590 412 362 237 41 223 336 101 486 488 388
568 25 367 118 314 72 102 455 282 360 209 483 289 136 488 235 585 220 103 502 191 284 61 529 264 53 161 126 145 237 579 82 157
555 576 370 478 244 235 182 457 419 391 178 421 272 499 311 465 326 572 379 562 303 264 119 103 201 424 510 252 442 88 6 350 533 482 59 131 208 84 483 423 182 489 226 337 290 472 414 433 164 442 232 178 253 444 336 23 387 226 421 150 469 423 456 240 343 591 154 418 107 268 520
585 566 483 193 193 338 284 109 144 34 364 230 255 293 204
226 518 359 394 448 317 285 501 17 245 446 410 15 592 368 144 215 369 169 174 212 587 55 254 229 125 408 267 345 25 545 178 329 28 440 378 559 335 594 456 242 58 578 475 306 284 233 63 450 375 140 292 201 296 514 344 152 320 394 45 246 573 486 411 192 147 512 498 81 537 199 436 384 559 515 486 196 547 358 267 209 578 432 597 511 545 213 241 442 56 321 500 356 466 66 187 98 301 199 394 326 427 14 192 125 53 237 89 274 113 414 178 597 57 262 327 105 0 174 255 114 334 15 413 491 402 39 237 179 354 334 99 212 577 195 436 43 487 325 31 167 2 190 300 485 538 427 85 164 589 162 154 162 445 320 345 222 175 191 294 233 75 432 584 546 369 410 424 251 446 265 41 323 469 325 47 409 387 357 576 113 574 500 439 59 231 175 193 386
283 201 421 536 307 262 340 177 107 379 303 165 496 283 330 116 393 555 166 131 206 85 206 588 419 62 216 429 430 305 422 465 418 559 416 208 597 19 124 460 79 394 447 539 142 395 81 77 550 340 45 344 201 585 21 143 358 290 494 33 447 372 497 376 387 368 557 389 494 331 383 180 264 367 136 102 64 245 409 81 308 600 38 573 45 187 86 325 301 547 574 252 262 139 453 535 14 97 135 57 309 414 487 424 136 600 267 502 196 84 551 16 194 234 358 328 383 390 308 70 14 137 211 552 283 465 64 215 575 564 468 193 126 366 421 0 490 561 245 118 139 192 257 584 566 79 177 333 59 427 61 206 432 420 136 416 410 192 132 392 340 413 295
0 427 78 120 169 168 57 171 418 415 583 149 366 515 370 485 527 74 443 345 443 334 105 112 410 502 111 187 238 12 54 548 200 202 88 28 451 438 238 530 534
313 339 5 6 275 318 543 318 184 9 88 579 286 59 118 340 99 57 473 126 522 181 361 557 287 259 291 286 354 176 510 287 446 360 51 153 487 419 151 22 78 164 186 454 490 590 214 267 455 172 481 382 325 23 87 229 274 150 544 75 49 544 449 231 158 484 528 327 267 386 313 59 269 131 397 440 599 555 395 238 563 394 246 135 482 528 313 498 218 163 263 381 527
504 470 190 97 500 182 239 484 77 254 214 403 369 560 508 115 537 402 53 158 92 442 112 8 31 383 368 326 234 599 361 427 558 451 474 94 289 414 427 122 411 101 455 319 541 385 202 440 464 129 447 1 145 274 578 261 242 386 532 341 453 550 252 85 413 536 63 423 528 198 186 488 71 57 104 377 103 489 394 493 67 157 171 564 82 426 567 472 299 160 131 224 264 63 360 392 128 511 229 19 5 549 409 465 363 256 305 182 515 498 320 118 511 327 479 513 317 162 451 548 179 181 386 23 313 43 138
226 105 260 169 319 186 19 110 133 143 325 64 8 441 251 497 433 29 65 191 190 432 11 552 164 583 14 582 588 79 524 151 530 406 210 171 538 344 199 577 353 422 230 530 360 540 475 132
430 137 225 326 542 87 153 527 527 192 457 506 99 23 296 595 223 207 168 451 588 156 21 410 125 182 138 45 7 85 194 199 423 424 348 244 324 539 206 516 585 526 485 551 444 23 208 9 587 525 69 382 194 490 560 537 249 473 75 462 569 459 243 493 386 365 79 206 560 226 572 523 115 6 199 452 87 505 17 65 82 585 222 143 236 280 573 126 320 64 341 168 209 16 61 356 315 293 204 293 355 299 419 389 332 554 187 388 560 203 498 439 386 132 169 427 361 339 227 98 320 159 350 162 77 224 182 371 400 149 173 542
495 598 490 319 94 321 330 555 521 161 284 450 321 255 12 53 9 104 54 596 86 325 594 11 52 67 116 117 585 522 377 132 159 537 463 34 380 240 152 318 585 564 301
199 472 273 141
335 412 383 523 276 152 328 155 357 161 465 182 25 1 184 290 102 277 411 93 558 135 561 511 394 201 356 58 448 288 325 590
143 187 562 15 340 529 393 407 529 420 584 326 417 161 40 280 375 97 270 200 41 412 482 238 425 287 460 335 248 173 137 439 47 37 355 554 227 588 295 241 570 90 402 187 219 273 84 524 145 366 189 402 579 62 575 160 168 167 598 256 155 256 273 460 403 74 388 509 201
455 437 533 384 181 91 228 5 24 450 40 434 75 169 6 530 412 383 401 314 487 228 312 586 377 124 566 547 336 361 257 391 100 411 165 297 555 244 343 356 396 575 514 32 305 348 551 132 42 145 436 424 503 254 54 299 22 84 233 309 21 466 594 458 284 461 430 20 282 221 253 215 16 8 389 189 240 321 5 417 137 280 365 365 190 363
15 410 63 370 198 313 176 499 169 263 32 111 579 404 437 178 128 119 510 157 278 50 355 310 568 514 130 447 477 361 376 84 236 24 298 369 436 513 423 352 277 446 590 130 436 341 395 91 258 418 541 40 238 243 397 351 319 220 440 161 529 472 154 236 102 325 586 443 362
469 273 285 426 370 159 284 144 257 255 510 22 459 305 476 521 364 406 464 302 193 418 191 595 287 490 38 266 143 325 395 62 355 282 429 311 41 37
19 159 358 402 255 186 401 229 298 464 427 25 144 75 358 583 222 70 201 91 581 582 55 215 86 556 423 256 14 432 5 385 215 588 425 475 349 556 94 168 24 470 299 217 322 207 336 19 231 60 447 283 435 23 340 104 63 315 222 500 236 386 224 476 204 514 469 58 571 87 152 591 427 88
488 227 445 517 2 523 383 159 541 161 283 249 422 33 133 29 232 480 372 411 536 501 297 526 301 493 86 82 224 574 397 172 213 164 291 560 315 268 171 383 173
196 514 431 360 433 547 310 97 570 329 393 473 458 342 211 378 441 367 6 506 150 49 79 439 375 379 208 62 486 178 146 451 330 238 127 528 452 194 462 376 136 56 405 480 318 590 236 435 483 327 156 236 358 187 298 157 306 451 58 296 64 211 31 249 305 532 126 87 192 594 185 144 75 268 239 146 191 28 288 85 374 371 146 574 398 76 424 43 251 93 378
52 487 131 267 416 157 250 376 350 389 455 94 469 452 234 299 157 258 512 461 104 553 41 24 434 207 100 282 110 170 362 261 88 596 596 196 409 457 66 525 102 24 28 194 220 335 47 374 178 210 400 91 128 577 520 417 533 496 336 19 572 44 110 398 226 470 440 565
303 238 69 242 256 180 573 334 412 397 355 422 418 356 576 58 356 20 275 113 530 458 586 185 436 427 541 47 32 98 452 393 68 222 413 435 425 554 232 248 556 256 217 447 383 544 244 329 10 235 507 325 161 136 580 545 262 47 364 458 435 582 388 140 56 141 522 278 124 597 365 71 501 164 133 192 294 178 126 354 11 306 483 201 217 301 72 347 248 33 305 78 352 298 593 500 322 114 243 183 592 345 598 178 492 542 381 451 149 109 502 320 557 544 407 56 62 444 393 245 581 459 299 359 333 425 479 270 392 119 541 436 37 152 265 113
504 598 10 585 567 590 61 373 35 428 292 432 433 207 400 64 24 420 73 2 191 123 558 261 27 444 351 423 439 68 379 27 294 163 69 292 383 282 344 33 368 252 52 443 134 337 404 404 143 39 217 412 239 410 536 423 254 296 41 319 242 241 332 81 476 400 253 240 494 558 271 455 45 83 527 58 539 457 384 397 329 218 101 288 220 217 382 567 286 144 285 572 441 187 64 467 503
160 74 539 213 328 461 582 347 12 483 549 475 99 133 140 182 158 258 243 120 375 322 117 598 263 407 325 284 587 21 244 201 513 399 92 80 257 366 355 116 367 327 289 286 21 503 355 555 590 588 48 106 312 570 321 408 552 545 294 207 350 278 490 518 109 255 115 23 315 451 140 467 53 346 553 347 224 304 91 519 156 246 218 225 120 459 54 203 62 558 469 232 336 77 498 383 497 88 230 230 494 227 183 222 532 248 579 159 297 569 203 139 282 103 532 131 379 582 226 136 148 233 392 585 171 389 219 401 83 158 380 581 478 319 50 513 387 16 595
358 104 484 173 569 588 207 104 312 116 567 218 64 171 149 525 590 415 309 264 518 408 436 532 24 241 316 475 10 392 330 131 113 373 247 413 278 476 435 532 12 24 580 156 167 296 272 374 586 33 598 354 395 41 79 9 510 194 258 532 238 1 243 501 592 62 105 351 600 84 27 340 472 487 329 249 475 235 158 441 167 170 104 162 267 524 462 303 179 543 492 403 205 448 48 316 239 2 219 135 145 24 585 330 98 125 14 410 168 79 51 418 524 458 101 296 404 592 382 599 283 426 241 292 73 76 534 584 547 419 169 428 289 84 128 291 279 505 296 281 144 433 429 176 15 332 62 435 152 265
451 330 387 250 307 296 116 461 134 213 222 82 214 496 149 323 216 427 252 430 597 224 2 391 32 460 283 411 20 541 572 9 485 206 455 131 158 128 295 211
90 418 558 42 579 423 228 103 407 440 520 287 310 509 600 516 313 322 189 126 217 159 470 106 452 346 130 451 396 257 181 248 572 199 259 521
294 82 209 159 574 210 372 142 438 233 243 272 170 552 549 290 409 32 318 544 401 464 422 224 252 404 121 80 487 562 354 600 288 479 237 318 473 330 245 332 69 107 240 448 410 49 486 515 585 391 562 522 478 479 517 53 125 451 58 547 554 356 53 40 306 6 229 230 187 182 166 548 477 457 251 143 588 105 400 73 305 426 284 393 53 375 470
332 409 130 411 487 463 377 342 58 245 340 255 89 547 201 508 529 141 226 176 61 316 438 485 371 169 191 525 261 332 240 289 218 440 551 374 274 371 451 486 396 592 80 448 208 517 338 10 232 305 48 530 99 87 117 175 153 141 290 542 249 495 1 350 456 78 459 134 164 584 163 204 280 70 481 535 428 409 288 386 217 336 102 542 175 399 120 503 585 94 545 100 40 598 125 104 273 78 64 153 161
154 163 64 302 264 478 592 316 252 548 320 421 369 417 309 562 190 275 497 304 29 248 390 102 570 295 140 409 152 127 313 493 372 449 408 66 356 285 214 274 516 564 52 313 399 511 560 184 39 504 554 160 1 564 530 305 382 335 168 144 133 174 114 441 372 3 580 546 443 374 9 476 467 442 407 108 408 304 526 118 581 480 10 354 44 482 410 292 478 271 310 323 566 27 65 139 536 486 313 51 354 262 287 541 401 401 182 61 181 451 277 419 363 468 560 382 24 314 298 203 201 415 447 178 264 407 524 587 386 18 503 389 151 466 374 350 559 146 323 518 185 130 492 254 291 351 82 38 286
530 96 114 462 468 590 535 165 515 81 403 590 588 469 442 433 218 488 171 69 262 564 383 525 456 250 376 536 41 257 304 395 576 134 566 105 471 61 266 16 516 490 394 242 381 230 540 395 62 304 144 396 82 52 96 170 385 159 493 473 233
68 526 174 194 216 497 419 518 162 314 278 173 542 188 264 9 493 441 312 17 594 49 384 336 459 417 359 107 464 307 489 123 511 151 88 326 227 531 403 104 185 9 586 108 219 267 208 305 161 91 109 557 35 287 109 173 562 262 275 418 442 412 455 167 242 235 36 0 408 183 523 504 83 576 293 12 95 441 174 35 245 120 240 252 469 418 532 149 96 241 452 165 198 85 279 598 124 239 39 187 310 45 185 30 433 46 103 78 556 98 221 99 35 494 122 266 498 254 125 213 234 71 69 59 394 64 149 283 477 274 314 135 356 583
479 373 385 416 101 290 446 370 444 375 323 564 46 129 471 158 463 217 577 411 222 52 568 485 179 546 288 289 512 544 395 507 90 167 2 143 191 306 216 438 178 84 350 167 482 458 197 155 52 368 44 517 203 14 358 577 284 213 89 161 400 130 307 82 501 221 341 196 500 490 189 443 434 532 149 573 388 6 168 95 217 215 410 24 576 263 165 102 503 8 79 190 235 450 523 438
504 84 561 66 312 43 108 314 337 109 233 439 387 340 396 419 235 278 321 65 38 460 423 185 205 492 216 465 194 398 596 267 120 221 405 578 519 382 316 200 161 321 72 454 187 250 398 243 569
360 134 557 493 305 435 221 104 250 68 117 383 313 287 71 20 434 417 587 322 344 139 333 261 452 337 298 1 475 132 86 170 470 279 273 311 217 192 10 2 175 88 429 504 600 534 57 92 514 166 188 401 118 567 102 161 423 553 467 284 360 418 356 424 278 278 286 51 338 595 12 555 570 11 297 110 507 434 135 276 180 151 480 326 418 277 395 540 70 600 549 498 268 268 327 141 131 197 80 144 486 194 415 16 21 575 284 520 446 49 149 599 539 363 496 329 18 127 363 48 432 567 128 550 533 0 302 108 381
538 491 195 441 177 391 254 430 484 569 295 193 77 210 486 103 453 384 156 490 478 342 479 167 58 235 67 156 253 497 470 483 181 373 320 547 536 126 494 594 540 49 481 593 158 21 35 507 185 539 495 580 317 392 169 353 197 338 448 155 154 206 185 478 127 514 544 469 44 504 227 573 522 165 317 579 214 599 269 337 90 135 57 403 312 147 503 325 222 345 237 573 196 270 53 549 570 352 456 599 492 47 560 190 182 571 318 149 239 136 431 58 576 214 106 579 404 20 379 220 4 170 531 224 420 402 564 56 534 58 5 7 328 537 286 572 59 150 130 296 191 548 305 15 198 254 518 363 387 489 345 238 166 146 283 5 136 565 413 70 494 408 13 138 231 330 473
210 418 381 161 258 303 49 470 398 393 284 42 600 488 115 448 452 585 420 505 229 512 243 583 575 302 308 288 175 20 239 571 54 275 295 170 316 227 108 329 544 270 81 443
426 595 166 234 258 93 230 445 424 112 380 80 78 63 537 173 51 106 73 29 90 188 104 493 513 335 95 6 419 280 465 398 207 388 259 597 294 158 162 52 51 446 61 83 530 102 183 283 88 53 152 108 543 441 301 218 569 479 159 154 305 104 472 522 87 81 455 94 236 434 140 386 369 141 195 286 329 248 80 292 451 333 522 126 128 571 68 52 478 123 424 478 135 21 170 142 580 418 566 497 313 227 537 6 541 433 234 239 450 3 269 321 447 405 170 420 104 228 286 99 529 403 409 596 420 147 371 223 597 499 61 497 176 17 6 373 211 130 173 516 562 439 258 471 7 187 153 97 569 155 541 103 328 583 368 36 471 319 539 27 328 547 420 287 513 312 281 292 53 102 198 263 355 20 421 215 581 291 113 333 535 294 32 269
316 504 552 276 306 331 4 413 147 224 0 102 483 200 392 399 255 418 190 422 426 150 174 561 264 414 197 270 218 429 421 271 166 136 215 36 556 93 474 257 122 187 464 184 398 396 543 173 486 236 548 413 177 304 328 165 540 322 209 19 90 498 338 413 197 169 379 68 583 98 456 236 79 44 400 318
332 162 136 148 365 322 320 502 274 196 42 330 264 207 198 143 158 75 187 421 119 389 0 342 383 591 224 204 400 292
296 319 281 378 49 324 458 478 262 380 263 451 441 293 341 375 530 456 225 123 16 221 172 512 119 3 482 600 234 309 33 71 447 211 252 364 389 14 179 2 16 337 191 324 556 313 590 243 62 301 553 26 101 39 289 171 364 200 74 128 354 579 52 519 475 147 50 414 102 445 527 299 485 489 343 367 63 0 17 571 509 379 422 516 536 533 179 567 217 419 271 309 223 392 115 382 427 551 447 283
315 158 182 498 22 467 439 539 400 424 593 313 443 39 299 111 293 280 202 337 92 1 220 100 495 571 158 246 449 178 423 182 485 185 412 556 316 438 186 443 344 188 4
318 218 421 413 294 263 416 360 347 505 348 221 148 580 506 517 491 214 277 525 328 363 541 537 22 237 225 187 14 437 239 5 546 385 110 303 436 1 552 384 47 476 307 413 118 456 245 271 26 8 311 273 179 4
444 358 510 484 71 543 526 113 414 31 10 117 40 393 444 447 39 178 416 0 219 597 580 409 232 278 152 477 396 347 47 222 236 360 592 225 446 285 526 437 154 550 203 412 573 72 171 35 300 192 237 576 113 266 102 580 520 133 37 557 173 224 248 210 64 105 257 43 29 529 2 419 136 204 24 398 318 370 582 264 295 133 96 485 129 480 327 484 522 420 425 246 233
397 506 313 135 531 548 38 511 225 266 279 395 490 303 545 311 590 303 185 53 546 192 390 541 45 136 452 317 376 534 10 565 106 353 49 181 393 448 262 318 176 26 118 539 596 525 392 44 13 427 65 530 337 563 365 537 26 335 215 395 360 576 343 419 43 366 501 571 478 270 91
408 95 474 196 322 96 346 391 289 557 136 244 90 160 57 527 589 377 31 232 518 224 155 231 398 210 523 156 317 127 275 421 212 460 237 223 3 15 259 316 508 308 58 439 55 270 566 382 329 1 326 456 269 457 176 86 90 301 226 129 11 403 174 483 278 87 246 333 441 561 497 499 297 550 333 291 452 80 592 428 248 97 347 486 324 588 217 583 466 380 489 310 483 489 563 218 157 133 290 238 285 155 208 381 88
272 107 354 538 386 295 412 562 430 560 123 369
469 142 424 287 45 445 555 484 357 264 106 351 75 121 343 63 13 470 438 374 171 6 492 316 212 502 348 374 194 30 152 531 78 83 109 500 522 131 230 556 94 565 148 567 364 438 154 212 539 485 446 58 464 317 167 461 280 495 397 111 313 128 511 549 106 396 484 394 281 97 553 14 196 385 71 579 135 553 238 416 87 472 545 397 395 162 213 403 408 131 147 284 428 387 553 195 431 41 378 63 432 457 562 42 167 179 252 123 140 593 331 461 341 474 292 559 44 570 90 593 557 215 130 544 429 296 123 310 146 112 314 315 596 317 97 468 257 457 269 231 355 293 178 547 309 348 158 78 435 51 352 51 274 176 519 175 477 277 201 181 505 241 531 398 83 342 24 346 289 429 362
395 128 541 242 134 564 544 7 77 522 61 313 34 362 253 112 465 138 181 135 287 34 183 356 151 455 271 187 461 351 220 201 32 42 383 116 417 265 406 12 293 67 375 222 109 441 596 433 537 90 133 210 134 144 205 285 40 525 100 490 214 352 396 313 194 455 342 43 69 393 281 312 435 208 255 202 278 60 335 192 156 233 585 232 241 263 552 358 145 294 59 481 248 473 559 166 559 40 414 422 311 168 315 308 264 10 318 28 213 505 9 65 356 509 198 530 230 586 86 550 52 539 294 473 60 13 132 426 532 293 59 126 377 473 160 75 367 288 581 447
354 113 256 187 107 135 557 139 488 415 63 62 205 232 489 571 18 195 463 563 278 505 66 548 513 193 273 335 52 573 52 505 281 276 45 115 215 374 512 162 260 531 28 110 580 302 160 108 309 497 161 344 243 249 577 541 236 567 181 510 124 234 438 116 93 456 515 572 515 244 85 420 116 376 318 282 142 476 304 92 16 33 339 139 130 561 106 342 66 452 42 71 519 78 556 245 546 477 478 41 67 451 569 503 504 363 350 507 404 163 187 50 172 470 289 236 20 184 123 269 256 315 279 79 344 316 407 366 300 82 396 113 447 567 549 187 247 16 2 28 349 140 347 298 377 403 422 481 343 285 59 588 323 348 598 552 235 490
274 474 587 151 517 303 514 514 171 54 405 239 477 139 143 557 304 430 338 229 0 191 521 202 241 375 447 320 495 71 213 39 469 324 291 106 302 434 519 253 388 189 415 433 381 45 78 449 81 485 425 58 235 162 254 73 336 43 362 361 120 400 104 586 558 121 262 554 235 599 205 32 513 58 437 467 588 358 155 110 343 250 275 561 517 118 259 503 451 192 414 438 122 318 137 563 4 110 93 253 449 330 293 96 34 51 423 599 140 20 461 253 74 252 209 219 399 21 314 546 92 82 170 527 306 397 160 346 282 584 495 547 130 524 29 242 189 37 575 310 204 212 572 315 43 587 521 29 600 151 107 135 56 206 552 417 458 329 366 168 563 331 502 220 181 360 523 296 30 359 219 591 463
560 597 282 404 293 520 421 366 445 54 94 413 225 370 25 550 343 365 514 251 36 226 502 289 120 66 258 66 116 63 428 160 161 40 315 343 227 165 207 441 236 310 355 337 333 371 572 157 156 38 377 196 452 267 200 468 173 108 319 583 191 187 292 515 352 335 258 232 312 177 129 298 592 194 152 64 263 107 90 23 125 259 101 472 502 26 205 259 131 357 86 405 79 184 113 107 79 470 544 426 451 34 567 248 113 559 270 306 464 383 198 250 83 588 544 98 206 61 417 302 332 598 26 62 508 589 343 399 30 326 543 402 321 401 176 311 56 298 32 333 545 294 495 593 401 254 391 327 418 207 0 201 550 338 596 184 530 101 230 184
124 239 24 39 96 292 483 351 452 483 191 324 526 127 112 466 253 343 498 327 531 30 393 89 236 175 111 390 166 461 122 450 265 547 189 282 29 595 563 541 134 12 363 201 265 339 153 385 69 72 10 341 159 243 39 417 134 374 243 520 297 127 419 419 423 377 416 421 498 470 150 211 130 76 418 401 224 369 275 320 275 120 134 343 128 101 327 246 399 292 191 113 62
515 136 392 128 91 163 70 12 234 463 524 442 503 592 102 38 436 268 401 368 497 64 51 522 231 92 364 467 67 294 37 59 593 495 453 171 393 157 221 339 290 288 27 213 37 496 205 186 144 12 101 377 261 192 34 437 514 527 494 285 89 346 256 396 106 279 331 314 7 562 326 438 153 512 278 513 487 4 372 375 86 472 106 422 208 45 517 238 182 389 216 80 42 461 391 2 192 11 147 115 124 339 413
183 223 533
419 480 353 551 103 306 287 361 129 241 335 180 242 467 308 341 278 169 299 22 478 240 169 297 407 90 547 199 25 545 456 339 552 159 326 556 256 181 288 126 585 542 508 54 232 556 370 586 25 213 443 201 206 287 508 413 548 249 469 549 174 163 12 28 130 230 47 138 488 219 531 225 330 539 73 588 574 559 296 49 39 122 347 46 548 377 206 414
306 534 582 281 402 68 481 290 599 527 204 35 390 448 445 274 577 475 566 134 530 390 151 508 32 255 182 540 253 275 224 20 596 150 472 380 407 63 545 123 238 10 284 77 72 600 575 218 491 384 510 527 241 124 532 91 29 380 579 202 407 92 357 100 482 122 116 200 320 527 418 194 0 234 216 423 165 222 208 380 362 253 470 319 384 352 238 165 390 175 416 25 586 126 422 186 351 419 463 497 387 342 415 74 169 222 546 354 323 210 1 136 596
119 126 306 88 536 454 289 388 296 367 226 262 562 552 186 461 378 259 320 537 91 337 438 359 420 76 126 571 265 10 183 442 27 518 385 166 90 113 438 234 66 279 337 577 238 295 404 475 174 341 419 198 182 232 546 143 17 392 279 169 18 103 332 554 380 184 35 398 290 308 240 511 257 450 210 113 16 219 585 140 571 587 250 548 387 275 305 196 585 509 376 249 551 262 95 574 49 138 6 187 319 462 525 139 148 245 17 201 455 360 240 401 392 257 165 419 591 350 294 341 407 286 306 89 102 53 292 458 18 180 81 477 598 130 245 526 16 453 233 558 36 293 417 333 80 325 137 267 219 162 394 21 266 381 530 4 10 151 222 175 407 216
313 494 537 392 469 108 185 108 285 307 422 317 368 66 242 84 417 174 585 114 321 315 325 97 302 380 9 276 242 597 246 484 10 173 265 197 255 326 11 430 33 407 294 472 512 491 505 505 261 286 366 539 391 11 124 539 450 364 399 297 299 423 328 212 476 510 398 494 27 531 178 561 109 369 34 338 123 582 54 6 12 280 22 156 21 430 72 229 320 161 559 561 62 19 490 569 432
455 246 239 509 305 77 138 174 358 247 271 62 31 412 477 321 545 401 140 561 46 539 67 496 394 555 347 163 233 547 216 85 60 144 535 90 279 580 96 443 471 352 406 180 396 304 156 218 333 214 74 518 99 379 145 575 161 178 444 386 125 440 458 363 265 267 189 143 224 178 256 346 52 467 355 404 469 76 42 367 374 407 195 129 584 330 18 50 277 479 428 202 380 63 349 22 94 449 404 548 141 356 232 142 326 446 58 429 289 447 262 498 307 237 530 482 94 101 146 306 379 378 538 194 431 535 256 202 139 380 181 198 526 438 349 500 208 456 57 592 546 55 299
119 111 175 238 289 579 152 490 319 456 38 116 342 447 598 531 435 594 450 94 326 514 12 584 201 304 156 481 353 594 81 579 445 85 473 11 128 307 379 592 341 460 92 235 139 450 192 403 87 260 542 361 60 203 515 115 232 426 586 112 236
558 368 156 509 197 37 570 18 110 122 79 300 460 50 32 117 543 80 134 474 205 542 121 514 140 159 513 460 14 304 191 580 381 129 190 283 247 152 78 469 336 134 550 24 543 232 135 260 501 151 406 183 312 301 134 266 18 412 198 238 16 593 370 123 13 532 507 128 329 447 145 139 24 543 86 2 513 31 295 103 49 195
349 88 374 278 546 279 543 246 539 5 375 559 349 207 172 555 590 329 577 372 272 329 331 8 146 507 134 494 562 56 51 147 507 522 265 222 25 113 325 124 260 558 489 326 126 170 465 122 128 207 571 22 148 597 350 535 204 28 575 63 125 10 29 269 596 273 169 113 121 31
595 223 146 163 352 340 124 269 60 418 242 51 328 528 565 583 306 427 20 444 57 96 495 445 539 3 163 566 204 564 107 203 378 49 324 156 517 213 374 484 237 404 217 369 519 23 73 233 313 51 169 166 96 452 455 55 542 4 379 197 43 87 502 524 86 158 189 15 509 217 316 92 381 387 376 394 562 436 113 555 150 407 418 241 23 464 62 447 105 340 590 312 348 391 135 50 526 262 324 284 279 108 300 452 321 122 297 75 254 539 70 514 494 539 499 153 49 310 158 270 160 209 489 212 205 509 382 382 409 483 452 553 77 156 485 143 254 474 132 436 316 546 549 97 465 337
35 222 191 171 209 510 379 514 408 464 176 508 153 362 565 571 323 261 132 500 202 500 267 165 563 95 543 370 254 206 82 264 306 438 377 1 159 558 368 423 560 436 182 359 488 67 192 355 428 198 235 396 278 479 242 229 460 163 569 485 599 441 475 125 165 238 46 95 516 91 183 44 77 263 469 334 447 240 289 140 557 408 66 91 77 154 345 444 390 165 355 206 572 248 539 339 379 233 65 402
261 516 468 268 514 42 79 290 312 65 517 151 96 366 260 161 525 131 78 15 243 284 275 506 579 186 113 488 379 406 0 251 368 206 272 596 402 18 13 258 543 218 357 37 545 569 238 347 404 546 147 461 182 332 543 432 368 268 269 435 267 173 294 504 428 576 583 600 235 127 5 70 428 303 277 299 560 326 522 165 369 172 475 228 261 214 37 261 503 140 1 52 364 72 531 243 5 475 280 297 230 501 123 530 570 187 510 243 330 503 415 397 0 539 9 12 178 593 109 215 394 224 498 103 421 44 407 449 405 30 105 456 433 570 356 19 226 204 418 289 165 345 385 543 362 573 321 183 166 408 548 193 425 383 310 90 430 105 425 525 361 416 442 131 133 550 192 542 533 282 95 336 485 45 464 230 431 203 145 164 62 281 438 23 409 157 290 366 51 317 302 298 559 91 337 533
240 450 520 21 592 64 105 284 393 598 163 77 191 386 386 21 470 294 129 426 126 98 34 111 441 69 307 542 533 451 500 344 329 529 432 534 120 579 185 374 428 160 294 177 272 273 289 10 591 322 546 427 528 215 229 233 558 115 574 167 358 369 570 252 81 342 469 343 598 397 318 57 72 436 0 250 530 506 294 591 582 510 182 567 20 174 588 230 177 59 423 457 89 473 528 101 579 472 298 154 185 135 150 458 527 252 405 211 121 433 294 578 563 225 261 598 261 167 492 96 84 16 398 249 331 329 557 35 479 42 172 70 114 574 280 57 169 155 528 341 403 297 296 243 314 63 49 423 449 404 30 364 191 120 374 385 317 205 354 558 310 224
517 359 13 47 552 184 454 550 176 207 555 82 550 88 124 237 510 349 267 263 348 484 235 244 527 55 217 20 586 188 109 238 338 69 253 284 471 132 109 435 411 19 361 411 255 340 355 347 437 145 344 393 448 79 514 431 370 108 366 327 418 201 285 326 399 188 278 154 441 250 100 124 350 437 560 464 459 168 281 128 73 317 368 306 267 58 161 157 596 431 92 245 329 527 374 330 37 145 586 577 318 255 403 552 414 16 441 33 249 132 365 253 560 382 247 341 56 225 472 16 473 201 182 62 456 271 135 54 60 151 541
456 418 590 73 478 206 22 377 389 203 175 346 201 360 10 256 115 79 328 12 473 488 476 443 21 268 451 464 542 349 299 428 400 47 196 259 589 488 160 189 475 71 19 531 326 43 180 285 269 426 105 591 455 383 432 242 587 597 175 487 329 558 260 529 231 52 493 240 13 465 456 122 585 145 83 57 210 105 57 515 162 338 488 170 564 432 50 589 352 358 380 425 34 150 538 21 196 513 9 167 511 153 173 563 264 284 472 296 48 177 381 501 513 244 57 586 48 182 446 284 449 397 155 332 109 384 372 598 242 404 274 79 169 137 244 513 308 349 250 10 132 114 123 506 43 331 555 197 109 315 306 206 172 438 588 482 190 515 257 367 15 300 79 387 18 47 382 279 439 414 267 126 509
22 420 412 563 176 292 120 569 500 518 85 346 51 588 96 540 422 448 264 494 59 87 417 247 61 430 49 581 0 105 395 180 368 54 37 97 249 487 94 583 541 506 458 24 308 113 68 282 444 128 177 524 392 511 40
230 404
579 223 326 238 30 480 480 492 412 138 197 286 396 236 561 305 288 43 315 450 17 55 511 125 392 453 113 111 493 192 239 248 522 324 295 387 212 446 234 387 77 53 390 418 306 68 313 557 90 32 4 65 203 223 222 424 432 395 560 482 317 416 368 5 219 507 565 568 335 310 251 429 462 334 14 470 340 457 429 54 72 289 30 183 445 330 571 367 594 3 429 51 252 71 175 566 389 87 411 488 534 112 590 181 153 354 96 393 441 393 486 586 163 395 7 317 311 528 183
274 486 234 485 535 122 551 58 399 408 339 289 110 563 147 300 475 121 86 216 444 479 80 471 343 293 573 12 584 524 10 228 268 513 500 187 225 387 566 158
243 382 148 268 123 587 491 363 185 99 32 359 542 266 221 205 16 0 404 304 507 89 126 231 312
38 351 103 149 95 184 419 541 316 320 50 79 286 475 309 46 320 543 182 532 199 347 223 319 61 122 516 402 29 484 300 185 263 457 269 425 337 500 124 314 387 496 354 446 239 533 268 511 491 89 92 480 80 370 457 252 328 0 491 415 444 408 375 560 89 277 494 236 62 247 88 510 379 443 324 477 485 581 97 510 95 338 437 8 378 499 558 67 591 406 514 77 464 398 533 125 404 157 172 266 158 135 522 29 199 4 484 341 252 9 327 371 390
60 142 307 373 47 526 442 173 533 545 464 148 587 528 588 344 388 435 64 158 378 349 267 271 264 448 401 589 207 467 264 298 520 426 132 253 87 225 416 504 244 360 74 568 598 547 494 73 537 157 486 525 292 188 562 236 192 248 485 92 111 331 227 587 462 37 96 121 277 474 45 363 295 468 547 130 115 139 503 571 481 164 534 503 439 474 434 495 498 372 306 189 261 136 358 450 191 564 17 455 351 406 198 187 324 84 241 23 359 483 145 549 430 58 564 431 448 537 8 218 569 265 232 206 157 241 560 415 239 321 166 74 78 292 399 398 224 191 520 596 283 204 247 358 555 357 132 196 201 573 387 330 129 231 537 373 55 325 348 120 10 307 592 442 137 76 570 150 343 64 129 6 229 276 573
70 566 505 508 452 533 413 196 328 552 504 467 276 433 121 101 308 436 256 175 520 321 241 86 588 141 594 164 448 317 464 579 426 155 366 371 100 15 289 151 43 129 285 501 502 250 250 368 543 415 566 475 395 288 508 34 590 432 22 40 300 185 209 355 547 530 74 68 579
169 173 143 543 89 254 190 497 250 287 541 105 434 221 42 333 250 425 53 111 221 578 536 341 148 311 31 420 260 38 330 280 107 285 121 131 219 54 344 73 582 394 561 58 442 323 149 291 305 241 441 86 345 420 283 187 125 475 303 328 442 409 74 483 21 445 462 239 518 502 451 180 489 282 165 563 566 116 35 527 486 201 370 381 200 59 294 128 364 191 362 204 398 341 529 173 479 363 318 479 480 460 546 306 364 379 33 343 20 376 392 484 476 111 86 249 84 164 349 56 551 367 89 10 22 292 427 252 492 58 415 148 81 242 152 586 356 228 67 140 108 515 34 312 286 268 290 143 115 461 278 199 59 548 41 1 502 307 155 11 313 312 528 586 405 397 435 545 85 462 27 487 145 542 214 94 435 260 172 259 202 100 190 389 308 266 121 463 485 230 598 25 473 326
442 171 573 150 227 108 512 503 492 215 56 179 166 281 553 296 393 439 42 138 583 563 278 28 98 223 361 353 158 413 198 131 184 167 520 563 556 10 455 191 567 43 26 116 397 161 0 526 144 288 585 412 544 320 529 313 224 78 57 236 135 432 312 89 481 145 340 90 291 105 398 32 32 272 595 30 222 449 583 177 375 127 313 183 598 132 352 3 278 390 217 587 564 252 524 36 303 100 373 450 578 425 490 261 527 316 565 0 184 105 288 69 459 146 201 529 302 212 41 194 507 13 199 511 157 439 352 320 306 584 474 70 350 181 553 483 151 409 139 287 510 61 186 373 257 221 214 124 548 261 518 439 518 170 113 510 207 187 435 518 192 198 596 109 323 422 555 23 407 244 305 111 574 89 407 228 584 556 118 235 503 290 394 320
116 308 415 486 583 179 275 129 541 39 137 192 423 121 482 200 111 116 184 58 251 34 98 403 567 83 366 380 152
372 523 229 307 35 245 208 519 49 416 297 391 43 179 472 83 234 53 73 476 236 196 522 15 433 186 337 222 275 559 331 310 89 122 495 415 458 117 538 560 185 575 458 35 121 78 475 145 156 522 301 512 346 523 223 13 184 367 104 482 150 273 516 1 338 296 45 347 248 297 553 421 181 161 579 508 45 528 149 461 45 277 217 286 98 10 368 19 184 501 220 405 485 173 108 261 562 75 588 21 431 542 214 254 228 89 541 56 263 443 334 523 34 349 18 573 211 354 466 503 356 511 553 452 542 71 407 92 550 247 289 126 190 500 446 196 549 168 539 402 180 19 60 169 543 126 501 38 528 32 506 405 194 153 168 392 436 494 189 260 517 423 446 411 570 291
520 166 487 430 140 592 272 370 364 356 326 591 127 85 550 351 404 142 139 146 0 78 573 13 456 72 417 322 583 555 256 373 398 561 372 14 375 187 597 154 595 560 49 453 399 505 87
156 92 459 417 331 424 338 148 432 18 472 464 353 254 388 18 263 48 42 457 81 124 253 107 307 291 366 242 514 153 110 363 359 232 346 402 445 580 133 128 72 44 570 558 352 554 416 559 76 466 297 89 372 518
172 422 487 105 103 13 161 581 261 355 132 63 149 246 14 329 141 541 507 458 331 227 129 359 377 415 509 219 259 86 223 191 379 401 228 464 505 35 585 146 72 154 79 391 134 496 153 482 528 412 599 48 55 543 597 175 264 238 265 413 341 95 462 381 341 252 362 210 513 314 530 328 266 526 180 403 346 582 165 458 584 533 317 546 290 385 511 557 80 507 123 357 587 567 291 343 567 145 303 565 266 439 127 431 580 72 424 443 300 48 41 589 544 519 367 97 479 105 293 302 415 302 332 540
515 169 161 569 95 574 28 334 133 179 330 43 179 336 510 52 187 262 452 462 305 134 88 431 515 242 510 217 383 270 149 288 200 81 501 132 300 371 351 321 230 554 103 226 516 468 419 309 278 152 153 449 78 176 586 549 457 585 307 109 128 285 176
105 243 118 227 32 27 302 322 108 187 170 231 210 232 31 500 66 252 153 448 142 267 406 539 292 147 184 236 373 159 242 380 408 364 79 332 260 110 447 63 336 22 243 463 235 405 325 285 171 600 290 48 288 484 86 506 275 198 377 19 344 151 235 74 483 362 511 146 290 406 546 231 333 163 335 229 80 125 420 37 135 583 95 202 255 184 251 110 235 49 590 287 403 512 165 56 558 105 3 583 351 336 171 520 400 250 268 503 252 25 594 418 275 199 192 266 118 518 510 560 217 116 165 366 585 285 527 283 30 172 255 381 140 413 188 441 586 64 169 466
179 243 597 412 454 247 16 378 42 409 551 490 241 235 248 386 70 120 363 528 173 395 507 399 211 341 72 256 573 409 598 525 148 182 79 123 469 257 246 56 568 274 432 126 112 237 381 237 456 339 111 153 373 19 307 343 72 12 354 225 346 269
238 200 213 300 514 552 199 572 218 490 7 288 478 509 31 506 72 599 141 258 45 252 310 564 477 105 404 56
20 391 142 90 476 286 186 556 129 569 188 59 354 246 309 47 368 313 150 200 277 144 374 583 599 358 594 333 295 189 379 114 555 409 396 409 205 197 129 416 393 540 572 129 556 250 368 458 280 454 246 354 165 509 372 212 78 434 570 0 30 575 329 369 224 582 392 578 455 193 94 477 600 569 167 475 329 290 24 252 344 280 244 129 114 326 347 424 227 480 437 360 356 560 519 330 404 573 355 441 548 466 481 310 531 531 4 98 410 66 367 581
261 362 176 231 251 126 141 364 349 385 155 204 271 106 130 60 420 492 78 100 284 8 473 303 2 589 332 371 488 478 20 235 187 160 556 419 152 179 407 178 188 233 244 450 355 451 12 171 110 127 173 146 415 16 100 381 160 322 579 287 462 562 229 154 179 578 74 386 187 417 599 84 564 275 19 331 264 263 311 490 491 106 408 578 88 1 231 447 334 347 455 230 594 424 473 189 407 229 481 198 388 478 320 326 193 384 130 560 156 54 138 113 535
206 440 600 325 109 107 95 404 578 201 541 448 85 199 546 485 410 167 355 523 404 40 243 257 363 298 551 483 282 167 272 379 189 589 22 410 247 578 34 585 147 166 219 113 369 79 528 363 400 565 392 110 481 108 170 555 162 5 100 269 87 386 46 136 476 216 596 516 263 455 380 376 150 13 541 451 589 136 186 441 34 579 219 61 224 516 255 39 192 568 412 182 64 397 62 567 453 97 135 68 2 349 334 377 331 365 80 216 338 318 97 378 343 73 147 41 115 203 513 441 269 356 345 426 376 478 480 16 583 506 90 572 514 424 195 312 194 109 287 240 511 229 285 230 154 599 371 277 166 350
138 501 475 2 108 515 525 284 522 561 186 397 183 221 291 490 182 66 259 442 558 346 592 180 478 429 417 385 84 112 3 491 377 35 262 223 540 147 296 452 44 62 400 416 422 405 467 250 309 61 29 30 213 20 28 243 9 158 565 100 147 114 154 465 47 394 586 259 124 523 240 594 177 381 107 436 434 324 395 577 364 81 181 519 31 200 555 112 130 29 474 191 163 125 322 1 133 115 285 178 3 287 109 248 394 453 200 583 543 27 418 23 234 490 337 140 186 396 296 8 334 374 380 67 131 270 215 113 530 453 173 404 321 207 368 518 538 363 599 556 246 295 396 370 115 400 507 171 588 442 154
433 378 535 183 383 391 215 237 147 335 590 528 75 87 472 374 283 458 237 527 221 396 22 320 81 56 172 107 581 478 68 138 441 311 470 371 361 139 100 0 590 478 118 504 200 417 342 534 60 54 14 121 285 218 436 274 253 196 597 118 587 241 255 136 10 448 374 408 19 151 390 132 17 277 207 462 43 256 184 490 99 475 16 501 250 91 582 527 297 160 306 426 90 445 60 431 267 153 475 243 585 526 82 349 81 450 335 351 392 483 210 46 123 101 137 138 503 103 214 43 406 368 106 409 44 300 239 447 276 128 173 19 169 246 189 428 164 418 6 368 10 479 517 445 506 313 275 282 406 185 523 536 444 107 317 524 258 386 383 365 265 368 395
134 396 279 235 399 166 167 565 103 182 345 101 395 174 332 301 419 172 23 152 22 35 179 81 346 313
180 426 491 4 12 442 428 167 353 78 152 182 492 548 134 542 175 185 558 361 515 504 254 62 578 496 247 102 104 496 180 187 251 214 454 451 78 7 93 136 62 497 85 258 127 366 362 223 210 313 99 171 206 136 409 486 395 574 240 249 359 56 298 48 416 256 475 210 233 155 285 106 41 168 155 299 585 487 239 408 187 477 233 338 69 8 212 185 191 534 3 276 574 335 53 67 105 288 262 426 587 93 24 600 525 186 134 64 257 376 494 15 180 325 368 72 308 379 467 193 208 42 410 300 7 153 447 437 571 223 433 372 519 307 76 249 575 566 242 135 134 584 245 210 282 133 295 36 68 388 599 147 441 273 365 209 316 385 82 468 180 467 238 66 335 450 30 268 279 516
312 410 185 436 358 433 90 431 446 9 309 346 404 365 190 42 116 291 453 272 322 323 148 244 372 502 598 412 197 307 522 128 360 199 136 22 120 229 176 94 340 395 247 147 453 212 158 140 429 155 46 527 10 94 431 450 235 303 134 5 417 455 431 470 432 469 545 122 167 370 138 507 554 425 443 233 313 420 521 208 500 24 261 188 40 406 469 275 551 311 75 166 331 591 389 261
357 333 391 306 124 133 453 127 307 535 338 36 550 527 592 160 321 534 520 534 10 337 67 369
237 196 33 429 381 502 409 36 459 555 426 118 491 70 314 5 314 361 503 51 321 299 54 308 29 33 451 5 181 394 91 354 182 3 569 563 217 86 5 255 8 425 330 286 63 478 235 380 109 535 382 563 61 452 231 520 442 276 124 260 183 569 153 434 270 154 254 173 291 328 150
587 468 561 335 513 526 555 120 493 46 38 67 171 272 479 412 5 254 266 287 480 221 393 126 410 476 360 126 278 318 495 136 550 543 551 523 51 565 375 14 449 95 375 549 441 439 572 471 177 554 483 88 133 479 429 572 26 90 69 600 133 320 89 345 156 26 183 313 450 288 463 475
434 378 109 546 191 266 522 464 339 352 599 53 383 390 13 563 526 65 296 517 49 537 312 179 519 241 234 498 448 222 28 411 424 295 299 326 290 465 393 549 291 458 418 531 268 166 481 474 574 372 513 241 224 206 287 306 556 174 38 71 433 561 289 269 599 200 242 3 165 415 279 254 414 192 478 188 49 503 96
526 546 341 212 250 235 185 407 27 368 326 254 415 237 68 330 353 119 413 305 84 449 451 522 519 215 57 485 162 479 517 169 348 248 481 435 17 37 421 587 91 415 279 124 346 481 383 407 44 9 338 528 237 267 259 28 194 197 90 436 433 78 417 7 390 222 141 464 491 160 355 141 572 70 318 68 83 136 387 591 106 377 56 288 47 518 447 405 104 133 324 305 100 233 457 189 101 252 408 561 6 279 476 91 15 537 299 71 178 99 301 474 117 588 402 595 500 264 271 583 548 153 188 379 591 375 396 65 344 556 518 403 93 461 203 121 275 280 424 498 110 467 521 567 55 88 589 97 383 514 583 439 260 234 315 194 506 309 506 192 367 218 394 446 368 474 94 346 61 472 546
238 489 111 49 323 25 170 298 213 382 311 139 432 249 502 467 96 120 377 4 107 151 373 99 596 247 33 424 91 206 16 542 356 244 286 121 232 388 583 311 36 312 216 579 481 100 332 403 487 528 543 582 535 32 135 352 343 120 275 389 72 73 104 227 33 539 513 371 151 426 443 574 410 380 181 159 440 131 324 586 431 151 503 510 205 370 541 127 526 125 363 318 390 465 217 474 452 278 490 434 311 50 116 538 546 83 330 176 238 340 398 571 242 592 48 546 300 563 24 282 375 495 212 57 325 361 74 537 243 414 0 106 599 210 118 290 109 495 92 595 417 487 166 191 413 101 287 437 322 532 490 522 379 47 511 279 334 559 497 472 584 571 451 449 290 234 574 146 16 549 255 60
481 576 43 19 492 154 432 579 339 337 576 553 143 305 16 184 3 420 429 201 399 361 29 459 431 21 565 149 598 130 172 268 11 456 191 384 427 434 241 400 170 449 367 504 598 248 258 201 148 519 486 270 282 44 417 453 441 138 18 14 176 484 455 456 556 108 534 414 376 371 440 156 69 440 41 189 106 478 361 365 189 392 454 375 336 206 17 28 480 293 237 598 99 54 589 427 254 462 550 398 284 570 95 212 576 383 513 154 243 169 589 65 35 90 574 277 89 220 598 247 64 350 466 301 552 276 441 585 495 210 220 81 400 281 461 592 340 362 22 433 338 226 488 515 86 429 301 489 588 380 561 27 446 292 360
72 212 200 265 371 597 568 468 24 345 548 224 449 274 36 249 585 199 411 248 346 282 550 543 564 11 258 420 33 439 483 333 534 24 458 149 27 293 574 381 463 139 290 57 157 590 209 317 501 20 576 557 506 366 199 254 467 4 142 449 102 151 190 493 154 251 350 144 432 572 443 321 225 229 421 191 556 408 205 525 30 384 332 362 67 533 418 571 55 257 354 109 584 446 189 133 503 42 395 283 540 173 87 487 281 523 131 219 362 574 436 546 23 361 166 566 22 238 375 60 320 555 71 365 149 369 262 490 70 220 379 318 47 600 13 383 450 468 118 175 58 578 318 150 249 348 450 588 36 427 508 130 207 188 14 131 261 129 329 35 62 401 352 423 294 477 15 573 27 58 448 349 231 548 515 435 267 157 491 16 324 397 197 49 224 570 330 312 498 301 554 233 77 254
412 296 394 502 163 282 588 226 380 90 196 75 408 405 4 506 123 235 254 175 469 478 437 106 134 232 414 29 307 507 404 236 344 200 15 448 366 203 453 287 552 545 490 400 354 477 484 191 337 350 300 467 584 237 128 140 349 552 28 331 90 145 318 142 377 169 493 572 525 330 131 360 0 410 435 456 415 206 345 548 451 484 74 364 45 39 343 37 502 312 347 37 502 383 588 196 584 576 376 11 348 236 149
584 423 512 372 253 258 394 584 418 147 151 583 446 18 472 580 36 432 297 488 491
101 101 47 558 211 521 495 430 14 159 87 392 195 69 468 285 61 456 69 58 192 375 599 234 277 521 534 597 563 355 59 62 211 257 463 196 334 271 13 494 362 290 176 518 381 429 234 284 471 18 367 145 470 470 63 395 336
104 319 586 447 338 391 599 308 80 286 134 512 386 112 230 66 72 383 471 139 437 128 235 547 586 32 11 87 361 346 72 594 246 218 300 116 171 9 270 387 364 516 378 534 586 144 150 85 268 537 232 378 520 415 591 450 451 451 365 234 591 95 383 576 200 210 155 87 566 404 424 527 172 523 264 308 127 78 96 258 208 503 111 224 71 61 184 517 437 116 504 581 315 483 406 123 425 516 158 257 254 590 462 112 588 370 511 320 442
424 96 234 322 132 195 522 416 432 529 176 362 453 63 18 271 526 23 349 502 270 193 592 415 428 96 369 333 580 211 441 373 328 375 399 345 234 528 446 127 592 95 539 56 8 345 571 258 239 81 260 366 182 204 37 402 384 274 412 364 204 100 230 407 533 464 301 53 397 57 292 24 256 484 495 39 221 440 398 347 7 4 4 383 391 237 143 86 532 531 589 209 264 76 427 307 263 523 353 56 539 591 579 127 28 356 119 294 288 205 299 53 512 275 588 231 307 98 262 513 218 594 227 146 34 349 566 55 82 414 162 252 345 335 176 90 14 338 235 87
278 133 311 27 507 138 196 22 433 56 66 591 10 9 419 226 399 315 476 372 537 331 546 292 30 352 481 4 281 246 199 87 123 420 556 499 509 382 447 237 188 435 321 202 410 494 268 318 128 568 540 315 221 546 78 231 34 57 36 262 140 589 41 312 182 96 488 38 497 281 29 475 437 53 258 139 543 302 326 238 63 15 400 216 210 504 167 3 565 290 77 576 153 585 117 205 454 190 502 282 109 382 435 456 582 547 141 422 251 364 393 350 390 390 154 432 271 497 14 266 50 165 163 66 384 13 560 223 56 417 422 492
201 21 118 160 493
299 554 119 394 6 396 67 247 138 567 573 291 140 55 557 553 469 236 463 506 319 232 425 202 236 565 478 520 477 413 332 437 533 398 564 217 420 83 125 231 383 597 343 94 586 210 263 112 359 344 313 351 285 566 61 406 488 306 457 392 383 280 171 63 80 218 100 584 161 20 582 286 414 575 218 263 113 87 532 442 79 592 119
558 211 333 286 186 187 19 398 38 354 594 476 57 188 99 451 365 549 441 427 541 35 532 471 143 460 376 36 339 473 475 531 60 383 388 309 344 165 239 320 259 280 17 413 432 131 453 598 37 380 178 355 139 117 203 15 474 560 556 336 434 5 514 260 330 523 20 73 542 429 81 276 222 136 227 182 571 585 167 141 381 433 276 146 89 353 164 526 150 377 195 181 476 312 212 417 118 147 266 104 317 352 356 189 302 453 204 146 269 88 42 183 112 295
8 226 344 76 76 435 201 113 317 50 247 177 85 235 440 372 430 97 218 399 170 74 120 116 434 255 494 108 335 381 525 445 443 393 381 59 131 564 199 538 559 443 151 22 587 257 501 403 161 326 379 26 358 341 444 171 330 155 29 326 251 108 149 102 458 403 88 256 420 483 160 159 551 458 113 579 448 282 596 143 559 466 309 260 124 65
571 534 554 584 509 568 437 389 228 581 101 270 403 93 214 502 6 171 394 362 277 433 185 422 449 71 63 333 7 321 525 268 403 30 308 134 155 471 61 539 571 210 177 439 175 35 197 238 482 339 336 450 463 309 477 2
406 80 421 264 327 12 303 458 291 24 406 374 389 12 357 53 24 273 544 477 528 63 423 563 281 561 34 386 132 386 382 549 94 502 389 485 546 237 444 509 382 62 46 436 29 548 341 151 486 99 205 330 113 557 92 560 295 343 485 50 476 412 439 388 442 298 35 321 463 129 64 171 169 569 339 60 195 469 566 545 202 196 508 451 503 108 255 32 463 265 562 2 112 143 492 498 87 433 115 21 169 135 149 402 420 268 67 201 303 42 571 184 392 365 451 575 302 465
426 147 216 36 214 414 331 8 280 558 572 303 94 530 371 7 81 492 71 151 385 113 17 398 128 235 98 310 232 190 389 156 487 473 458 98 51 71 325 343 274 77 415 209 552 581 193 226 558 368 150 123 559 191 365 74 473 267 469 397 348 283 240 298 67 225 108 569 337 120 71 250 41 381 256 27 348 216 159 184 125 496 73 58 547 240 501 294
47 416 547 49 284 122 515 583 117 559 263 493 392 94 345 342 318 334 283 314 180 266 281 20 156 52 2 260 551 509 74 407 308 96 386 186 94 72 440 502 290 527 412 300 334 477 454 460 591 424 539 506 267 428 265 52 36 592 414 417 359 23 536 288 207 294 200 136 313 43 396 177 81 216 96 182 75 144 169 331 583 496 294 477 28 317 89 161 175 592 561 115 47 595 382
168 373 498 123 210 3 103 188 103 526 474 36 288 360 410 419 36 131 292 481 136 116 30 400 360 211 28 119 215 287 173 413 126 185 61 156 318 334 18 600 402 244 515 212 553 307 511 24 349 506 209 407 260 433 442 489 325 472 42 326 177 410 33 144 459 387 143 300 283 428 184 537 523 379 474 558 140 376 31 484 276 353 442 584 393 146 552 372 527 543 514 320 68 267 481 3 281 12 253 231 392 252 438 556 309 76 252 254 9 85 313 181 455 18 56 512 469 466 316 24 240 456 184 338 86 326 160 117 372 496 105 439 413 593 103 475 108 275 350 424 366 159 545 583 414 143 108 531 131 85 576 232 59 533 215 36 340 465 343 306 523 578 131 238 219 488 208 370 427 527 316 209 352 562 202 308 69 518 36
101 390 561 361 533 284 492 161 428 284 275 221 379 468 525 63 395 405 14 299 275 385 192 539 444 252 269 212 167 73 88 281 244 135 252 410 66 68
532 489 390 368 381 393 507 488 572 343 246 582 259 380 567 95 574 18 431 329 303 422 552 581 483 507 169 570 250 571 242 570 143 162 110 499 139 181 244 186 505 400 307 531 230 412 117 171 275 97 443 272 25 332 416 514 254 204 540 470 405 30 442 302 186 184 540 10 495 213 69 332 139 369 223 70 440 560 261 58 569 330 297 479 380 146 597 57 6 175 318 323 297 432 587 231 26 555 162 223 281 409 193 582 412 276 277 481 393 270 457 218 256 331 452 563 93 264 578 41 181 424 318 213 573 19 51 235 110 54 497 367 259 262 406 381 584 98 494 70 460 523 591 137 333 275 520 274 597 427 260 195
511 87 147 425 25 365 25 235 131 133 392 380 31 328 87 582 597 49 342 236 501 559 239 121 43 21 432 564 513 20 310 168 551 131 413 584 195 550 233 462 343 201 489 380 166 267 163 565 436 290 195 53 346 325 370 590 505 238 273 378 349 471 344 302 103 491 357 120 579 205 453 246 543 102 394 310 320 562 470 586 333 354 200 421 545 41 355 411 359 486 196 323 457 452 249 297 534 260 158 329 423 62 418 10 348 125 235 231 160 300 81 26 446 557 595 169 210 568 527 244 233 424 476 257 398 220 210 366 598 99 342 272 457 280 64 89 422 297 572 598 407
421 126 335 74 411 201 73 389 102 587 248 376 214 297 196 311 484 474 506 91 97 4 404 387 425 236 251 104 109 118 83 276 474 43 582 34 82 340 577 558 36 152 478 477 454 25 510 62 576 314 222 346 403 592 0 109 504 125 562 583 554 12 574 12 427 562 127 173 188 66 408 204 345 84 195 286 55 433 187 1
40 212 489 488 591 429 264 437 314 488 88 24
454 285 9 69 362 71 215 176 594 528 82 546 187 176 99 484 413 578 90 77 582 16 389 465 323 223 463 541 418 135 427 279 232 404 307 33 490 99 174 340 581 404 263 43 97 447 323
570 460 441 328 590 585 82
244 501 131 145 64 262 60 212 256 181 172 385 493 457 529 178 251 338 4 448 107 392 81 152 322 528 324 433 413 204 580 498 389 481 266 583 32 585 420 2 147 424 460 364 546 507 237 9 512 565 460 503 324 455 214 252 32 184 174 464 84 119 132 19 582 532 198 75 236 285 490 235 281 174 559
582 33 250 209 390 568 586 241 598 129 174 356 148 168 406 565 280 427 367 249 82 89
293 510 165 448 334 360 338 388 275 497 514 82 72 460 475 593 302 495 262 225 335 521 566 595 147 30 162 596 533 55 304 199 428 408 86 137 580 292 392 470 64 36 188 480 530 185 567 359 332 218 349 302 338 4 61 559 403 588 149 438 347 4 198 192 511 328 267 462 83 550 279 502 422 185 218 558 533 158 387 117 46 572 215 491 235 11 374 80 133 179 190 369 460 86 206
134 218 251 383 385 235 505 29 220 49 421 371 149 73 198 235 307 75 120 520 183 246 391 121 51 309 78 25 545 42 340 120 10 554 322 531 158 548 300 560 275 86 400 114 142 531 9 468 566 70 277 263 264 335 179 370 106 312 349 35 561 146 329 518 129 447 259 314 212 74 236 18 560 462 484 361 335 291 458 177 482 600 377 1 555 387 96 182 15 235 402 142 231 326 526 550 356 381 19 491 582 168 431 108 342 104 518 59 133 184 142 566 379 316 349 427 234 456 217 319 487 545 294 97 514 318 370 13 551 152 357 347 204 213 30 406 59 388 316 312 125 386 404 564 269 349 523 265 23 271 311 28 594 119 59 544 402 430
385 598 530 28 177 180 274 521 448 183 187 156 573 503 572 468 488 512 114 555 465 56 108 352 445 99 151 245 75 85 302 245 591 455 572 85 127 116 271 571 373 323 368 105 160 475 590 317 11 316 558 287 572 593 566 480 339 284 562 501 408 529 235 523 207 44 82 212 117 305 213 7 503 424 389 159 510 171 213 425 126 118 158 490 198 458 391 42 351 381 17 585 408 519 481 590 485 592 438 185 166 262 560 309 335 179 299 188 589 472 419 282 377 118 130 301 508 51 208
37 291 139 464 269 538 436 102 24 291 578 118 288 503 148 65 87 181 81 234 420 379 272 436 271 193 411 79 573 265 279 239 388 472 81 65 314 70 417 466 242 408 330 446 589 587 215 499 27 304
575 282 413 289 332 333 582 274 246 131 348 485 266 326 535 250 178 439 23 223 128 597 205 142 359 215 11 593 380 596 308 557 23 107 528 148 368 92 183 23 440 124 554 144 140 29 34 456 346 477 283 340 163 242 273 358 79 154 352 541 565 347 295 90 56 577 586 75 264 9 432 44 206
370 17 553 285 154 157 454 473 220 342 1 186 443 359 290 415 481 596 152 334 445 287 179 439 229 124 12 504 424 171 33 206 414 172 137 110 467 107 556 241 129 356 380 17 444 599 116 153 525 474 280 76 368 563 34 379 202 337 506 501 33 563 511 398 55 23 438 486 282 592 167 287 228 447 271 266 487 294 116 473
438 182 551 217 125 341 382 552 548 506 206 260 100 172 363 487 68 174 67 171 164 105 120 506 378 273 360 311 297 350 185 237 382 346 60 116 31 106 351 398 564 355 108 34 560 427 45 363 451 76 96 472 231 178 82 299 8 75 260 63 334 18 357 242 510 516 509 514 318 451 478 520 28 502 400 389 501 204 440 218 363 269 308 551 484 136 579 257 267 236 496 227 228 89 259 293 599 441 317 506 37 532 259 307 376 334 232 412 17 502 390 599 37 65 103 558 457 449 56 89 434 289 114 290 383 150 557 377 173 522 294 133 404 185 6 338 567 379 158 344 129 455 242 594 453 438 260 597 193 290 4 188 149 213 77 567 158 523 406
197 450 496 581 551 328 562 270 600 196 295 150 557 48 580 383 373 423 2 381 86 377 379 308 59 363 237 336 110 130 411 245 293 437 582 589 591 64 88 519 518 432 338 424 546 299 86 191 495 351 268 448 214 158 495 123 29 2 5 392 408 38 270 201 256 107 249 592 425 231 170 435 566 8 554 532 190 468 569 330 523 87 167 575 270 580 535 39 272 579 176 63 561 305 265 48 332 402 414 300 578 194 93 345 347 300 572 390 288 218 597 379 124 110 2 502 205 491 283 298 317 549 540 177 417 218 253 227 193 576 564 514 564 388 21 56 404 392 284 469 469
79 50 67 261 89 67 585 556 182 467 373 345 12 332 431 228 322 149 385 439 328 389 558 24 294 558 543 377 390 329 523 325 173 501 478 190 125 143 410 14 138 466 394 224 172 219 524 103 234 475 504 251 332 443 461 416 63 160 31 541 447 583 33 430 237 483 572 297 511 176 395 446 317 138 53 217 458 198 134 408 461 285 128 408 509 157 266 267 137 19 503 489 121 502 170 123 311 34 131 58 30 566 268 504 279 4 268 392 230 538 110 408 38 392 390 345 183 406 228 78 244 335 410 274 77 440 302 582 66 527 260 389 49 353 167 363 399 65 547 97 265 389 417 539 290 255 584 120 142 565 36 51 100 418 302 106 85 591 202 206 415 598 104 37
426 241 422 397 230 81 214 565 518 528 332 73 242 280 106 279 596 90 548 527 165 468 565 404 30 485 154 401 195 263 425 233 513 147 188 454 168 3 12 439 250 123 307 427 67 156 560 323 489 489 389 178 260 465 136 324 463 347 216 63 597 539 394 555 466 295 100 483 29 369 5 428 242 554 11 395 440 78 75 576 529 599 16 89 235 106 321 518 453 258 16 74 535 301 195 423 492 158 244 252 205 393 485 474 492 49 378 159 156 418 512 586 290 75 69 382 543 406 31 433 159 361 265 292 348 455 458 187 188 124 184 582 385 59 157 299 97 391 498 521 153 248 325 123 327 499 396 258 345 73 409 155 124 531 234 378 473 88 262 493 12
499 119 328 30 43 451 331 573 181 484 187 324 511 226 433 552 304 390 28 550 498 332 54 461 175 470 109 432 87 38 170 60 295 88 411 445 117 414 444 480 11 91 567 220 126 289 531 325 557 371 405 117 194 400 498 321 238 534 285 134 554 378 14 70 180 156 480 377 466 580 4 410 222 524 97 361 577 148 114 456 454 92 380 480 207 327 249 182 285 444 232 44 140 598 150 151 520 175 484 69 236 18 128 339 178 478 406 71 26 584 277 186 475 235 182 128 444 286 537 539 285
247 374 463 472 8 285 237 417 77 505 41 454 89 18 286 404 236 349 501 51 296 494 542 517 334 428 118 147 527 510 201 307 297 459 278 377 66 139 93 466 179 243 471 329 528 263 233 353 214 47 220 66 39 390 450 592 338 352 281 102 592 264 129 112 21 592 208 565 500 265 376 198 377 450 597 254 164 71 9 541 204 99 55 545 139 594 327 467 70 322 424 87 397 347 6 517 253 267 506 350 549 418 317 442 295 4 329 223 214 113 89 562 44 52 512 168 223 545 555 598 284 168 159 48 19 114 526 338 78 122 181 402 68 594 338 64 436 382
434 105 505 131 329 76 150 111 446 228 327 532 65 2 254 450 294 580 594 15 598 248 233 45 111 145 200 419 317 597 347 186 457 502 376 427 74 545 234 370 337 554 126 513 205 204 118 486 177 193 98 328 576 504 22 544 63 67 52 270 307 52 279 423 476 596 216 48 310 313 162 324 549 19 155 335 333 570 219 510 127 421 369 125 9 395 424 531 225 11 589 29 173 518 45 496 217 340 430 305 350 167 341 118 273 132 286 2 319 301 152 195 63 548 580 452 347 526 539 37 459 322 287 413 397 29 138 200 412 124 331 533 339 52 474 21 354 250 362 582 450 474 283 590 332 550 238 313 474 256 167 558 90 71 210 588 219 411
353 170 25 520 546 102 234 294 274 126 191 367 534 570 491 121 231 68 34 494 481 212 112 19 51 320 417 381 13 0 2 452 318 408 561 526 436 582 449 544 544 548 227 42 56 351 555 598 54 350 343 442 125 317 597 16 197 241 70 325 8 491 36 118 586 166 584 569 424 65 544 539 578 431 17 27 302 138 130 374 209 362 569 41 411 173 582 503 88 588 374 277 579 205 123 206 381 515 540 248 416 94 491 343 20 110 515 323 136 258 437 416 313 528 206 473 114 517 104 324 279 371 164 105 316 259 157 546 209 312 3 349 313 593 149 222 62 534 408 484 194 273 147 422 540 517 319 155 157 508 566 511 569 36 588 455 508
514 285 308 572 127 194 129 331 19 90 449 347 68 81 508 385 56 477 173 207 558 310 52 137 267 553 545 172 386 564 375 136 420 62 170 160 418 450 462 268 384 62 139 188 99 96 136 226 253 281 585 568 120 426 543 176 150 442 561 9 184 262 433 599 48 59 281 336 97 535 218 588 321 42 186 350 379 315 530 532 95 146 328 393 100 17 53 219 444 97 317 484 458 119 463 470 439 191 9 399 479 397 467 372 476 500 137 164 253 79 288 392 31 353 179 302 36 233 477 594 252 124 457 461 357 375 502 298 256 480 110 438 392 64 550 355 222 446 396 403 373 63 516 323 590 457 89 551 311 73 38 314 216 382 494 229 432 595 336 485 350 380 221 480 337 498 85 248 533 432 52 593 213 255 396 143
216 3 91 353 244 43 551 588 224 490 253 220 431 69 161 229 84 82 566 363 118 482 107 187 8 15 574 98 366 140 168 182 182 46 169 574 462 280 116 547 65 79 69 369 379 445 190 527 451 376 152 84 342 68 499 341 56 263 455 57 366 99 100 377 399 47 40 387 145 549 471 42 108 213 429 297 413 556 4 514 595 25 196 307 330 441 254 164 550 59 15 285 249 597 15 197 103 177 0 188 50 496 595 455 249 327 359 548 184 562 590 148 561 358 566 74 186 535 353 173 64 75 351 456 134 585 437 205 381 545 537 578 585 130 214 336 488 56 14 551 515 380 436 459 319 355 76 207 552 333 189 567 103 143 286 89 375 368 279 139 572 5 299 435 222 499 134 492 484 73 418 125 426 8 316 186 364 394 281 442 23 540 64 291 451 486
142 55 537 223 489 131 504 18 421 487 501 9 439 358 339 219 280 22 566 390 274 248 206 101 166 403 331 461 107 45 384
588 16 208 577 442 38 499 361 226 522 402 538 590 371 106 160 411 596 175 588 336 373 297 415 339 544 420 579 479 232 68 166 136 106 2 323 210 284 295 173 482 269 170 322 192 384 32 421 297 493 344 336 284 18 401 556 315 518 331 474 172 44 386 529 11 416 150 60 21 139 175 382 459 213 561 293 16 423 29 16 24 298 153 365 139 353 161 330 76 463 248 1 8 222 30 360 279 407 590 521 307 111 62 118 88 54 256 409 491 319 135 477 382 2 209 290 280 583 110 257 446 31 98
508 484 478 288 238 414 110 560 505 262 268 151 164 92 285 401 53 48 145 270 32 293 229 132 577 533 125 555 476 321 53 540 369 534 200 240 51 164 112 198 174 283 229 68 569 37 326 536 182 126 541 202 217 281 520 546 171 320 144 495 260 585 66 481 412 381 369 590 484 141 272 81 536 271 274 368 447 135 444 197 587 405 236 198 484 409 197 579 486 89 72 346 558 402 91 445 579 306 220 93 273 308 351 439 38 340 546 325 357 205 579 62 225 349 189 243 116 117 179 493 558 529 100 519 229 184 18 127 460 427 505 536 129 406 228 147 297 585 483 468 439 481 165 42 114 449 163 537 56 391 6 108 92 307 2 62 190 26 571 331 11 225 139 334 349 308 278 126 279 198 441 185 211 100 123 14 294 555 310 66 16 76
5 281 348 112 474 15 73 336 569 200 471 337 278 115 573 437 290 69 443 246 569 323 341 346 227 584 133 133 27 1 65 175 263 549 393 324 321 449 126 323 186 219 298 309 181 467 297 505 210 405 67 544 511 43 241 541 386 450 409 549 263 51 234 497 450 279 218 219 228 267 163 3 307 595 155 130 532 573 82 34 567 15 130 23 397 135 15 525 103 38 353 151 100 564 302 428 190 447 184 248 175 327 229 16 325 373 519 294 520 92 517 500 272 436 300 289 33 548 46 185 428 417 66 143 533 494 354 597 582 13 351 454 231 519 70 210 573 405 455 252 586 346 250 398 542 166 172 581 286 270 167 565 473 550 24 575
1 386 395 177 283 260 572 594 435 469 520 179 219 368 500 345 439 368 127 441 213 559 544 377 408 187 375 600 248 63 551 509 335 108 0 69 199 161 206 315 28 351 261 446 76 331 468 237 455 335 167 430 28 199 149 119
437 289 363 49 161 6 198 457 142 576 239 84 264 408 475 310 96 388 83 221 20 468 512 278 350 555 308 518 523 212 526 183 498 458 502 370 218 355 535 39 388 329 303 284 78 267 180 68 417 371 514 60 182
524 305 116 201 448 319 41 579 274 420 424 407 433 135 562 268 241 4 366 518 280 338 431 71 91 248 288 537 92 416 301 383 438 346 329 410 406 63 85 319 439 202 376 498 495 238 20 54 318 3 586 507 371 479 70 323 69 108 221 320 130 420 255 383 524 208 309 442 357 493 378 200 128 323 458 23 487 73 216 578 94 449 536 111 542 54 180 465 333
292 95 562 63
324 49 217 373 458 42 371 366 323 430 313 12 396 377 105 453 459 559 61 74 273 103 283 208 549 244 95 97 321 151 45 74 205 399 115 441 241 438 83 58 320 364 482 436 250 94 505 388 103 474 596 377 126 246 54 249 579 96 468 520 45 172 72 475 574
597 532 151 85 438 294 167 314 112 316 592 425 272 375 463 17 467 22 414 560 267 304 215 94 161 550 33 311 308 535 194 327 453 234 462 488 511 23 284 407 464 419 577 270 148 591 315 114 473 459 497
161 505 76 326 339 486 570 475 113 115 511 562 511 152 524 444 536 121 557 80 581 171 145 596 23 64 203 358 214 316 300 499 206 178 315 385 233 251 538 155 58 462 550 544 496 453 91 84 363 506 82 100 87 495 178 67 128 573 10 575 178 156 443 474 94 450 47 19 195 313 51 211 144 234 312 499 316 42 409 264 257 554 276 390 101 201 339 341 441 231 408 238 521 448 416 16 7
446 284 542 161 125 152 405 137 89 293 316 76
61 231 304 197 34 272 62 18 457 544 467 483 6 481 208 146 314 293 347 155 347 562 16 577 88 19 275 319 459 30 540 232 10 135 253 119 195 503 311 51 13 98 236 98 266 417 377 530 204 347 481 136 354 410 467 492 364 482 142 350 203 343 307 179 221 235 148 441 521
378 252 142 75 9 363 76 367 565 508 454 140 380 350 471 163 319 163 95 4 86 140 196 231 401 339 150 61 509 567 126 501 384 279 311 322 128 404 526 514 43 562 208 473 339 481 218 451 96 463 377 28 174 75 423 255 49 380 139 559 448 490 192 19 503 106 338 7 485 325 226 389 576 241 194 118 282 460 464 542 268 509 264 537 494 312 536 490 258 158 548 573 48 130 254 251 206 372 162 203 327 255 371 192 92 457 132 304 59 232 120 232 588 500 55 231 551 486 212 592 539 468 53
255 463 192 115 315 431 527 156 509 357 551 427 209 153 120 235 433 490 76 506 444 321 416 162 57 417 113 519 103 506 60
589 8 130 423 323 56 549 388 57 70 290 29 426 273 524 224 431 279 83 390 60 548 185 121 154 67 213 3 172 296 448 93 270 386 58 57 595 8 203 179 314 339 236 109 161 218 584 323 206 380 196 496 184 408 202 414 493 165 170 174 246 434 336 589 288 222 545 196 516 445 351 91 544 387 36 427 195 56 287 584 519 54 112 465 366 255 314 463 151 595 346 449 221 479 434 420 176 412 179 66 505 457 486 328
594 98 254 87 182 257 392 417 436 143 53 352 20 248 328 155 322 415 440 367 270 56 232 213 578 112 458 76 246 591 305 75 365 361 3 434 271 470 266 518 570 74 237 334 212 286 459 144 185 397 365 274 455 305 238 93 448 533 303 398 79 543 221 205 7 240 95 262 567 473 106 200 200 599 492 207 483 280 121 145 128 363 474 348 200 418 93 578 483 217 309 447 1 392 101 92 13 458 343 268 600 3 577 5 55 40 88 36 291 513 396 366 73 258 448 207 551 417 107 8 311 308 241 206 557 310 359 581 185 373 188 222 483 49 413 52 201 370 162 164 228 398 28 495 452 371 229 182 435 173 124 102 36 233 342 273 373 389 10 522 99 369 339 471 536 202 599 373 283 161 415 65 224 352 17 292 349 361 515 82 29 491 240 494 547 347 484 40 465 378 352 522 311 30 361
456 57 61 476 446 520 84 291 281 558 293 453 507 317 164 549 286 119 590 112 530 139 484 438 298 558 376 474 69 448 368 487 305 590 199 599 598 236 107 64 236 415 0 508 117 242 94 316 496 139 540 353 163 59 441 56 154 388 476 450 135 438 377 569 233 182 290 456 260 410 545 8 43 7 258 102 493 93 185 428 221 486 180 510 398 222 341 380
330 397 480 89 545 558 199 463 409 536
413 139 65 424 179 322 429 47 123 178 28 193 338 124 352 539 449 459 461 119 4 139 436 253 571 330 134 125 202 70 395 346 53 552 327 115 33 440 168 286 221 482 445 138 65 108 18 439 439 51 496 418 351 185 596 118 283 387 132 254 544 360 498 181 105 577 128 164 415 340 5 43 96 67 186 97 207 418 367 259 321 107 15 482 148 33 313 255 404 546 398 130 19 363 297 125
273 255 418 467 579 256 405 453 288 565 334 565 427 150 34 452 189 259 373 223 441 362 464 418 123 212 379 492 559 546 409 90 394 39 343 564 486 403 220 454 227 364 476 535 282 116 4 350 7 130 157 87 264 391 399 113 489 212
122 361 73 475 257 422 312 539 139 75 598 492 88 564 195 572 3 190 252 131 600 128 48 102 405 259 56 577 435 409 559 302 241 334 291 530 108 350 230 587 456 471 47 301 451 412 463 51 252 16 461 42 150 524 18 517 529 572 417 423 315 437 49
125 199 270 33 509 195 441 392 85 314 411 218 429 486 592 416 71 331 157 523 441 595 374 336 316 401 532 212 230 251 375 3 72 42 262 587
167 382 433 358 122 401 568 253 133 88 505 549 67 290 40 200 68 32 543 209 403 37 492 103 214 147 372 264 103 517 32 530 153 161 448 81 52 159 382 135 248 522 273 436 398 249 594 150 532 374 201 406 60 251 372 578 571 265 105 119 118 533 504 431 363 278 207 298 81 496 185 122 358 327 528 54 519 582 255 76 411 529 22 534 331 111 544 339 477 253 27 241 168 276 358 28 555 64 355 384 353 287 124 20 22 342 502 329 425 75 160 252 113 302 498 485 122 67 534 583 518 196 519 89 277 241 348 355 592 53 460 487 333 356 374 269 441 518 252
92 541 149 21 310 509 309 219 322 52 381 424 274 304 236 181 285 94 328 370 338 285 306 123 515 201 243 114 292 111 111 61 40 286 225 78 582 29 504 43 572 10 325 349 149 408 277 287 369 252 194 64 573 317 287 235 92 277 563 201 78 68 508 37 363 231 317 53 394 410 216 159 51 68 119 555 58 111 120 511 473 295 133 151 137 359 150 65 50 65 204
555 358 422 444 38 398 357 93 119 199 538 311 435 184 507 167 388 481 18 399 53 417 521 539 537 531 43 520 158 566 416 20 55 352 47 388 551 171 592 544 200 102 456 100 494 36 437 570 566 104 151 168 105 20 132 368 218 423 44 209 409 212 391 519 375 112 454 308 177 490 219 301 343 558 149 79 404 513 442 368 592 264 404 592 426 355 81 245 202 351 38 313 108 525 491 536 147 1 229 422 344 34 356 255 459 328 498 256 209 80 325 234 96 431 308 134 480 199
599 546 524 257 0 474 164 533 468 529 200 450 97 563 435 453 39 40 224 36 367 19 325 500 280 231 48 146 359 337 343 222 525 213 354 239 188 284 54 475 222 15 578 261 176 455 3 599 178 279 161 166 244 569 320 449 438 65 241 55 168 442 345 156 39 386 191 284 163 539 158 3 342 4 518 244 224 72 178 528 69 72 75 207 13 211 458 96 345 222 326 52 134 164 212 510 327 575 356 326 461 242 473 170 321 467 127 314 514 309 501 478 485 471 201 205 467 326 378 143 23 587 4 343 380 579 109 535 254 422 524 516 245 280 234 335 163 511 237 178 5 218 437 416 259 334 155 118 104 96 581 410 370 458 134 569 304 182 523 114 90 64 410 353 267 407 361 598 363 34 518 416 294 572 88 20 148 34 182 154 119 263 72 357 524
88 316 553 571 391 2 422 352 170 338 493 98 243 269 108 83 315 567 575 284 298 122 252 33
95 196 107 185 500 114 254 550 97 125 486 446 110 127 300 596 414 252 236 92 151 534 373 125 52 235 188 341 586 393 10 130 569 331 429 330 207 553 295 82 310 544 409 222 121 50 227 541 529 340 44 28 258 86 258 402 541 575 257 108 436 397 102 208 114 600 225 555 19 195 30 283 552 454 337 285 248 355 400 125 506 283 405 304 27 394 520 436 341 106 338 12 7 504 31 117 500 70 28 511 476 384 205 288 352 187 555 426 510 234 529 127 4 331 36 286 357 31 319 279 146 459 253 579 330 56 374 141 11
520 271 406 69 171 124 130 492 351 16 547 461 563 265 372 355 157 559 213 518 440 525 327 221 326 182 554 112 481 436 325 232 374 275 50 547 179 150 53 172 503 505 341 88 532 294 344 167 266 35 453 509 548 429 309 131 184 276 590 43 192 539 233 243 585 103 73 340 194 262 218 401 232 259 71 201 236 429 329 10 436 476 351 96 279 540 439 292 298 106 464 378 436 524 503 340 454 428 37 568 44 72 81 153 245 536 268 492 323 550 465 299 245 481 147 367 311 92 235 44 390 501 559 108 577 492 232 52 152 453 382 349 48 77 70 463 222 131 127 472 453 98 440 439 467 127 412 139 319 451 200
6 0 391 540 221 424 197 412 391 422 330 515 286 223 413 323 296 169 83 217 40 557 231 418 137 220 362 147 134 201 107 5 139 227 162 100 532 443 542 389 93 115 150 388 557 121 551 450 245 301 397 148 574 200 310 106 193 552 514 161 268 110 428 257 162 21 391 136 588 24 360 379 438 319 18 228 551 515 15 484 348 163 174 94 483 449 375 599 529 487 450 385 474 24 133 369 156 505 454 583 511 478 518 478 258 207 446 563 547 271 310 561 338 118 88 421 34 296 582 338 522 13 196 278 253 471 158 350 84 363 329 170 437 570 576 283
310 374 279 542 83 72 561 270 280 538 186 545 287 196 439 363 347 541 591 132 552 576 456 48 488 179 228 393 115 199 358 296 229 594 479 92 93 534 535 566 473 422 281 259 133 32 67 306 223 397 291 403 432 63 548 99 530 343 414 97 436 143 245 162 238 546 570 105 562 149 257 74 507 431 367 354 268 105 573 598 129 547 552 286 280 479 456 220 298 483 200 600 250 400 103 517 165 370 549 427 288 572 499 449 537 196 504 155 291 12 236 261 285 97 341 262 230 60 521 403 367 34 275 0 451 440 49 14 363 471 281 55 260 357 281 236 260 375 447 315 76 111 408 488 39 73 253 438 114 216 515 236 113 271 27
517 58 512 132 228 515 175 476 541 507 573 131 247 319 186 215 157 396 361 360 210 315 342 2 565 187 597 505 475 101 81 132 332 64 399 597 22 345 499 466 516 91 61 300 238 347 382 174 317 273 395 43 116 399 433 123 427 316 569 593 124 315 241 412 467 24 20 191 499 140 292 335 551 456 512 317 346 588 595 585 531 436 467 81 490 113 354 472 105 402 502 460 247 256 394 526 29 471 302 188 326 276 412 173 572 136 60 256 126 187 61 148 576 350 373 513 563 325 268 69 263 273 246 110 225 490 389 236 189 449 7 546 176 264 265 398 515 298 449 104 86 234 498 542 132 44 477 490 233 4 290 82 221
591 512 279 158 161 344 584 356 60 583 132 5 520 377 225 558 347 283 461 387 486 309 462 267 443 86 66 128 503 350 195 490 395 12 94 300 260 407 367 259 542 371 383 494 129 103 358 564 200 427 457
432 374 354 146
214 372 111 368 283 87 151 160 115 563 161 118 206 505 39 584 550 526 562 90 210 38 254 40 284 526 217 248 496 155 296 177 101 51 304 257 336 451 198 256 565 61 533 423 197 364 374 486 405 271 101 587 206 157 145 555 87 505 252 355 473 32 23 584 106 470 476 524 374 511 367 92 37 98 371 217 12 15 260 495 223 394 321 406 354 456 500 461 15 551 39 347 388 91 114 154 572 42 504 583 527 179 579 217 172 379 175 5 436 139 175 599 131 455 279 163 430 588 59 270 265 233 419 411 589 0
425 241 90 5 255 366 579 268 550 77 544 236 517 252 98 21 110 565 316 27 486 330 466 260 583 109 332 316 44 211 596 168 190 98 576 431 125 173 255 101 27 352 576 190 319 145 410 101 102 483 79 66 92 489 564 488 346 135 504 242 243 519 70 465 512 86 298 338 472 584 267 24 414 329 580 504 509 482 264 151 353 555 44 319 124 537 542 442 260 82 141 393 587 180 23 506 378 52 29 67 163 319 442 245 351 264 132 445 208 125 9 474 349 459 343 293 422 122 582 113 377 278 322 97 442 290 563 446 567 241 398 124 270
210 126 55 353 122 361 428 204 274 497 230 82 275 143 475 54 169 5 363 126 6 494 457 133 431 275 426 398 438 24 462 523 180 536 553 225 514 234 34 59 394 269 445 442 279 105 467 490 184 332 226 516 59 453 574 188 119 232 544 378 224 399 448 155 140 571 198 358 300 379 442 261 70 122 289 314 281 365 514 395 539 302 4 546 396 119 558 229 54 574 486 105 425 36 561 150 102 232 536 346 221 239 348 398 92 211 192 362 494 410 425 4 67 524 73 307
89 249 580 78 119 364 450 534 183 50 202 254 34 212 482 50 15 518 214 161 327 69 442 155 234 25 302 127 452 351 391 265 534 78 24 588 354 569 492 389 86 464 403 222 586 527 380 445 404 323 24 94 507 559 387 500 476 447 214 577 489 232 584 527 513 483 88 470 276 491 244 80 219 230 109 153 105 350 28 393 91 188 402 224 267 327 451 563 385 586 349 30 28 571 88 382 272 390 508 91 51 504 290 185 251 79 38 556 225 71 195 373 598 471 97 432 436 399 495 201 472 48 373 323 584 370 312 348 159 71 184 567 491 358 107 349 321 512 370 273 338 335 551 547 543 337 366 432 174 281
80 403 17 278 2 579 188 512 349 396 259 519 464 120 497 41 520 42 2 106 597 217 444 8 495 102 386 172 275 195 453 262 577 129 46 110 48 597 105 80 347 176 525 520 272 416 327 245 73 101 524 15 334 125 161 556 495 452 90 279 179 65 99 416 366 442 407 152 295 333 149 158 217 572 432 574 127 110 151 94 239 417 260 118 486 156 539 244 467 400 587 79 120 182 312 588 108 232 95 219 415 58 595 489 26 470 114 286 583 438 465 517 131 155 521 75 279 348 142 198 375 123 463 227 524 399 278 106 138 494 77 39 186 220 503 459 68 338 34 34 188 385 537 88 292 449 147 252 83 242 136 77 25 19 202 229 376 101 44 25 389 470 342 374 444 89 508 423 84 280 276 569 103 386
323 581 286 207 517 276 59 107 407 488 54 479 47 5 549
117 126 390 272 595 8 93 541 164 281 562 40 327 316 493 403 348 494 392 57 232 552 233 13 476 343 38 101 570 340 59 502 320 302 536 380 270 285 267 581 573 344 33 433 538 349 348 173 189 7 66 256 34 280 120 307 293 561 199 106 105 183 356 548 518 344 546 434 499 572 1 566 105 447 236 368 432 243 268 413 590 181 50 94 502 30 187 122 308 4 583 313 130 559 241 110 275 562 8 2 110 251 349 130 380 138 315 322 69 296 116 154 199 199 433 279 144 231 158 403 507 143 473 194 238 332 185 335 31 550 91 395 96 159 304 598 124 110 426 408 185 39 2 513 35 63 363 89 102 378 150 362 353 556 110 508 355 523 227 277 230 430 334 401 344 3 564 565 34 417 152 12 148 423 370
153 165 483 199 17 346 538 429 36 234 182 285 428 427 37 34 420 45 307 356 416 481 365 456 460 100 164 110 45 373 441 435 315 189 448 109 8 487 265 25 337 36 545 504 192 353 454 333 44 4 302 519 38 321 292 296 48 389 185 138 188 17 488 450 87 366 264 557 462 501 476 245 261 68 316 190 418 427 269
498 442 251 517 364 318 275 78 401 381 230 452 435 493 50 320 309 154 141 178 213 343 342 163 99 481 498 556 506 592 411 123 121 575 354 291 276 166 421 66 203 168 291 225 468 393 3 454 128 192 215 166 521 459 331 107 64 422 496 107 184 119 238 294 403 18 458 337 304 516 578 59 88 345 243 190 175 171 284 64 145 284 486 139 578 331 18 256 321 36 292 157 174 158 506 563 126 541 54 549 540 583 149 344 344 263 186 457 1 492 509 280 178 167 262 413 7 64 477 404 29 563 91 272 562 29 215 235 189 73 114 455 231 106 297 10 594 411 195 555 391 115 90 225 530 128 260 361 360 124 450 466 396 164 280 584 385 186 92 54 150 24 156 432 189 539 455 236 177 234 577 267
104 365 516 550 400 335 100 380 354 590 400 270 224 17 263 1 110 128 491 5 443 417 508 128 37 322 98 424 278 532 176 306 490 480 415 168 463 278 383 487 325 513 318 237 239 446 535 9 291 433 155 577 183 14 234 75 262 2 477 460 315 393 74 440 290 434 269 316 234 591 274 91 371 52 567 527 302 70 307 132 235 438 514 589 92 406 141 56 38 18 174 163 301 336 286 419 37 515 257 489 273 351 549 6 470 317 427 339 530 257 149 237 595 600 564 444 315 533 336 234 347 413 104 9 516 62 359 160 395 207 29 87 127 544 8 554 308 41 536 66 76 79 114 507 273 183 390 243 241 85 586 469 431 513 187 87 420 326 323 210 353 344 195 302 254 351
159 314 489 510 198 535 199 419 166 444 576 196 194 81 59 22 366 501 111 441 12 104 31 24 174 337 327 234 277 494 433 60 592 301 417 324 61 336 569 387 423 407 377 386 250 483 211 529 326 540 459 458 455 586 273 145 342 198 391 389 314 415 349 373 272 428 471 454 584 565 343 165 262 517 540 348 120 356 433 83 263 209 198 600 424 560 302 556 335 326 511 432 81 12 506 381 24 80 280 54 8 172 51 468 457 323 227 554 530 35 153 425 204 508 560 517 164 496 16 409 585 381 513 208 598
535 538 350 390 460 234
82 346 213 347 537 534 168 354 115 187 106 405 486 28 54 541 140 309 515 295 354 103 404 299 338 165 5 336 19 591 432 63 171 375 73 40 236 126 32 495 447 232 73 543 123 75 421 524 480 487 551 585 331 419 363 346 128 99 426 566 440 132 206 469 453 47 102 322 430 46 281 2 454 229 451 95 111 512 85 335 54 168 226 248 298 96 396 237 258 65 208 336 153 75 264 208 320 97 394 58 80 307 383 422 572 89 521 357 510 60 290 146 538 544 142 171 139 276 519 494 319 194 564 484 434 119 301 463 222 136 592 509 581 360 123 159 56 245 588 260 539 435 572 396 184 504 520 171 142 364 367 352 267 83 49 579 392 539 584 449 588 447 230 148 217 14 549 230 39 328 266 104 326 17 207 592 409 529 249 143 86 123 332 300 10 339 29 547 254 194 193 66 391 495 187 387 25 581 481
593 352 48 226 453 551 273 173 307 417 21 139 534 319 192 536 24 215 397 130 389 427 350 68 145 235 283 133 249 329 405 97 491 413 327 101 346 246 219 414 194 494 495 379 259 365 589 467 271 67 305 406 397 384 560 84 64 350 273 500 17 99 503 43 347
506 78 341 73 342 596 229 502 503 19 183 73 288 107 9 215 72 261 272 484 58 248 37 501 149 1 50 508 362 441 131 571 419 405 324 43 596 143 234 411 401 262 101 368 495 362 136 37 250 92 368 382 439 86 294 441 333 9 595 535 393 205 42 211 78 441 267 76 477 529 523 351 201 207 13 79 437 173 504 408 373 61 251 49 126 77 482 483 199 204 227 76 542 185 272 247 247 400 441 158 120 447 93 586 185 108 282 276 352 479 105 566 260 3 261 67 449 418 486
275 363 347 255 232 350 266 400 4 554 234 479 37 44 439 288 198 133 97 533 110 546 40 19 594 454 211 593 180 473 333 455 419 89 372 377 339 486 552 20 479 395 229 578 112 326 357 363 568 443 199 340 12 115 357 536 77 536 381 69 112 355 331 555 417 33 493 309 567 275 301 413 361 146 89 115 432 499 294 533 516 282 382 542 501 197 292 42 540
570 240 590 94 544 504 90 429 68 540 157 188 365 542 100 126 579 296 216 18 563 18 592 115 156 591 129 514 246 281 493 273 429 353 393 477 153 407 388 105 530 62 278 543 217 257 274 460 78 419 233 473 183 460 81 278 401 421 175 85 57 96 45 521 466 234 44 545 54 517 452 47 85 514 185 90 558 72 569 159 327 426
137 89 187 140 530 515 315 366 166 165 357 400 254 289 359 146 28 555 83 202 88 457 508 54 166 129
207 495 477 272 186 68 262 126 261 89 325 569 222 256 593 327 458 578 132 508 111 481 303 208 202 143 251 119 164 313 37 130 77 39 354 226 293 435 417 168 290 209 524 252 538 453 542 404 424 345 25 199 572 584 479 355 212 162 438 459 80 470 83 359 58 525 88 453 284 243 375 75 187 22 246 546 66 234 528 374 103 599 4 492 64 118 109 501 529 315 372 76 326 220 225 13 391 378 273 434 305 1 483 239 48 391 119 117 142 476 54 350 63 370
485 71 278 500 342 483 459 234 67 486 301 22 514 368 472 512 582 550 82 336 371 403 141 309 166 470 490 122 63 261 79 170 577 42 269 439 305 148 182 366 131 548 576 441 405 505 153 462 340 40 374 586 554 107 383 259 402 531 389 337 594 556 481 385 442 159 342 333 557 124 495 437 581 564 435 56 545 137 440 321 156 499 116 447 437 273 424 231 107 535 582 533 319 472 596 306 212 120 436 537 358 473 146 469 277 534 270 178 191 449 558 411 235 437 278 18 158 105 333 310 329 244 146 549 261 515 280 197 37 408 527 67 93 231 138 137 194 483 137 259 464 70 532 101 545 94 27 5 233 86 457 160 86 43 501 173 73 415 210 398 19 316 190 193 161 441 238 71 44 11 354
371 501 432 130 247 250 169 318 381 146 35 579 581 515 477 281 150 566 483 71 339 182 362 21 229 77 214 19 463 46 286 45 537 116 246 179 129 157 257 0 170 339 320 429 80 313 211 123 115 523 12 275 280 240 381 134 330 18 126 337 497 9 295 378 359 510 566 230 396 516 32 12 206 412
188 254 8 412 180 74 472 270 5 317 430 415 590 482 213 324 336 517 113 318 268 331 516 567
373 175 172 120 191 17 297 102 68 386 173 506 123 339 448 580 563 89 139 440 533 76 574 332 72 16 175 137 544 281 398 461 528 420 191 153 450 484 573 439 16 63 113 288 76 152 337 147 502 358 245 449 319 565 388 547 488 173 122 398 152 83 313 250 34 415 433 60 309 309 457 55 7 208 556 363 164 510 538 558 220 481 335 597 281 402 446 506 112 18 115 307 85 339 408
509 27 72 181 578 87 481 16 294 445 419 89 5 70 228 81 435 519 421 561 109 580 435 176 252 219 526 470 359 15 9 214 353 567 96 323 320 50 529 307 423 374 584 442 6 163 469 26 104 51 30 340 427 253 504 23 19 299 407 274 400 38 183 242 230 387 467 17 534 354 233 482 533 273 448 584 208 360 585 411 428 584 84 250 74 347 593 121 15 82 199 372 84 403 594 563 527 374 454 570 205 285 545 151 73 192 26 420 295 6 543 441 290 275 69 36 236 175 240 346 580 150 177 194 74 392 24 191 600 529 269 180 102 202 460 55 538 430 558 7 444 303 266 157 493 249 320 437 191 59 564 577 135 399 63 278 300
153 290 299 556 508 233 300 164 159 424 161 578 596 347 212 198 560 181 7 91 15 128 589 70 134 466 362 324 467 133 241 516 187 283 124 451 376 21 430 120 413 350 557 198 483 362 302 433 74 250 544 280 368 128 382 422 403 591 410 177 486 555
