3 8 12 15 18 24 28 31 38 45
5 14 20 22 29 33 41 47 55 56 63 67 69 72 73 75 77 86 87 91 93 99 100 102 107 108 110 115 121 125 134 137 138 145 148 155 164 169 170 172 176 181 186 193 201 205 208 211 217 223 226 229 238 242 250 257 266 274 278 285 287 289 293 302 311 316 319 324 328 332 341 349 358 365 372 377 378 382 389 395 401 403 405 412 421 423 428 434 439 446 448 452 454 455 456 463 472 479 484 493 499 506 513 521 523 527 534 537 540 549 558 561 570 578 585 589 590 597 602 608 610 614 615 619 625 629 633 641 647 656 662 671 672 677 686 691 693 694 698 702 706 710 714 722 729 732 738 745 746 753 759 768 776 782 790 799 804 806 813 814
8 17 25 32 38 42 45 47 55 63 71 78 80 88 94 95 97 103 112 121 123 126 128 134 138 145 154 155 157 160 166 167 174 182 189 197 200 204 211 217 224 229 230 239 248 254 259 261 264 272 277 281 286 295
7 14 22 27 33 41 48 55 56 64 73 75 84 89 98 107 116 124 128 130 131 139 145 147 152 154 160 165 174 178 183 188 192 195 203 210 212 216 218 226 234 239 248 257 259 263 268 275 284 288 289 295 301 303 309 312 315 319 325 327 336 344 351 356 358 362 367 371 377 379
8 16 18 22 31 35 40 42 51 59 68 73 80 84 92 100 101 108 115 123 132 133 141 144 148 155 164 167 169 172 175 180 185 192 200 206 211 218 220 221 228 233 237 243 252 255 264 267 273 279 285 289 295 303 305 306 314 319 323 325 329 333 340 344 346 351 352 361 370 374 381 382 385 390 391 397 403 412 420 421 429 430 439 443 450 455 459 462 468 477 480
6 9 10 14 17 20 26 27 35 38 42 46 49 53 54 63 65 70 76 77 86 95 100 106 113 118 126 131 138 139 141 150 157 161 165 171 180 188 193 197 204 211 218 225 232 236 237 245 247 253 258 260 268 274 276 277 282 291 300 304 313
6 9 12 16 18 22 28 31 40 48 56 64 66 69 75 78 84 92 99 104 110 111 119 121 126 135 137 141 147 149 150 154 158 161 162 165 174 181 190 198 200 208 210 216 222 230 239 240 243 252 259 263 266 275 276 278 280 281 286 290 299 305 314 321 324 328 334 338 347 349 350 358 366 372 375 383 386 394 399 402 408 415 422 426 428 431 438 445 446 455 464 467 473 478 487 488 497 498 503
1 8 15 19 23 32 41 43 47 50 54 63 70 71 72 75 76 81 88 92 94 102 105 113 119 125 132 140 142 150 158 164 170 178 183 192 199 207 214 218 220 223 229 238 239
4 10 13 20 25 26 29 30 35 39 43 49 57 60 62 67 70 78 85 88 95 101 103 109 117 122 131 132 138 147 156 162 171 180 187 193 202 206 213 220 223 224 228 234 242 243 249 258 260 265 274 276 283 291
5 6 12 21 26 32 37 45 51 55 59 66 74 76 85 90 93 97 100 102 104 105 113 120 123 131 138 142 145 149 152 158
7 10 16 25 33 37 40 48 52 58 65 68 74 79 83 86 87 94 95 98 102 106 115 121 126 133 139 140 141 149 152 157 160 164 166 169 176 177 181 190 198 202 207 208 216 220 225 227 236 237 241 245 251 252 261 264 272 276 277 278 286 289 292 299 308 316 324 328 335 343 351 354 361 367 370 379 383 384 390 398 404 412 414 423 426 428 436 441 448 453 457 461 467 473 475 479 484 492 496 499 508 515 524 533 541 548 552 557 562 563 564 568 570 578 583 589 595 597 605 613 619 622 629 631 634 641
2 4 8 11 12 20 25 30 31 33 38 43 52 59 60 63 67 70 77 79 80 86 94 96 100 101 107 114 121 122 129 138 147 151 156 163 167 172 178 182 187 188 189 192 197 205 209 211 219 225 234 235 237 240 244 248 257 260 267 269 278 286 294 298 301 310 319
7 12 15 23 24 27 34 36 38 42 45 54 61 68 69 75 82 91 99 101 107 111 119 126 130 133 137 141 149 154 162 166 167 168 170 172 177 183 184 188 191 192 201 205 214 219 224 231 234 240 244 245 251 255 262 267 272 278 286 293 301 307 316 318 323 327 331 339 345 352 355 359 367 370 375 384 392 394 401 404 409 411 412 417 418 422 429 433 439 445 447 452 461 470 472 475 483 487 495 497 504 508 515 517 524 528 530 539 544 553 560 565 566 573 581 585 586 590 597 600 602 607 610 614 616 619 627 635 644 646 648 655 661 668 673 674 675 682 688 696 697 700 706 713 721 730 733 741 746 754 762 765 774 780 784 789 790 791 797 806 814 820 825 829 836 837 844 851 852 861 863 869
3 7 9 14 23 30 33 41 49 50 58 65 68 72 78 80 85 93 99 105 114 121 123 132 141 150 154 157 159 167 174 181 188 190 195 196 198 201 203 211 219 223 224 226 230 233 235 241 249 254 255 260 267 268 270 272 276 285 291 292 297 302 308 316 320 321 326 330 335 339 344 349 350 351 360 362 368 369 376 384 388 391 399 403 412 419 425 433 441 443 448 453 456 464 471 479 486 488 490 495 497 501 502 504 511 518 522 528 530 535 540 546 555 560 564 569 570 574 582 591 600 609 613 622 623 628 637 640 646 652 656 657 660 669 678 679 683
3 9 16 24 26
2 6 8 10 17 18 26 29 38 47 53 55 61 63 65 69 73 77 86 89 97 106 108 109 114 122 126 128 129 131 134 143 144 153 159 168 177 181 190 194 196 197 205
4 5 7 15 21 26 35 44 51 56 63 71 79 81 84 90 93 99 101 106 112 114 116
1 8 16 24 28 33 34 37 43 49 54 56 61 68 72 78 82 83 84 92 99 105 113 122 123 124 132 139 140 149 156 163 166 170 173 175 176 181 185 190 198 202 203 208 210 216 219 220 225 226 228 232 240 246 252 260 267 273 279 280 284 288 295 301 310 318 321 329 330 336 344 348 356 365 369 378 387 395 403 405 412 414 415 417 425
5 11 15 24 27 30 38 46 50 51 57 59 65 70 78 80 81 85 86 95 104 112 118 119 121 125 128 134 136 144 153 160 162 167 171 179 185 186 187 191 193 195 203 208 215 217 220 226 231 236 241 243 247 256 259 265 273 279 286 295 297 302 311 316 318 322 326 330 337 342 347 354 355 359 361 368 372 374 381 390 399 405 412 413 416 421 424 429 431 434 437 442 451 454 458 462 469 474 476 483 490 497 502 507 514 523 529 535 544 552 554 559 566 567 571 572 576 579 580 582 588 595 597 603 606
5 7 14 18 24 25 33 34 41 47 53 62 68 72 77 82 88 90 93 99 102 106 110 119 126 132 134 137 138 140 142 143 147 151 159 164 172 175 180 186 187 189 192 197 206 215 219 224 226 233 235 238 242 250 254 263 269 271 272 276 281 285 289 296 303 307 308 310 313 317 320 322 325 326 329 330 335 341 346 353 360 365 372 381 386 391 393 401 402 407 410 414 416 424 432 440 447 453 456 460 468 470 472 476 484 492 500 503
8 10 16 17 20 29 30 34 41 42 45 47 53 55 62 66 75 82 87 89 92 93 94 100 107 115 123 128 129 131 138 147 156 157 161 168 169 176 177 185 191 196 200 205 214 215 224 226 231 236 240 243 249 252 261 266 272 279 287 292 298 300 307 315 321 327 331 334 339 348 354 359 366 368 373 380 382 391 397 404 410 415 418 425 428 437 442 449 451 453 458 464 473 474 478 482 489 490 498 507 512 514 522 527 535 540 549 554 563 566 573 578 580 589 597 604 613 618 624 627 629 631 634 637 646 648 656 660 668 671 673 680 688 695 702 711 718 727 731 732 735 739 743 748 753 755 759 761 765 766 772 775 777 784 785 787 788 793 802 810 811 817 820 823 828 835 844 849 852 853 858 867 874 878 881 887 896 904 908
8 12 16 24 33 41 46 53 59 66 72 78 85 93 97 100 105 114 121 129 134 137 142 151 160 162 168 175 177 186 191 194 197 200 204 207 211 217 224 231 237 241 244 248 250 253 259 268 277 283 287 291 295 301 307 309 311 315 318 319 328 334 336 338 342 344 350 351 359 361 363 364 365 368 370 379 380 389 393 397 406 414 423 428 429 436 437 443 452 459 462 469 478 483 491 500 501 507 512 513 519 524 528 537 541 547 548 550 559 564 573 580 589 593 597 604 605 606 607 613 615 620 627 634 643 649 651 660 668 673 681 684 686 687 689 694 700 706 709 713 717 725 731 736 739 748 753 760 765 774 782 789 794 802 807 814 816 817 824 831 835 836 838
9 17 21 24 28 33 38 40 46 52 58 65 66 75 76 79 82 87 89 92 96 98 101 108 114 120 124 130 138 142 146 155 160 167 173 181 187 194 203 206 214 221 228 236 239 247 251 253 261 266 272 274 280 285 294 295 297 299 304 313 314 317 320 321 330 334 340 342 348
9 18 19 26 29 35 36 41 47 49 50 52 59 65 67 72 77 84 90 97 106 115 116 120 125 132 134 137 141 147 153 161 163 168 176 182 184 188 197 202 204 207 215 220 221 222 227 231 237 241 247 252 259 266 267 270 279 281 283 285 288 297 304 312 318 325 330 333 338 341 348 349 350 355 363 366 374 378 386 391 394 397 399 401 409 416 424 427 431 436 441 449 454 458 467 473 474 477 486 495 498 502 511 516 522 527 531 533 539 547 555 557 558 567 569 570 573 577 578 581 590 596 605 607 616 619 623 630 639 641 650 658 662 665 673 675 680 686 690 692 697 698 703 711 716 717 720 727 730 738 744 751 754 757 758 765 774 783 791 792 797 800 809 813 820 821 829 832 841
1 6 9 11 14 20 24 32 39 41 45 51 59 62 63 64 65 71 80 86 92 95 104 112 116 120 124 132 140 142 148 149 150 152 161 163 164 172 180 183 192 201 208 213 219 220 224 228 237 242 246 255 261 267 270 273 276 280 288 290 297 304 309 315 321 330 336 338 343 345 353 358 362 365 369 371 379 382 391 394 396 402 409 410 411 415 423 430 434 435 442 449 451 452 456 457 463 470 477 485 486 493 500 506 511 515 519 528 533 541 546 548 552 559 561 563 569 577 584 590 598 606 608 616 619 622 625 631 634 635 639 648 654 660 664 667 675 677 678 685 692 697 699 705 710 715 717 724 726 734 738 744 750 754 763 772 773 782 791 797 800 806 807 814 823 825 827 834 840 846 847 852 856 862 863 869 878 879 881 888 897 906 915 918 927 933 934 942 950 956 963 965 968 974 980 986 987 989 995
2 3 7 12 16 24 28 29 35 37 44 53 62 69 70 75 84 89 98 106 115 123 127 134 140 148 152 153 158 161 163 169 170 177 186 192 197 205 207 212 215 224 231 237 239 246 248 255 261 267 275 278 284 286 290 293 299 307 309 314 316 324 331 333 340 345 349 350 357 365 372 378 385 394 399 404 413 417 422 427 432 439 441 443 446 450 458 462 470 473 479 487 488 489 497 505 513 514 523 530 537 540 541 545 553 555 563 566 575 577 578 586 589 590 596 600 604 613 616 624 628 633 636
1 3 9 10 13 22 24 31 39 46 52 54 55 56 65 72 75 78 80 82 85 90 94 98 107 108 114 122 127 128 129 134 138 146 147 148 156 157 163 172 181 187 195 204 205 206 209 212 219 225 226 234 239 241 243 246 254 263 271 277 285 293 297 302 309 318 321 327 331 333 341 346 352 359 363 370 374 380 387 389 397 404 413 422 428 430 437 445 451 455 461 464 471 474 480 485 493 498 503 507 515 516 525 526 534 535 539 543 551 552 557 566 570 573 577 583 587 595 603 612 614 615 624 633 635 640 647 650 653 659 667 668 673 676 684 687
4 6 12 16 25 27 28 34 36 43 52 57 59 67 76 78 84 92 93 102 108 115 119 128 137 145 146 155 162 163 165 172 180 185 188 195 201 203 211 212 219 221 229 232 240 248 249 250 257 265
1 5 6 15 17 22 27 28 34 41 47 53 62 67 72 80 88 96 98 100 105 114 117 122 126 134 141 149 155 164 169 176 182 187 194 203 211 212 218 222 224 232 240 249 257 259 260 268 275 280 288 292 294 300 301 307 312 321 323 327 334 343 345 353 362 364 366 372 375 380 386 389 395 402 410 419 426 430 436 437 446 453 456 457 463 470 479 487 496 502 508 515 518 523 529 535 539 547 550 551 559 561 570 576 583 586 588 597 601 605 609 615 624 633 634 642 651 657 659 666 675 681 687 693 699 700 708
6 10 16 22 28 33 42 46 55 62 68 76 85 87 88 96 105 112 117 120 128 129 135 141 147 149 158 167 176 181 187 195 204 210 214 221 228 234 240 245 251 257 261 267 273 275 284 286 292 298 304 311 314 322 326 331 332 340 349 350 352 361 365 369 372 377 382 386 393 398 401 403 411 416 418 427
7 14 19 20 29 30 32 35 38 47 52 57 66 75 79 85 90 91 99 101 107 108 110 115 120 121 126 134 137 139 144 149 151 158 162 171 180 185 188 193 202 204 210 211 219 220 226 233 238 241 250 251 259 263 267 276 277 282 284 289 298 302 305 313 319 325 329 334 335 341 349 357 361 363 371 376 381 384 386 394 399 408 413 419 427 429 438 439 444 449 450 453 460 465 467 475 483 491 499 502 507 514 515 522 523 531 539 543 551 557 560 563 567 572 578 584 589 590 597 599 600 601 606 612 618 619 623 625 629 638 640 648
5 8 13 21 28 32 37 40 42 46 48 50 51 53 60 62 63 71 72 76 77 86 88 93 96 102 105 107 110 111 118 127 131 138
2 11 16 23 29 31 39 44 50 57 62 66 75 78 83 92 97 99 100 101 103 106 109 115 117 123 126 134 136 139 143 147 153 161 169 174 175 181 182 191 193 194 198 203 211 219 225 227 235 244 248 251 255 264 267 268 270 271 278 285 293 300 303 306 311 319 325 328 337 343 349 351 355 357 365 373 377 386 389 391 399 404 406 412 421 425 427 434 442 444 451 453 454 461 464 472 473 476 478 485 493 498 504 510 518 520 526 528 532 538 542 547 556 557 564 572 581 583 591 595 602 608 610 619 623 627 628 637 638 643 652 658 660
5 12 17 25 28 29 32 33 39 42 45 51 52 56 61 63 70 73 78 79 84 89 92 101 109 118 125 127 128 137 144 147 150 157 160 164 170 179 185 192 197 199 201 209 216 221 230 234 242 249 255 259 266 271 274 278 286 287 294 299 300 306 307 314 315 321 324 325 334 339 344 350 353 354 362 363 369 371 375 382
6 7 15 17 20 29 30 32 38 42 47 54 59 67 70 74 81 84 87 93 95 104 111 112 119 128 133 141 146 151 152 154 162 170 176 183 187 194 202 208 209 212 218 226 232 235 236 238 245 246 254 255 264 266 270 276 279 287 290 295 301 303 305 306 313 314 316 324 331 332 340 347 352 361 370 374 382 386 388 393 394 397 405 412 413 414 419 428 434 443 446 448 451 453 457 458 464 471 476 480 482 486 492 498 505 506 510 519 527 529 536 537 538 545 548 555 563 571 572 576 582 589 593 596 603 612 621 630 631 635 644 653 658 666 672 677 686 691 696 701 707 716 722 728 732 735 743 747 755 760 765 773 775 778 787 791 795 804 813 820 825 833 841 843 844 851 854 863 868 876 880 888 894 900 906 907 916 921
9 18 26 35 42 49 53 57 62 67 76 80 83 90 93 97 103 108 115 116 120 121 123 130 132 140 147 148 152 160 167 169 173 180 181 182 190 193 199 200 204 206 209 210 217 223 232 235 236 237 240 241 250 255 261
3 6 7 11 15 16 24 25 28 33 35 41 43 49 57 60 68 72 78 86 95 102 111 119 121 129 132 137 142 151 158 167 176 183 191 198 201 203 210 215 220 223 230 232 239 246 250 259 263 265 267 269 278 284 291 294 296 297 303 307 308 313 316 319 321 326 335 338 341 348 352 361 363 364 369 378 383 386 394 398 400 404 408 412 421 429 436 439 442 449 453 461 465 474 477 479 485 493 499 507 509 518 521 524 530 534 541 545 546 548 549 556 560 562 569 571 577 578 581 585 592 601 605 606 611 617 622 624 629 633 634 641 647 655 659 665 667 675 678 679 686 692 700 709 713 716 721 723 728 735 738 741 749 755 764 765 766 767 776 782 789 797 802 809 810 813 818
3 6 12 14 16 23 31 36 44 48 51 56 60 68 74 79 81 86 94 101 106 111 120 127 134 139 147 156 163 168 175 178 185 186 193 198 204 209 211 215 216 217 219 226 235 241 247 249 257 262 271 274 283 285 290 295 303 309 312 313 315 323
5 13 16 25 28 36 37 40 47 52 60 64 65 67 75 82 89 98 107 111 115 120 124 125 126 131 134 135 144 148 153 162 168 170 179 186 194 203 204 205 207 211 215 224 232 238 246
7 15 20 26 35 37 45 49 52 61 70 78 86 89 98 104 105 113 115 116 123 131 140 149 156 163 169 170 176 183 192 199 206 208 215 217 226 233 241 248 255 260 268 272 275 284 291 297 304 313 321 325 328 329 338 347 350 355 364 369 377 380 384 385 391 397 398 402 409 418 420 425 428 434 437 444 447 450 459 468 471 474 482 491 494 499 500 505 506 513 521 524 528 529 536 540 549 558 563 564 573 578 584 586 590 592 595 600 607 613 618 627 632 637 640 645 651 658 664 668 675 678 683 685 692 698 700 704 706 714 721 730 738 746 749 757 760 768 777 785 789 797 800 802 807 809 818 821 825 828 831 838 846 854 861 865 872 879 880 889 892 899 903 909 912 913 922 926 933 935 940 945 949 955 963 967 972 978 986 995 1001 1009
3 4 13 19 27 33 35 44 49 51 60 67 72 80 86 88 96 101 105 111 113 117 125 129 137 145 153 162 169 173 182 191 197 199 204 206 209 210 217 218 227 234 243 248 256 258 259 267 273 280 283 288 292 296 302 308 311 319 321 329 335 343 344 349 350 355 361 364 369 374 379 380 386 391 397 406 411 413 414 421 430 438 443 446 454 457 458 464 465 467 476 484
4 7 10 12 18 20 22 29 37 45 51 59 61 67 76 81 87 94 100 109 117 122 124 132 139
8 14 15 20 26 28 31 36 40 44 50 52 53 55 56 59 66 75 84 90 98 106 113 115 119 123 132 135 136 137 145 146 149 151 157 161 170 176 182 186 188 197 202 206 212 214 219 221 227 232 235 236 241 244 248 253 261 270 277 284 291 295 297 300 309 314 323 329 336 338 345 353 360 364 373 382 385 388 391 399 404 408 413 415 417 426 428 435 442 450 451 459 466 472 475 482 488 489 495 501 502 504 506 510 513 520 525 530 539 542 543 552 556 561 563 571 574 583 590 594 597 598 607 614 618 620 622 627 636 638 645 649 658 667 669 676 677 682 689 697 705 713 714 716 719 721 727 731 740 744 750 752 757 766 768 776
7 16 20 22 25 27 35 40 41 45 46 47 55 62 71 77 81 85 93 96 105 111 112 117 126 130 132 139 144 147 154 158 166 172 179 186 192 193 196 198 203 208 210 217 218 227 236 239 240 244 246 251 258 259 263 268 277 281 289 294 295 302 308 311 315 324 329 336 344 347 350 357 358 363 366 372 375 379 388 396 397 406 409 413 415 420 425 426 427 434 440 447 454 462 465 473 481 489 491 497 504 508 514 517 522 524 525 527 529 531 535 538 546 552 555 564 566 569 578 583 588 596 597 600 606 614 615 619 626 633 636 637 645 647 648 657 661 667 676 680 689 695 697 699 705 709 718 725 731 735 741 747 752 759 768 772 773 777 785 794 797
2 3 7 13 18 25 27 34 43 51 60 68 75 80 84 88 94 103 108 110 117 120 124 133 136 143 145 147 155 159 167 168 176 183 188 193 195 197 206 211
5 14 21 25 27 30 33 38 46 51 52 57 65 66 72 76 83 86 92 98 100 102 107 111 115 124 125 131 140 142 146 148 156 162 170 176 181 183 184 192 201 210 212 221 222 225 232 234 238 245 251 252 253 259 264 271 273 279 280 284 290 294 302 305 310 316 324 332 337 338 347 348 353 356 360 369 378 380 381 382 386 390 395 396 403 405 411 412 419 425 432 437 445 452 459 461 467 474 475 480 489 495 503 505 514 522 531 537 544 550 554 561 570 573 575 578 579 587 593 598 602 607 614 620 623 628 631 635 641 649 653 659 664 670 677 683 689 695 699 708 713 721 723 732 739 748 750 758 759 762 769 776 778 787 789 793 800 807 812 815 818 826 832 834 838 839 843 847 852 860 867 868 869 875 883 888 889 897 905 910 915 920 924 933 936 945 946 948
7 10 11 18 20 27 35 42 48 51 53 61 62 71 76 85 86 93 97 106 114 119
2 5 13 19 27 31 33 41 42 51 53 59 66 75 77 85 92 100 103 107 109 114 116 125 131 135 142 149 153 157 164 168 171 177 183 187 194 200 206 207 213 215 219 223 232 239 247 252 254 256 257 260 265 274 280 288 295 301 310 311 313 315 323 331 337 342 344 345 354 357 363 370 372 381 386 392 398 402 408 409 415 422 427 434 436 445 448 454 459 467
6 11 16 22 31 39 44 46 53 55 57 64 66 73 81 82 89 90 99 100 106 110 111 119 128 134 140 143 152 160 163 169 173 181 186 193 199 205 214 221 224 227 231 236 237 243 252 256 258 261
6 14 20 25 27 36 38 41 49 55 61 64 65 70 75 84 87 90 99 104 111 119 125 126 129 130 133 138 140 144 148 155 162 170 176 180 184 186 188 193 198
7 9 18 27 35 42 43 48 55 62 66 68 69 70 79 82 86 92 94 99 101 109 111 113 115 118 120 126 130 139 148 157 162 168 170 176 178 184 187 192 194 198 202 210 214 217 218 224 232 235 241 245 250 254 256 260 265 272 277 281 286 292 295 300 308 310 315 324 330 336 338 347 356 360 367 371 379 388 394 395 400 403 411 419 425 427 429 431 440 448 449 458 461 463 470 473 482 489 490 495 501 510 512 513 520 525 529 534 536 543 546 553 556 558 561 562 567 575 576 580 586 594 596 601 607 611 620 629 633 637 639 642 643 650 651 654 659 667 670 671 679 685 687 689 697 703 709 716
8 14 17 18 21 22 23 28 31 36 41 47 52 59 61 65 71 76 79 83 84 87 93 96 105 111 115 118 126 135 142 147 149 156 162 168 171 175 177 181 186 190 198 203 208 215 222 226 232 238 240 243 247 248 257 260 264 270 274 276 284 287 290 299 300 304 311 312 321 329 336 343 347 351 359 366 369 378 379 388 395 399 408 411 418 422 429 437 444 450 459 462 471 479 488 492 498 499 506 508 512 515 518 526 532 539 548 549 558 560 561 568 570 573 582 590 598 602 603 612 614 615 618 619 622 624 631 639 646 652 661
1 9 14 22 29 34 38 43 49 51 54 57 64 73 82 87 90 95 104 112 113 119 127 134 142 143 145 153 162 165 166 170 178 182 191 193 201 204 207 215 223 224 226 229 236 243 250 253 261 269 275 276 284 290 292 296 301 309 316 318 320 329 330 335 342 344 350 354 355 360 369
7 9 14 15 17 19 25 33 34 41 48 49 54 57 61 64 68 73 82 85 90 96 100 102 109 115 119 123 131 138 142 150 153 161 167 170 176 185 188 190 192 194 200 207 216 223 224 230 236 239 244 246 249 251 257 261 270 277 282 291 293 294 300 306 309 315 317 326 334 341 344 352 361 364 373 375 381 385 386 391 396 398 407 413 415 423 426 429 434 439 448 456 459 463 464 467 474 480 488 495 502 507 510 512 517 522 524 526 534 542 548 556 559 563 568 577 580 582 587 590 591 595 599 600 603 612 616 617 620 629 633 639 646 648 651 660 665 667 676 682 688 697 698 702 707 711 719 725 727 730 734 741 745 754 761 767 770 777 781 790 794 798 800 803 808 809 814 817 823 829 834 838 845 849 856 865 872 875 877 878 886 893 898 905 911 916 924 930 933 940 947 949 950 951 952 953
2 9 18 20 29 31 38 39 43 50 53 55 62 66 67 74 79 85 93 96 102 110 117 118 126 129 132 134 135 144 147 149 152 157 166 175 184 185 186 192 193 194 199 204 207 213 214 221 226 231 232 238 243 244 251 259 267 274 277 286 294 299 305 308 309 311 312 318 326 333 342 344 352 357 363 367 369 375 381 390 397 405 412 417 420 425 431 434 436 440 446 447 449 457 458 461 468 472 475 477 483 490 496 500 509 512 515 520 522 523
3 12 16 18 21 24 27 29 36 37 39 45 48 57 58 67 71
3 6 10 12 19
7 16 25 32 38 42 47 54 58 59 66 69 78 84 87 95 97 106 110 115 124 125 134 140 144 149 150 153 161 164 166 168 173 178 180 182 191 193 195 198 203 208 209 214 218 226 233
7 12 14 15 16 18 20 26 28 32 35 39 46 47 49 51 57 64 70 72 74 78 83 84 93 100 102 105 110 114 117 124 130 138 139 142 143 145 154 158 164 168 177 186 195 200 204 205 212 216 222 229 237 238 244 249 251 256 264 268 274 281 283 291 292 298 302 310 312 320 326 329 331 334 343 352 361 366 368 376 380 383 385 386 388 393 394 402 406 415 422 430 433 442 445 446 449 457 461 470 479 483 491 493 500 502 504 512 520 525 533 538 539 540 549 555 559 568 572 581 584 590 597 601 607 609 611 616 620 621 622 625 633 641 647 652 659 666 669 671 673 681 689 696
8 17 22 31 39 43 48 49 55 59 68 69 72 79 84 92 98 103 106 115 123 126 135 141 142 146 147 151 152 157 160 162 164 170 179 185 193 196 201 203 206 212 220 228
8 17 23 25 26 35 40 41 50 58 66 70 76 79 85 91 97 101 103 110 117 121 130 133 135 143 147 151 156 160 163 165 172 181 189 197 202 209 210 211 215 224 226 232 238 244 249 252 261 266 269 272 280 286 295 301 303 310 313 322 327 329 337 346 352 355 358 365 371
6 12 19 20 24 33 38 42 47 55 64 70 79 81 87 95 98 103
9 11 12 21 30 31 34 39 40 44 48 57 63 72 77 78 86 89 94 99 106 110 111 114 117 125 128 135 143 148 150 159 161 165 168 171 175 184 185 191 197 202 206 207 216 223 226 231 234 236 239 240 243 248 249 258 263 264 267 273 275 284 289 292 300 307 312 318 324 325 328 333 338 346 349 353 362 364 366 374 381 385 389 393 401 409 412 421 422 427 432 440 442 444 447 449 451 455 457 465 472 475 477 483 492 499 506 512 519 520 528 529 534 535 543 545 548 551 559 563 567 570
1 2 9 15 22 30 31 34 35 38 40 45 50 51 60 61 65 66 74 78 84 87 94 98 105 112 120 129 136 138 142 149 158 163 165 166 167 169 172 180 181 186 190 198 207 214 218 224 225 233 235 244 249 252 258 264 273 278 280 288 292 299 306 313 321 325 327 334 339 343 352 355 364 367 368 374 377 383 386 389 394 397 401 404 408 412 420 424 431 434 435 438 442 448 456 459 468 469 472 473 477 486 487 491 494 495 496 503 505 508 509 517 526 535 540 544 551 553 561 565 568 574 581 587 595 597 604
9 10 12 14 17 25 26 30 31 34 35 39 48 49 57 61 69 73 74 75 77 78 82 84 89 93 98 106 110 111 113 115 118 119 121 129 130 132 133 135 143 145 150 156
3 9 18 20 27 35 42 46 52 55 56 63 66 75 80 86 92 94 100 105 112 119 126 135 139 144 147 153 159 160 164 170 171 174 180 183 185 188 197 206 210 218 219 221 222 229 231 240 241 248 253 261 267 273 281 287 288 297 298 301 308 311 319 325 334 335 336 344 349 356 360 364 372 379 382 383 392 398 403 406 407 414 419 424 425 428 429
3 10 18 20 29 35 44 52 57 62 68 75 83 92 93 97 106 108 111 112 115 122 123 131 136 137 145 147 150 156 158 167 169 174 181 189 192 196 200 204 210 219 225 228 230 233 239 240 249 251 255 256 262 271 278 285 291 298 305 308 311 320 329 335 339 347 355 363 368 375 383 384 386 393 394 398 405 411 420 425 430 436 444 449 453 461 462 470 474 477 481 489 495 498 500 509 517 525 526 532 533 537 540 549 551 559 567 572 577 579 585
2 5 7 12 21 23 29 32 39 46 54 61 64 67 69 71 80 85 92 97 102 109 118 126 131 137 145 151 156 165 167 176 179 181 188 194 197 200 204 208 209 214 215 221 223 232 238 244 248 250 252 253 257 262 271 272 278 283 285 294 303 307 311 317 326 330 333 339 345 348 349 357 366 367 369 373 381 387 395 398 400 405 413 416 417 418 423 431 437 445 446 448 457 462 467 469 470 477 480 484 485 488 489 492 501 505 513 516 519 520 525 533 536 538 539 541 549 551 557 565 574 580 581 582 583 586 594 595 604 610 617 621 624 627 632 634 639 648 651 660 669 675 678 686 689 697 706
3 6 10 17 20 27 34
5 7 14 18 23 30 34 42 50 52 53 57 66 74 77 83 88 93 102 105 112 114 117 122 123 131 137 142 144 153 160 167 172 176 181 183 192 200 208 212 219 227 230 235 237 242 244 250 252 260 262 264 266 275 279 280 286 290 292 296 305 313 315 322 324 325 329 338 340 348 355 357 358 365 374 379 387 393 400 402 403 407
2 7 13 16 20 21 22 25 34 39 46 51 60 68 72 79 86 95 103 112 118 127 128 132 138 140 141 150 156 159 165 174 175 178 183 189 197
8 16 20 23 29 33 39 41 49 56 64 71 78 86 95 101 106 107 111 117 126 130 132 141 142 144 145 150 159 161 169 170 177 185 187 188 197 202 209 218 226
6 13 16 19 21 27 31 35 41 42 49 54 56 62 64 65 70 73 74 78 80 83 89 93 98 104 111 120 122 131 139 145 148 152 156 162 167 173 180 182 184 193 195 200 201 210 216 221 227 230 231 232 235 242 251 258 259 263 264 270 275 278 282 286 293 302 308 313 316 325 331 335 339 342 351 352 358 364 370 372 373 380 387 392 396 397 401 409 418 419 422 427 436 441 444 451 455 457 459 461 468 477 483 490 491 500 504 507 514 519 520 527 530 532 537 539 547 555 559 562 569 578 585 589 592 595 597 604 612 620 626 631 635 637 639 647 656 665 668 669 672 674 683 686 693 699 708 712 715 719 720 728 729 730 739 743 749 755 762 764 769 775 784 792 796 803 810 811 819 827
6 15 21 25 29 31 40 47 48 55 58 60 65 66 71 73 80 85 90 96 97 98 100 108 110 117 120 124 130 135 139 146 149 150 155 164 173 182 186 189 191 196 200 207 211 220 223 224 228 233 235 241 242 243 247 252 257 266 270 278 287 295 298 299 301 309 315 317 319 324 326 330 333 337 340 344 353 360 362 370 379 380 388 397 399 400 401 409 416 423 425 427 436 443 447 455 463 471 472 473 476 479 481 487 494
5 10 19 21 28 34 43 50 54 57 62 70 77 81 82 86 87 93 102 104 111 115 124 125 132 135 140 142 151 155 158 163 171 173 182 185 190 195 196 201 208 215 217 226 228 232 240 246 249 256 263 267 275 280 289 292 301 305 313 320 328 329 331 337 344 348 352 361 366 367 368 369 371 373 376 382 385 393 397 402 411 415 422 429 436 444 446 449 452 455 460 464 468 474 479 484 488 496 500 504 512 517 522 523 524 530 537 546 550 557 563 564 566 572 577 579 585 590 598 606 615 621 627 634 640 647 652 656 659 666 673 677 681 686 693 702 706 715 722 729 732 740 743 746 753 761 766 770 778 786 787
9 10 17 18 24 31 39 45 54 62 65 67 68 75 83 89 90 93 96 104 109 112 119 127 131 140 146 149 156 165 167 172 180 181 188 196 201 209 210 216 218 222 228 229 234 238 241 248 254 258 265 266 274 277 284 292 298 303 304 310 311 320 324 328 331 333 339 343 351 352 353 361 368 369 373 377 382 383 386 388 396 401 405 409 415 419 421 424
1 10 13 14 16 20 29 30 35 44 50 51 56 61 62 70 76 84 86 93 95 101 102 107 109 111 113 114 121 122 125 132 141 148 150 158 160 165 166 175 177 180 189 196 203 204 208 209 217 223 228 237 243 251 254 258 259 261 262 271 272 278 283 291 294 297 302 308 310 319 326 329 337 340 343 344 346 348 351 354 359 365 367 371 373 377 386 388 389 393 402 411 415 422 427 432 439 440 442 449 453 462 467 470 474 476 483 485 487 490 499 508 516 523 530 539 540 544 549 557 566 574 583 590 595 600 609 616 625 634 643 645 646 647 649 658 659 664 668 669 674 680 685 688 693 695 696 701 710 712 714 719 722 726 728 737 745 753 757 765 771 773 780 789 795 798 802 805
1 4 13 15 22 31 32 33 39
9 17 21 27 30 33 34 35 36 42 47 56 61 62 64 71 72 79 85 87 96 105 106 113 116 125 130 137 146 155 163 170 172 174 179 187 194 201 205 208 212 220 223 225 232 238 239 246 248 257 260 261 264 269 273 277 279 285 293
7 13 14 23 28 36 42 51 57 58 62 70 72 76 80 83 91 95 101 102 111 119 125 129 132 137 146 147 155 163 167 174 182 188 192 198 200 208 212 215 222 225 233 234 241 243 248 251 254 262 267 270 275 279 282 286 290 294 302 303 311 315 320 321 325 327 332 334 335 343 346 350 359 364 373 377 380 384 393 402 405 414 415 417 425 434 439 440 443 445 451 456 457 463 465 474 481 486 487 489 494 496 504 508 513 521 525 533 541 542 550 551
3 11 17 21 22 23 30 31 38 42 50 53 59 67 70 71 80 85 87
4 5 8 10 17 21 29 37 39 47 55 59 68 75 84 93 102 105 107 108 112 120 125 132 140 147 152 156 158 167 169 174 179 182 187 189 196 205 213 215 219 220 228 231 232 233 242 246 251 259 262 264 269 276 280 282 284 290 297 301 306 311 316 323 328 329 336 341 342 349 352 358 359 364 365 369 378 385 389 391 394 397 405 412 415 422 427 429 433 438 441 442 447 453 457 466 470 477 478 482 484 493 498 504 513 520 522 524 527 532 537 540 545 550 557 558 567 570 574 578 580 583 591 593 598 602 610 614 622 625 634 639 646 652 653 658 661 664 668 671 679 687 688 692 699 708 713 721 727 732 733 742 749 751 757 764 768 776 777 779 786 792 794 801 804 806 811 817 825 834 842 849 858 866
9 14 15 20 23 24 25 31 35 39 40 48 52 59 61 65 69 72 75 78 87 91 94 97 106 113 120 128 131 132 139 147 152 154 160 168 170 174 177 179 186 194 201 210 215 218 219 225 234 239 242 248 250 255 258 262 269 271 274 279 283 291 298 307 312 315 319 320 322 329 334 339 345 350 354 363 368 371 373 379 386 393 395 400 404 407 416 424 425 434 443 452 458 466 469 470 471 479 484 490 493 497 501
8 13 18 24 33 35 41 44 47 52 56 62 69 73 74 80 86 92 97 104 113 117 121 129 133 139 147 155 156 163 165 169 173 174 178 185 186 191 196 198 202 204 211 218 226 232 240 246 249 252 256 262 267 268 277 279 288 291 298 307 309 314 315 320 324 331 335 343 344 349 350 353 356 358 360 364 373 378 382 383 390 391 398 399 407 409 413 417 426 435 436 438 439 446 453 455 459 461 470 475 477 482 489 490 494 497 498 507 508 515 524 531 538 544 550 554 556
4 8 14 16 21 24 33 37 38 40 48 50 54 56 61 63 65 69 73 74 77 83 92 95 101 109 111 119 128 132 135 144 145 154 163 171 176 185 187 191 193 197 201 202 208 215 220 227 232 237 244 245 253 257 260 265 269 270 279 288 290 291 298 300 301 302 305 311 312 321 327 335 336 344 349 357 365 366 371 378 382 391 395 404 413 417 426 428 436 438 443 447 456 459 466 469 478 482 487 493 494 500 508 509 510 513 521 526 534 541 545 549 551 552 561 566 575 581 589 593 599 608 616 623 628 630 637 638 640 645 646 653 662 670 677 684 689 692 700 706 707 708 712 720 729 734 742 745 750 755 760 767 770 779 781
3 9 15 21 28 36 38 42 43 52 55 57 60 63 68 77 81 82 89 91 94 97 106 110 118 121 125 128 129 135 139 143 152 155 164 166 173 179 183 188 192 197 205 206 215 216 222 230 237 240 245 253 262 269 272 274 278 283 286 290 296 300 301 305 306 308 317 321 327 336 341 344 351 356 365 369 371 377
6 15 21 30 31 36 39 43 48 57 59 64 68 77 86 94 100 103 111 117 119 124 126 128 132 139 146 153 159 162 170 178 181 190 196 200 202 207 215 224 227 230 236 237 245 249 250 257 258 264 269 274 276 284 285 286 292 300 309 312 317 321 325 333 341 348 356 360 368 373 381 388 394 395 396 402 406 410 418 420 428 433 436 445 448 454 460 462 468 475 480 483 488 496 503 505 506 512 515 523 527 534
6 9 17 19 20 29 35 36 44 53 54 63 68 77 79 84 90 96 101 108 115 123 128 133 140 146 147 152 156 161 162 165 170 179 184 186 187 188 195 201 203 209 217 222 228 233 239 240 249 251 256 261 262 270 276 277 282 284 289 296 297 306 309 312 321 323 331 337 344 352 353 354 360 366 374 379 380 381 385 392 396 405 409 416 423 427 431 437 439 447 449 453 454 461 465 472 481 483 491 497 502 509 511 515 519 522 531 539 542 543 552 558 564 572 576 585 589 596 597 600 609 615 622 627 630 634 637 646 652 661 667 675 677 678 682 688 693 694 699 705 709 712 716 717 726 727 736 742 744 751 753 759 768 777 780 782 784 785 789 796 805 811 818 824 830 839 843 844 849 854 862 867 868 873 876 877
7 16 20 23 24 26 33 40 42 45 52 60 67 69 75 81 84 91 97 103 112 117 120 129 134 137 143 148 153 158 163 165 169 170 171 178 182 187 191 196 203 206 211 214 215 220 225 230 231 233 235 242 245 254 256 265 273 278 280 287 295 296 303 305 308 314 320 324 330 338 339 346 355 360 361 362 369 375 380 388 394 395 398 399 401 409 415 416 418 424 433 438 445 446 449 457 460 469 472 475 476 485 492 495 496 498 503 507 512 519 526 529 534 542 543 547 555 558 559 568 575 582 589 597 601
4 10 17 24 33 42 47 53 59 60 64 67 71 76 84 90 97 106 108 109 113 120 129 131 135 140 146 152 155 157 162 169 171 172 173 177 181 190 194 203 205 209 214 221 222 228 232 233 242 251 252 255 260 267 275 281 288 296 299 306 313 322 324 330 334 337 343 346 350 352 361 367 372 377 379 384 391 394 396 404 406 415 424 431 437 444 451 459 461 470 476 478 487 494 497 504 512 515 516 523 530 535 538 541 549 553 555 558 561 566 574 577 585 594 603 606 607 613 616 624 633 641 645 651 656 661 668 677 678
4 13 17 23 25 33 35 44 47 51 56 63 68 76 80 83 84 93 102 110 112 117 119 125 131 137 145 152 161 168 173 178 180 181 183 184 191 195 203 208 209 218 223 230 233 235 242 248 254 258 260 266 272 278 286 290 295 296 302 308 312 317 319 328 331 334 335 339 340 347 353 356 364 368 369 373 377 385 392 397 398 399 402 411 413 419 427 429 433 435 439 445 450 457 462 465 474 475 481 490 499 505 511 512 518 519 527 535 543 550 559 564 566 574 582 588 594 597 598 601 608 611 612 613 618 623 631 637 646 655 658 663 669 676 679 683 685 688 695 701 704 712 718 727 730 739 744 749 751 756 763 766 774 780 786 793 797 799 805 814 817 826 833 838 842 849 854 863 864 869 875 879 888 890 897 902 910 917 925 929 936 938 942 943 951 956 959 966 967 972 976 980 982 983 990 995 998
2 6 9 11 18 23 26 29 38 43 49 51 60 69 76 81 86 91 93 101 108 110 111 115 122 128 136 143 145 146 150 153 162 163 169 174 182 183 188 192 197 205 213 218 222 224 229 234 238 243 249 250 258 266 273 280 281 290 299 300 302 307 308 317
7 16 24 33 34 35 44 52 61 69 73 80 81 86 95 98 102 103 111 113 114 116 122 129 132 134 139 145 146 154 159 163 172 178 179 182 183 191 199 207 216 225 231 234 238 240 243 251 258 266 275 277 282 289 298 305 313 314 318 325 334 336 340 345 348 351 355 360 363 372 381 386 388 389 390 396 404 406 412 416 420 425 429 437 443 444 445 453 457 458 465 468
9 12 20 24 27 28 37 42 50 57 65 66 68 77 85 94 99 102 111 114 115 122 124 132 137 140 143 151 152 154 163 169 172 175 178 187 188 191 200 204 211 217 220 225 230 235 241 243 246 251 258 263 268 269 271 273 281 289 295 303 306 310 314 322 325 332 336 343 352 356 362 368 372 378 384 385 389 395 396 397 403 411 416 420 427 436 445 449 450 458 465 474 476 481 486 487 496 500 501 502 505 511 519 521 529 536 545 549 551 554 559 564 573 574 579 582 588 593 594 603 604 605 608 610 616 618 624 628 636 641 649 652 654 662 668 675 679 683 690 695 698 707 714 721 722 728 731 736 745 747 755 761 769 772 780 789 793 801 804 807 809 816 825 831 838 843 846 854 857 860 863 870 872 873 874 875 884 890 894 898 905 914 917
9 10 11 16 19 27 34 42 51 55 61 63 64 72 81 83 88 96 98 102 111 120 125 129 130 133 138 139 142 149 158 167 175 184 190 191 197 199 208 211 220 221 229 230 239 248 255 262 268 277 278 281 290 296 304 309 318 325 328 333 339 341 345 351 357 365 371 374 380 382 388 395 398 400 408 411 417 424 433 436 438 442 451 457 462 466 467 471 480 483 489 498 500 501 505 508 512 515 521 524 529 532 541 545 547 551 553 560 569 571 576
1 5 13 20 23 25 28 37 46 48 50 56 63 65 74 81 87 96 105 107 111 118 122 124 125 130 137 146 152
5 6 13 16 20 23 29 30 34 37 43 44 45 50 54 59 67 72 77 79 85 93 94 102 106 110 111 116 119 120 126 134 142 146 151 156 158 161 169 176 178 184 187 194 202 208 216 221 229 235 241 247 253 259 262 269 271 280 282 291 292 297 300 302 306 307 312 318 326 329 337 344 350 356 358 364 371 378 387 394 398 400 401 408 412 418 419 428 435 443 448 453 459 465 472 480 481 482 489 495 504 508 510 517 519 524 532 538 539 545 548 554 563 571 572 577 585 593 600 609 613 620 629 633 635 642 648 656 660 668 675 676 683 691 697 699 701 708 712 714 715 718 720 723 725 734 736 740 743 744 746 748 749 757 759 766 769 773 780 785 788 795 803 808 811 818 821 822 826 830 832 833 836 840 844 848 856 863 871 877 882 891 894 896 903 911 913 921 922 931 937 938 940 945 946 948
8 11 12 20 29 31 35 44 49 52 60 68 72 74 82 84 91 97 103 107 110 118 120 127 129 132 137 140 148 150 158 159 162 170 174 176 183 192 193 201 206 214 222 226 228 236 238 244 253 262 271 272 275 279 283 291 294 300 308 317 320 329 334 338 341 343 351 357 361 364 366 374 382 384 391 392 398 400 405
6 8 15 17 25 34 43 48 53 57 64 65 74 81 90 98 102 107 113 115 120 125 133 140 143 150 153 161 167 175 184 189 190 197 205 211 215 223 225 227 228 234 236 244 246 251 255 263 264 268 269 270 274 282 291 297 301 309 317 325 329 336 342 350 355 364 372 373 375 376 385 387 388 395 396 397 398 399 403 406 409 418 419 421 430 436 440 447 454 458 467 474 478 480 482 487 494 498 506 507 513 515 524 531 534 542 543 549 550 556 565 571
5 13 20 21 27 29 34 39 43 46 54 62 69 71 77 79 81 88 94 95 102 107 116 124 125 127 132 140 143 145 152 160 163 169 178 183 188 195 196 203 210 219 224 231 239 244 247 250 258 259 261 267 269 270 279 281 282 286 291 299 307 315 320 326 335 342 346 353 354 358 359 366 373 377 384 385 392 396 399 400 401 404 411 415 424 429 435 442 446 451 455 464 465 473 478 483 488 489 498 502 507 509 517 525 530 534 535 537 543 551 557 560 567 573 581 584 590 591 593 601 606 612 619 626 631 633 642 649 651 660 665 667 674 683 684
4 12 15 22 24 25 28 29 33 34 43 47 52 58 66 74 80 87 95 99 107 108 112 113 118 122 128 137 141 144 146 152 153 155 162 171 178 187 194 200 208 213 221 223 232 240 247 249 253 256 263 267 269 271 280 286 288 292 295 299 306 307 313 314 322 325 326 327 336 338 343 350 351 359 361 367 373 378 386 391 400 405 414 420 421 426 431 436 437 442 443 446 450 452 458 461 470 478 485 493 501 508 516 523 527 534 537 540 542 549 558 567 570 576 582 590 597 599 601 605 606 614 622 631 633 636 644 653 659 667 672 679 684 688 694 702 711 715 720 721 724 733 737 743 751 753 758
4 8 14 17 26 32 40 42 46 50 52 54 55 63 69 75 80 87 96 99 107 108 111 117 122 130 136 144 151 158 159 161
6 8 10 13 22 24 26 29 35 38 41 42 48 49 53 59 64 73 75 79 85 88 89 90 99 103 107 108 113 120 128 134 141 150 155 156 158 160 166 167 169 178 184 187 196 205 212 214 219 227 235 237 239 247 251 260
5 12 16 25 32 35 44 49 50 57 60 68 75 78 84 85 91 92 99 104 112 114 116 120 126 134 139 147 154 156 162 166 175 181 185 189 195 198 203 207 210 216 218 219 228 230 234 235 243 250 251 256 265 272 275 282 287 295 301 308 314 322 325 332 333 337 340 347 355 360 368 373 376 379 386 390 395 398 405 406 407 415 422 426 429 438 444 453 460 469 475 481 487 488 495 502 511 519 522 531 540 543 551 556 563 568 577 586 594 600 603 604 612 615 620 623 629 631 636 639 646 652 660 669 678 687 694 695 696 705 713 715 724 728 737 741 750 754 761 762 771 777 783 787 793 800 803 812 815 818 826 833 842 846 850 854 856 857 865 868 875 880 881 883 889 896 904 905 906 910 911 919 923 930 937 941 950 959 965 969 971 976 982 990 995 1004 1011 1013 1022 1025 1028
6 9 15 17 18 23 26 33 37 43 49 56 64 72 74 83 92 96 99 105 112 121 126 133 142 149 150 154 159 160 169 175 181 185 186 188 191 197 205 207 211 214 219 220 229 233 234 240 241 248 253 262 268 273 277 284 285 289 297 300 305 308 310 312 314 320 327 330 335 338 347 354 358 366 367 369 377 386 387 395 397 399 403 407 411 414 422 426 435 444 449 452 459 462 471 476 481 489 498 503 504 506 510 514 523 526 527 533 540 549 555 561 567 571 573 577 578 587 592 593 602 608 610 615 621 627 629 638 645 654 660 661 665 666 668 677 678 686 690 692 701 705 710 714 715
2 9 12 20 26 29 37 41 46 47 54 62 70 72 73 80 89 93
4 11 14 22 26 33 35 37 40 49 50 56 64 70 76 84 93 96 98 106 110 115 123 129 133 135 140 143 152 153 157 161 168 174 177 181 188 194 197 206 207 214 217 225 233 238 243 247 248 253 260 268 276 284 289 291 294 298 303 311 312 313 320 327 333 338 346 352 354 360 365 368 374 383 390 391 393 395 404 408 412 414 416 425 426 430 431 438 443 447 456 465 470 479 483 491 492 498 505 506 512 514 520 522 530 538 540 541 546 550 555 563 571 580 586 594 595 603 605 608 616
8 15 19 20 22 28 33 37 40 41 43 45 54 61 67 69 76 80 87 88 92 94 102 106 113 118 120 123 129 136 139 144 148 154 160 163 166 174 175 178 182 191 193 201 206 215 224 230 235 243 252 258 264 265 272 277 282 290 295 302 307 309 312 315 323 332 339 347 352 360 368 373 376 379 388 390 391 395 401 409 417 423 429 433 437 440 449 455 456 465 470 472 479 485 491 494 503 511 514 517 520
7 14 21 27 31 40 46 53 58 65 67 75
4 6 15 20 24 33 41 46 50 51 59 60 64 72 79 81 82 83 92 95 97 103 105 110 113 115 122 123 124 128 135 144 147 152 157 166 169 171 180
9 11 12 18 21 23 25 26 31 39 48 49 55 60 61 65 69 76 79 86 88 94 97 103 107 111 115 124 128 132 137 142 147 153 158 160 167 171 172 180 183 189 190 199 208 211 219 224 227 229 232 235 239 244 247 248 255 257 261 263
5 7 15 19 27 31 36 37 45 49 52 53 55 62 71 79 87 89 97 98 107 110 117 119 121 127 131 133 137 143 148 150 153 155 164 166 169 176 182 187 195 199 207 215 219 225 227 236 241 249 256 265 274 279 287 296 300 306 308 310 315 320 325 329 334 340 348 353 357 366 373 377 384 390 396 401 409 413 414 416 424 425 429 437 444 446 451 456 460 461 462 463 471 474
4 5 9 11 20 29 38 47 53 57 64 65 71 79 80 89 97 98 107 115 119 128 129 138 145 153 159 164 165 170 177 184 185 188 194 198 204 213 220 229 230 234 237 245 249 251 258 266 269 278 280 281 289 296 300 306 313 316 317 320 326 327 330 337 341 344 347 355 358 364 368 369 370 374 376 378 380 383 384 391 397 401 404 411 420 421 422 426 433 439 440 448 456 460 465 474 481 488 491 496 500 501 502 504 507 515 523 531 537 543 551 553 554 559 562 569 576 580 589 595 596 597 606 612 621 628 634 638 644 651 652 661 667 676 682 688 695 697 699 702 711
7 13 17 24 31 37 40 47 54 60 65 68 75 79 82 87 94 100 109 118 124 129 137 140 141 150 158 166 172 180 189 195 204 209 214 223 228 235 241 242 246 251 260 266 271 277 280 289 298 305 314 316 319 324 328 334 343 345 351 357 359 366 374 377 383 389 395 403 410 412 417 426 432 433 437 445 451 452 456 460 469 475 479 487 490 493 498 501 506 513 515 521 529 531 538 545 546 551 557 563 565 572 573 581 585 594 598 599 604 606 608 614 617 620 621 629 633 639 645 648 650 657 659 666 670 679 681 689 695 702 711 717 722 728 734 743
1 6 10 19 21 26
7 14 16 21 29 30 36 44 46 48 49 56 62 66 68 72 77 81 87 89 91 92 93 97 106 112 119 123 130 136 145 153 156 164 166 175 180 182 185 188 193 200 209 211 216 225 229 238 240 243 248 250 251 256 258 262 271 278 285 286 293 301 310 316 325 327 330 335 341 342 351 360 365 374 381 389 396 400 406 407 409 410 412 414 420 421 430 432 441 442 443 445 452 454 460 461 469 470 474 475 478 479 481 482 487 489 491 498 507 516 519 525 534 536 538 541 550 553 562 569 576 583 586 594 600 605 608 609 611 615 621 628 636 637 644 649 655 661 670 679 681 685 693 695 698 704 708 717 720 727 731 736 743 752 761 767 773 774 779 780 785 791 794 796 799 802 805 808 814 817 826 830 838 843 847 850 854 855 861 863 864 870 876 884 888 892 893 897 906 915 916 919 924 925 932 934
6 14 16 24 30 36 40 42 45 49 57 66 73 80 87 93 99 103 109 112 114 121 124 130 132 135 137 138 139 144 145 152 153 161 169 170 174 183 186 193 200 204 205 210 212 220 227 228 231 235 240 242 248 250 255 261 270 272 275 283 292 301 303 312 313 322 330 338 345 350 358 361 367 372 379 388 394 395 403 407 415 418 423 426 429 438 441 444 448 457 465 471 472 481 484 490 498 506 509 517 522 531 532 535 544 551 552 558 559 564 571 578 585 594 598 604 608 617 623 629 631 636 645 648 655 660 661 670 674 675 679 682 683 687
9 11 15 16 21 23 26 34 35 38 41 49 53 60 69 78 82 91 100 105 109 117 118 120 128 136 142 149 156 165 166 170 172 178 179 186 195 202 209 217 219 225 231 233 242 243 251 252 257 262 269 273 274 279 283 288 294 301 309 310 319 325 329 334 343 345 351 354 356 365 366 372 373 374 380 382 383 387 396 402 408 411 420 429 437 439 441 450 453 454 456 462 471 478 486 491 496 504 510 512 519 526 530 536 545 550 553 562 566 568 574 582 587 596 600 604 606 614 620 625 631 638 645 647 651 654 657 661 664 670 672 677 679 681 689 691 700 703 712 713 716 719 726 733 735 737 746 748 757 766 767 770 777 779 783 788 796 800 803 807 812 813
4 10 12 14 17 25 34 39 45 49 58 60 69 73 78 85 90 99 106 115 120 123 128 130 133 142 145 152 159 168 172 174 178 182 184 191 196 202 209 217 221 229 236 244 251 257 265 272 279 281 286 295 300 307 309 315
3 8 9 13 15 20 29 30 32 33 37 46 48 55 63 72 77 84 86 92 93 97 101 102 103 109 116 124 128 136 141 148 153 155 161 166 172 181 190 193 199 202 208 215 216 220 223 225 227 229 231 234 242 245 250 259 260 268 269 274 282 291 292 297 302 310 318 324 331 338 346 350 358 366 372 375 380 384 387 391 397 406 412 415 418 420 429 434 437 446 454 460 463 472 477 485 492 499 501 505 506 508 513 519 521 529 534 539 541 542 548 553 555 558 561 565 571 580 585 593 602 609 612 617 626 631 636 644 645 646 649 657 662 663 669 671 672 677 681 686 694 695 697 704 710 714 716 720 723 728 736 744 749 754 759 760 768 777
5 12 16 20 27 28 36 38 45 49 53 59 65 67 69 76 79 83 86 92 99 104 111 118 120 124 133 136 139 148 149 153 156 163 167 174 176 181 188 195 203 210 215 223 230 233 242 247 252 256 260 261 267 275 281 290 297 299 302 304 310 311 317 326 335 337 343 348 353 356 357 365 366
6 13 20 23 31 40 42 50 57 64 67 76 80 82 83 87 91 97 104 106 109 112 115 120 124 133 136 137 146 155 162 163 165 170 172 177 180 188 191 198 205 207 209 210 211 219 222 229 231 234 237 240 242 243 250 251 255 256 257 260 264 267 269 275 276 278 280 284 290 295 303 307 316 320 329 334 337 339 345 348 355 358 361 363 365 367 374 383
6 9 11 14 16 24 26 29 36 39 45 50 56 64 67 72 80 88 96 99 100 106 115 121 127 129 134 135 143 144 145 148 151 152 155 158 165 166 171 175 182 186 191 195 203 210 213 218 219 223 226 229 233 241 250 258 265 273 282 289 294 295 298 300 301 308 310 315 321 329 338 344 349 356 357 362 368 376 379 380 387 389 392 393 396 401 407 409 411 414 419 426 428 433 441 447 449 450 459 463 464 468 473 481 486 495 504 511 520 522 524 526 532 538 543 548 555 556 565 568 577 579 586 592 598 599 608 612 617 625 634 639 646 649 656 658 665 666 674 678 684 686 691 698 699 704 709 712 719 722 730 737 738 746 752 760 767 772 775 779 786 794 795 800 804 813 814
3 7 9 10 15 18 22 27 31 40 44 52 56 62 63 67 70 72 75 76 84 87 93 98 102 109 114 119 122 125 131 137 142 144 153 161 166 171 175 177 181 186 190 196 200 209 217 222 226 235 236 244 252 260 262 269 274 283 288 289 292 298 304 309 315 321 327 330 334 338 343 352 353 354 358 363 367 375 383 386 389 398 402 410 412 413 414 421 430 437 444 451 454 455 457 458 461 469 474 480 487 496 498 503 508 510 517 520 524 533 541 546 548 549 552 559 563 569 570 576 580 589 598 600 605 607 608 615 617 620 623 632 633 636 645 648 652 661 670 673 676 684 686 693 701 707 711 717 725 729 737 738 742 751 755 758 762 766 774 778 784 787 793 797 804 807 814 821 829 835 844 847 849 853 860 865 868 873 881 884 890 897 904 905
7 9 15 23 29 30 39 40 49 51 55 61 67 76 85 87 96 105 110 113 115 118 119 126 135 142 148 154 157 159 167 175 183 192 195 201 208 210 219 222 231 238 245 247 252 254 263 267 273 276 283 286 293 296 301 303 304 311 315 321 322 328 329 338 345 349 350 354 358 359 362 365 369 376 385 387 390 395 404 408 416 425 432 439 444 451 454 461 469 473 477 479 488 493 500 509 515 517 521 523 524 533 538 542 546 551 557 564 571 572 574 577 580 588 595 600 601 604 607 616 621 624 626 633 642 651 653 659 661 668 671
3 9 18 19 25 26 35 42 47 53 57 62 64 65 69 78 86 90 96 105 108 113 118 127 132 136 140 145 150 157 162 168 177 186 192
3 5 14 21 29 38 42 50 53 54 63 65 72 81 87 88 93 99 103 111 113 114 118 126 129 138 146 152 159 161 164 165 167 171 180 183 186 189 191 199 201 205 206 212 221 228 236 238 243 251 252 253 255 257 265 272 280 282 287 291 299 308 314 317 323 330 335 338 340 345 354 358 359 363 367 372 375 378 382 389 394 395 397 400 402 409 418 420 426 434
6 15 23 32 35 39 45 54 58 63 69 70 76 81 86 87 95 98 103 112 119 123 132 134 138 143 148 155 164 172 181 187 188 193 197 204 205 208 210 215 217 224 231 232 240 248 256 258 263 265 271 278 280 281 285 294 303 311 313 318 325 328 334 340 341 347 352 359 362 364 373 380 384 391 399 402 403 412 420 427 435 442 451 455 457 463 469
7 12 14 23 28 37 46 48 56 57 61 63 64 66 67 74 76 84 90 93 95 100 101 104 112 115 120 127 130 134 136 144 147 152 158 164 172 181 188 195 203 211 216 217 223 226 235 240 249 250 251 258 264 266 273 276 282 288 297 299 305 309 317 319 326 334 337 345 347 348 349 350 354 356 365 373 379 383 384 390 398 402 408 413 416 420 421 424 430 438 442 443 449 450 452 456 457 465 471 476 478 480 489 497 503
8 15 20 29 37 42 43 44 50 55 60 68 77
9 14 21 27 30 33 39 42 48 53 54 57 66 71 74 81 89 97 98 104 113 121 130 139 148 149 155 162 163 172 175 182 189 192 199 207 210 219 228 233 234 239 244 249 252 258 262 267 269 271 275 283 289 294 295 298 302 306 314 323 324 327 336 338 346 350 351 358 359 361 369 376 384 389 396 397 400 406 415 424 431 437 443 447 452 457 463 471 473 477 481 488 495 500 505 510 511 519 521 523 528 529 532 538 544 548 550 557 559 562 563 567 570 579 587 593 601 605 612 621 629 634 635 637 645 652 661 663 671 676 684 687 690 696 697 704 705 712 717 723 730 733 741 743 749 753 762 771 779 780
8 11 12 16 17 18 20 26 34 36 45 50 59 64 67 71 74 75 84 86 89 94 98 106 107 112 121 130 139 144 147 153 156 165 173 174 183 185 191 197 203 207 212 220 224 231 235 244 245 246 250 251 257 259 268 271 272 274 275 282 289 292 300 309 316 322 327 330 337 341 346 352 354 358 364 371 380 388 397 400 406 407 409 415 421 429 435 437 444 451 459 460 464 470 473 482 488 496 503 509 518 519 525 532 538 540 546 551 554 563 572 574 577 579 584 588 596 601 607 609 613 618 624 627 635 641 643 645 649 658 661 666 670 674 680 684 691 698 701 705 706 714 719
5 11 15 23 26 30 33 39 48 52 58 59 67 71 79 87 93 99 103 104 108 109 115 118 127 134 138 139 146 153 158 165 172 173 176 178 181 182 184 188 192 200 206 208 215 223 226 231 235 238 244 245 250 253 255 261 268 275 277 284 290 296 305 313 314 321 327 331 336 337 345 354
8 16 19 25 32 37 44 53 59 61 69 73 82 91 100 101 109 115 116 121 125 127 131 137 145 154 159 161 163 166 168 169 178 186 193 198 201 202 203 212 220 227 231 240 247 255 263 269 275 282 284 286 294 301 306 307 313 319 322 326 331 333 334 337 342 350 356 363 368 377 379 381 385 388 390 398 400 409 415 421 423 424 431 434 437 442 450 456 462 463 468 477 485 490 497 500 501 504 513 521 525 534 542 547 554 558 565 570 571 574 575 583 590 599 607
3 11 14 23 24 28
3 9 10 14 19 26 34 35 44 45 51 59 60 65 70 72 76 78 84 85 91 96 98 105 108 111 116 117 125 129 130 139 143 146 152 156 164 171 180 185 188 196 203 207 212 221 224 225 233 240 249 252 259 267 271 277 286 292 293 295 300 303 307 310 315 322 330 339 347 353 361 362 367 373 376 383 392 395 403 411 414 418 419 425 431 436 441 445 447 454 456 461 465 469 475 477 484 492 494 503 507 513 517 523 524 529 538 543 545 548 557 558 563 565 569 572 580 589 596 601 605 612 621 628 634 635 638 640 642
5 13 20 26 27 35 42 47 56 62 65 73 78 86 90 99 105 110 112 116 120 126 135 139 146 155 157 161 168 177 182 184 189 194 200 207 208 210 213 214 222 226 230 231 234 239 246 252 261 265 273 281 286 288 292 298 304 313 316 321 326 332 338 340 344 352 356 365 369 375 379 380 385 391 393 397 402 408 411 413 416 425 432 441 450 451 454 456 465 474 478 483 489 496 504 510 518 523 525 526 528 530 535 541 547 553 554 560 566 568 577 584 586 593 595 598 603 606 612 614 622 627 633 639 640 647 651 652 661 667 674 682 687
2 4 12 13 16 22 23 31 38 41 50 53 62 70 73 82 90 91 97 105 113 117 118 126 132 134 138 140 142 148 150 158 166 172 181 188 196 202 206 209 214 218 227 233 241 246 253 257 264 267 276 281 286 291 297 298 301 308 310 317 324 333 336 337 344 345 349 352 358 365 367 374 380 386 394 399 406 412 416 418 427 428 435 436 445 447 456 463 469 478 482 488 493 496 497 505 506 510 514 520 528 529 537 541 543 544 545 550 552 555 563 567 568 570 578 581 585 591 600 609 615 622 629 635 637 644 651 655 656 662 667 675
4 5 14 19 21 22 30 31 32 40 49 50 54 57 64 71 77 78 81 84 85 88 93 100 101 106 107 111 118 123 131 140 141 145 151 159 160 164 168 175 178 183 188 194 195 202 208 214 221 225 234 236 244 250 251 258 266 268 269 270 278 283 292 293 302 305 312 321 330 331 333 340 343 351 352 360 369 374 377 386 388 394 399 407 416 424 430 435 443 447 454 458 459 463 469 478 487 491 496 501 507 509 512 514 517 520 528 537 542 549 552 557 562 565 573 576 585 590 599 608 615 624 631 635 638 644 645 649 653 657 661 669 671 676 682 688 693 701 706 710 715 721 726 730 739 747 753 759 761 766 775 782 784 789 796 799 805 807
3 9 16 23 25 33 39 42 48 57 65 72 73 80 83 89 93 94 98 100 108 110 115 122 129 138 145 153 154 158 163 170 173 181 190 197 205 207 212 213 215 219 225 234 238 241 242 249 254 255 257 264 272 279 282 285 288 290 292 293 302 303 304 308 312 315 317 320 328 333 336 342 351 360 367 374 383 388 397 401 404 405 413 421 422 426 429 434 438 441 447 454 463 471 474 475 476 484 486 495 501 509 510 518 522 529 530 533 542 546 551 553 562 568 573 574 582 586 593 600 603 604 606 607 611 619 625 631 636 642 646 652 654 660 664 672 676 684 692 694 695 704 711 717 718 720 726 729 732 735
7 9 18 26 27 36 43 46 52 53 54 62 64 66 70 77 78 81 82 86 90 93 102 106 111 117 120 128 131 134 142 144 145 147 153 154 162 169 177 185 188 196 203 207 209 213 219 227 235 239 243 249 252 257 260 268 273 276 282 291 298 304 313 321 325 331 339 345 351 359 362 363 365 374 379 386 389 396 403 408 416 422
1 9 18 26 31 36 44 47 52 60 64 66 67 75 78 80 81 88 89 93 96 102 106 114 116 119 128 131 132 141 144 146 155 164 169 176 183 188 192 196 201 207 209 213 215 223 230 231 232 241 247 252 258 267 276 280 283 289 296 304 308 312 321 323 329 332 339 348 353 357 358 365 371 380 385 386 393 402 411 419 423 429 437 440 449 454 460 468 472 477 480 486 493 498 505 509 516 521 524 531 532 538 540 546 551 554 559 561 570 571 575 579 585 588 594 598
9 10 16 18 24 33 34 35 36 45 51 58
8 11 15 16 20 23 32 41 49 55 57 60 65 67 76 85 88 95 102 104 108 113 117 125 134 138 141 149 153 158 167 169 174 179 180 188 189 190 191 198 204 207 216 222 225 227 233 238
7 11 19 28 29 36
5 7 12 13 16 23 26 35 43 50 56 61 67 72 78 80 87 90 93 101 107 112 116 120 121 128 133 135 143 144 153 162 170 174 175 177 180 184 190 194 200 203 205 209 216 225 228 235 240 245 247 255 256 257 262 271 275 278 286 287 294 299 308 309 316 318 320 321 323 332 333 338 341 350 353 356 360 363 366 368 372 379 384 387 391 399 404 413 419 424 432 433 440 442 446 454 461 468 471 475 479 480 488 494 497 503 505 512 515 520 524 528 534 541 546 553 556 560
6 8 11 14 18 24 27 34 38 47 53 61 68 76 84 85 90 93 101 107 115 119 128 133 140 143 144 148 154 158 159 160 166 171
8 13 16 24 26 31 34 38 47 48 56 62 64 68 71 75 79 83 90
7 15 23 24 31 38 44 47 49 50 59 67 72 77 79 85 89 95 98 101 104 105 112 119 128 133 139 148 155 160 169 173 182 189 196 204 213 222 227 231 234 242 243 245 252 256 260 263 265 271 277 286 288 292 296 300 301 304 306 312 320 325 331 336 340 343 345 349 356 361 368 372 377 379 380 384 391 397 402 411 418 420 421 430 439 445 449 453 461 466 472 478 481 485 486 495 496 502 508 509 511 514 519 523 527 532 536 541 546 548 556 560 567 570 574 578 584 593 596 601 603 611
1 10 13 15 21 29 35 41 46 48 54 55 63 68 73 82 90 95 100 102 109 111 117 121 129 135 141 147 149 158 160 169 175 181 184 186
6 12 18 25 28 37 45 51 58 65 74 81 89 90 96 101 102 108 111 112 116 123 129 137 138 140 144 145 148 153 159 165 171 177 178 186 194 203 210 215 222 224 226 232 237 246 252 260 268 272 280 282 287
1 4 5 11 18 19 24 31 39 43 52 58 65 73 76 78 87 89 96 105 111 118 119 127 130 135 139 142 151 159 160 162 164 171 180 181 187 189 196 198 202 206 214 216 223 225 226 231 233 240 245 254 255 260 265 273 279 287 290 297 298 304 312 315 323 327 328 331 338 345 348 356 362 368 373 375 378 380 381 390 399 400 403 407 408 414 418 422 424 429 430 432 439 445 448 452 456 464 465 469 475 481 484 489 496
6 10 18 26 35 39 48 51 56 57 60 66 69 70 71 80 86 87 91 98 105 112 113 116 125 134 140 141 142 148 151 153 162 164 171 176 184 187 193 197 200 203 206 212 219 221 225 227 230 232 239 246 250 252 254 257 258 263 272 274 276 284 287 294 301 305 308 315 318 324 328 337 346 347 355 358 363 368 369 371 375 381 386 391 398 403 411 413 418 426 431 439 448 450 452 455 463 468 470 471 478 487 493 502 506 510 512 520 527 536 539 541 549 558 561 562 565 570 577 584 586 588 597 599 606 611 612 621 627 632 640 647 653
9 16 24 26 31 39 48 54 62 66 74 82 87 89 91 93 95 104 105 107 111 116 118 119 125 131 134 143 146 151 157
6 7 16 22 31 37 39 45 46 52 59 68 77 85 94 96 103 112 121 130 136 138 145 152 159 167
8 11 13 20 27 35 38 45 48 56 61 70 76 78 81 86 88 94 99 100 108 114 121 127 135 136 141 147 148 153 159 164 172 176 178 182 190 193 199 204 208 210 214 223 226 230 235 239 246 250 253 262 269 278 279 287 295 301 303 312 313 314 316 323 332 338 346 347 356 357 363 371 374 377 380 382 384 389 396 400 409 415 420 422 430 432 436 444 450 451 457 466 471 478 481 482 485 490 494 498 502 511 520 529 531 539 545 554 563 568 572 577 585 593 596 600 605 611 620 626 629 634 636 642 645 646 651 654 659 661 670 673 678 687 690 691 699 700 707 708 714 718 724 730 732 740 741 750 758 764 772 780 786 788 793 802 804 807 815 822 823 831 835 841 842 847 853 854 857 865 871 878 885 890 894 895 904 911 918 920 928 933 936 941 947 948 954 955 959 966 975 981 983 989 998 1003 1007 1013 1020
1 9 18 23 28 30 31 38 44 52 56 59 62 68 77 84 90 99 105 109 110 115 123 125 134 135 144 151 155 156 157 159 164 165 169 170 176 183 185 188 196 203 210 216 224 232 241 246 249 253 261 266 270 274 283 292 299 300 307 315 324 329 335 343 350 354 362 367 372 377 381 390 398 401 403 407 415 418 419 423 431 437 446 450 451 459 461 466 468 473 482 491 492 498 507 510 519 523 532 538 540 541 545 546 554 561 564 573 578 585 586
4 5 7 10 17 22 26 28 35 38 46 50 58 61 62 65 68 77 86 95 102 105 109 114 122 124 129 133 136 143 146 153 159 167 170 173 182 183 189 191 199 200 205 210 212 217 223 232 234 242 251 253 261 266 274 277 280 286 293 296 303 311 318 325 327 328 336 338 339 340 342 343 349 356 365 374 380 381 387 388 395 396 402 405 408 410 413 415 418 421 426 433 440 445 448 449 450 453 458 466 473 480 487 490 492 498 506 512 520 529 530 531 533 535 537 539 540 548 549 557 564 572 580 584 589 598 603 609 610 612 617 621 629 634 635 636 645 651 659 665 670 676
7 12 21 23 31 35 36 41 45 52 58 64 73 82 83 87 89 92 98 106 113 115 117 119 125 129 135 141 145 146 152 153 160 169 171 179 184 192 195 204 206 210 216 218 223 228 229 230 231 239 242 247 251 253 258 261 264 273 278 280 284 286 294 295 299 306 314 318 327 331 336 337 340 345 353 358 360 369 376 383 392 395 398 405 410 412 414 415 423
6 10 18 19 20 22 31 37 39 47 56 58 66 71 76 84 85 92 93 98 104 108 117 124 129 137 138 146 149 150 159 166 167 168 171 173 175 177 182 188 192 194 202 210 215 224 233 240 241 244 245 252 255 256 263 265 266 268 269 272 279 283 288 291 296 298 303 310 316 325 326 333 335 337 346 353 355 357 365 367 371 378 380 384 392 393 401 407 410 416 423 430 439 440 446 448 451 457 459 461 462 466 472 477 480 488 491 499 500 509 511 516 523 532 536 544 549 554 557 565 567 575 582 589 590 594 600 609 612 621 625 634
5 6 8 12 20 26 28 36 37 38 47 50 51 52 57 58 65 67 69 72 77 80 85 93 97 98 102 108 113 117 118 125 131 139 143 152 161 164 168 169 174 179 187 194 195 197 204 205 208 210 212 217 225 228 233 242 246 253 258 266 275 276 278 281 284 290 297 306 313 322 329 330 332 333 341 342 345 346
1 10 19 21 23 32 40 43 46 55 57 58 66 69 74 79 87 94 103 105 108 117 124 130 133 134 138 143 150 151 158 164 173 176 178 183 191 200 208 209 216 223 225
5 14 21 27 30 39 42 46 53 62 64 66 67 73 80 88 94 103 104 112 118 125 126 133 141 146 148 153 159 165 167 170 175 178 180 187 189 193 197 199 204 210 213 215 222 227 234 239 241 244 246 253 256 264 265 266 272 277 280 281 290 291 296 303 312 313 321 328 337 346 348 355 359 364 365 372 379 383 386 394 401 409 417 421 428 434 438 441 448 454 456 462 466 475 478 480 486 491 497 500 509 510 514 520 526 529 530 537 546 552 556
4 5 13 20 25 31 36 44 53 58 59 68 72 77 85 88 90 94 96 102 104 107 113 119 123 129 137 146 151 159 162 171 177 182 190 195 196 198 205 213 215 216 222 228 237 242 248 253 262 267 276 284 286
2 5 9 10 16 24 27 32 34 41 48 49 53 56 58 61 67 69 72 73 76 84 91 100 107 108 113 114 119 127 129 132 133 139 143 151 159 167 168 174 182 189 196 198 203 206 211 217 226 229 230 233 240 241 246 250 258 267 273 278 283 292 298 300 305 310 312 318 326 328 332 340 349 356 359 364 367 376 378 380 387 388 394 398 403 408 414 422 427 435 441 444 449 451 454 463 464 472 481 482 484 488 491 497 500 508 510 519 525 534 541 542 548 556 561 562 570 574 579 583 589 594 602 610 611 615 618 619 623 627 629 634 640 649 654 655 664 668 674 676 684 687 688 692 695 701 708 714 721 725 730 736 740 744 753 755 762 764 770 779 785
3 7 11 14 22 23 26 27 29 35 43 47 53 58 66 69 73 77 80 89 94 103 104 108 115 124 133 138 143 148 151 158 160 163 172 178 184 186 187 188 197 202 203 205 206 210 217 221 227 233 242 249 258 260 261 266 273 276 281 286 295 298 307 309 316 325 330 335 341 346 353 357 365 368 375 377 381 389 397 402 405 410 412 414 415 422 428 435 442 451 459 463 472 480 483 484 492 494 502 509 512 517 520 525 526 531 533 541 542 549 557 562 569 576 577 582 586 593 596 597 605 608 616 625 634 642 647 649 656 657 665 671 673 682 685 690 691 698 706 710 719 723 731 732 738 739 748 753 759 767 773 775 783 789 794 798 804 811 817 826 835 841 850 857 861 865 872 876 883 889 892 900 902 903 909 918 927 930 932
6 8 12 21 25 28 34 37 40 45 48 56 64 67 73 79 81 89 97 106 115 116 118 127 128 136 145 154 155 162 166 172 176 183 184 189 198 205 210 217 223 231 238 245 251 253 256 260 265 274 280 288 296 300 304 308 313 320 324 332 336 343 351 355 363 366 371
8 17 23 27 35 43 51 54 61 68 76 77 86 93 97 103 109 118 126 131 133 141 147 150 158 166 174 183 187 192 193 195 203 210 218 221 222 227 229 235 239 244 252 259 266 267 274 280 285 289 292 294 300 302 306 309 313 319 328 330 339 345 350 359 363 371 380 387 390 391 400 406 409 416 425 431 440 446 452 461 469 471 477 478 484 493 501 509 513 516 525 529 530 532 541 544 549 557 565 572 576 581 587 593 600 607 608 617 621 623 624 629 636 643 652 660 669 670 671 676 681 684 691 697 703 707 715
8 9 16 17 25 32 37 41 43 51 56 64 73 74 81 86 95 101 109 116 118 119 121 124 132 138 140 144 152 158 167 172 173 181 182 188 194 202 204 205 208 210 212 213 218 225 228 237 240 242 246 249 254 262 263 271
6 9 16 18 21 29 34 38 47 50 51 58 63 67 69 76 85 89 94 96 102 108 117 119 121 127 128 129 134
5 7 9 16 19 21 30 33 36 39 41 47 48 52 55 64 70 79 81 84 92 93 95 102 111 114 121 125 128 132 139 148 150 153 160 166 168 172 173 176 185 189 198 200 206 212 213 217 219 222 231 239 241 246 251 256 262 271 278 283 286 292 294 299 306 312 314 319 325 328 335 340 348 357 365 374 381 386 391 394 401 410 416 422 431 433 439 441 447 456 458 464 465 467 469 476 484 490 495 496 503 510 511 515 520 526 527 533 536 543 551 559 566 574 581 582 590 599 604 609 615 620 624 628 631 634 640 649 656 660 668 677 683 691 695 699
6 9 13 21 29 32 39 45 47 56 61 62 64 66 72 77 86 94 103 110 112 113 117 124 127 132 139 142 143 149 156 159 164 168 173 176 177 182 185 193 199 205 206 215 218 226 232 234 240 249 252 253 259 262 267 270 271 279 284 290 293 297 305 308 313 320 325 328 331 339 345 354 362 371 372 375 384 389 393 395 399 404 410 414 420 423 429 437 438 447 451 458 466 475 482 487 492 494 502 506 507 513 520 523 525 529 535 541 542 543 551 552 559 564 571 574 577 581 587 589 591 595 598 603 606 607 608 610 615 622 628 637 645 646 654 657 665 672 679 688 696 697 706 707 712 721 730 739 743 748
5 8 9 10 17 19 20 25 32 40 48 53 56 65 73 74 82 83 89 95 100 106 107 116 122 129 136 137 142 147 150 156 160 166 172 175 184 191 192 198 207 215 222 224 231 235 239
7 15 20 27 28 32 40 49 54 62 67 71 72 75 82 86 95 103 111 119 124 129 138 142 143 151 154 158 160 164 171 179 185 189 194 197 199 208 212 219 228 236 243 245 254 258 262 263 266 270 276 283 288 297 300 309 313 317 324 331 338 345 352 358 364 371 373 380 387 392 395 396 399 405 406 415 424 431 438 442 444 453 462 471 480 485 492 497 504 505 514 519 525 529 538 547 554 561 563 571 573 579 586 595 598
5 12 16 24 28 30 36 37 39 48 51 59 64 72 77 83 88 93 96 98 105 110 112 114 119 126 131 137 145 150 158 162 169 175 177 181 187 194 195 199 203 206 215 217 223 224 229 236 240 248 250 255 257 258 267 275 279 282 290 296 298 307 311 312 316 323 332 333 334 338 345 348 355 364 371 377 385 389 392 401
3 12 19 23 30 32 38 39 45 52 61 69 73 80 86 89 95 99 108
1 2 7 9 16 24 32 33 42 44 50 51 57 61 64 66 72 78 86 94 101 110 118 125 133 140 145 148 156 160 167 176 185 192 196 199 207 213 215 219 228 235 241 247 250 257 263 271 276 285 291 300 308 310 314 318 324 329 333 336 340 345 352 357 362 364 373 378 387 391 398 401 409 412 420 423 428 429 430 431 433 437 441 447 454 459 464 471 475 478 486 491 492 501 504 513 519 526 532 539 546 550 551 556 558 559 560 567 572 573 575 584 589 595 598 603 605 610 619 620 621 623 629 638 646 647 655 663 670 674 683 691 696 704 710 713 720 722 727 732 738 739 748 753 761 770 771 772 773 778 787 794 799 806 807 812 813 820 823 828 835 840 843 849 854 857 863 868 872 875 881 885 891 899 908 917 923 924
8 15 18 25 33 41 50 52 54 61 70 76 83 91 93 102 107 115 117 125 130 139 147 153 160 167 175 179 186 188 192 197 204 211 219 220 222 223 226 229 230 231 234 240 243 251 260 265 266 272 280 281 290 298 307 315 320 324 332 335 341 349 354 358 360 364 373 379 385 394 400 401 408 416 422 427 433 438 447 452 457 465 472 474 479 484 486 494 502 508 515 521 529 534 536 542 545 551 557 559 562 563 566 574 577 583 587 589 598 603 607 610 614 621 627 631 632 636 639 647 651
6 9 14 22 29 32 38 42 50 56 60 61 64 70 75 84 89 92 94 103 109 115 116 124 133 137 143 152 159 167 174 183 184 188 194 201 206 209 211 215 221 226 230 237 238 246 249 251 255 258 266 268 271 280 289 294 303 308 311 316 323 329 338 346 351 356 359 362 369 371 373 380 387 390 396 402 404 407 414 420 428 430 435 441 449 456 461 462 468
9 17 26 31 40 47 51 57 59 66 74 81 85 88 91 92 100 106 109 113 114 115 117 122 126 133 137 143 147 155 164 165 174 175 177 181 190 194 202 209 215 224 231 237 241 247 248 250 256 263 269 276 283 286 289 293 298 307 316 321 327 336 337 339 343 346 350 352 356 357 359 366 372 381 390 394 395 402 408 411 416 418
7 8 9 17 23 25 33 38 41 50 56 65 66 71 73 74 75 82 89 98 100 109 115 121 122 124 129 138 143 149 157 163 172 181 190 194 203 209 216 220 227 230 232 240 246 249 253 262 269 278 286 295 302 311 315 320 329 338 342 351 359 362 363 368 371 380 389 396 405 407 414 415 419 421 423 429 438 441 446 450 452 460 467 476 484 491 493 501 509 518 519 521 529 530 537 545 554 561 568 569 571 577 585 589 596 601 604 606 614 620 622 623 627 628 637 642 644 653 655 657 666 675 681 687 691 693 699
6 11 18 25 26 29 33 36 43 52 55 57 63 69 74 81 86 88 92 99
7 12 20 27 32 38 42 46 55 62 65 68 70 73 78 85 87 88 90 99 102 105 112 120 122 123 132 136 143 152 155 159 168 171 174 175 182 189 196 199 207 211 218 225 231 237 242 247 248 252 257 264 266 270 275 276 282 285 290 297 303 310 316 322 326 332 340 347 348 352 359 363 372 374 382 390 399 407 413 420 425 429 434 438 439 445 449 452 459 460 462 463 468 472 478 484 490 492 499 508 509 517 519 525 533 538 539 542 550 556 558 564 570 577 582 584 590 593 599 607 614 620 626 632 640 643 649 657 666 673 674 683 689 691 696 703 706 708 717 723 730 732 740 745 748 756 764 767 772 773 777 781 788 796 804 807 812 817 823 831 839 840 841 850 856 860 862 863 868 871 874 875 876 885 887 888
4 5 11 20 24 30 39 40 43 44 45 53 61 69 75 81 88 90 94 103 108 117 124 133 141 144 149 152 159 167 176 180 181 183 184 185 189 197 203 209 217 220 226 231 238 241
6 9 16 21 29 32 36 38 46 50 57 64 73 75 78 81 85 86 90 92 96 102 111 114 115 121 128 130 136 144 148 152 156 163 171 173 179 181 185 191 196 199 205 208 214 220 222 225 234 238 244 252 257 258 262 263 265 272 277 278 282 291 293 294 301 309 310 314 320 323 324 326 329 331 332 341 344 348 349 351 355 356 362 363 371 372 378 382 388 389 396 402 405 414 419 424 431 432 439 447 451 452 460 462 465 467 470 477 483 486 495 497 504 508 510 519 521 528 537 544 547 552 555 559 560 567 571 575 578 583 584 586 589 595 599 603
8 11 16 20 27 33 34 40 42 50 55 60 67 72 76 80 83 92 96 101 110 113 121 126 135 140 145 146 152 160 168 177 178 185 192 201 209 216 225 227 233 238 242 249 255 264 266 274 282 285 287 290 294 303 304 310 318 320 328 331 337 346 352 357 364 367 372
1 10 14 22 30 34 36 40 49 55 61 65 66 67 73 75 76 82 84 87 93 101 105 108 117 122 125 126 134 138 141 145 150 156 159 167 173 176 185 193 199 203 210 212 216 225 231 236 240 243 251 257 258 261 270 273 282 285 286 293 295 298 303 307 315 319 323 329 337 338 347 352 361 369 373 380 385 388 393 401 405 406 408 416 423 428 430 433 442 448 451 456 464 472 475 479 485 492 494 496 502 503 512 520 526 531 534 537 538 545 550 558 562 566 568 573 575 584 586 587 589 591 596 604 605 606 611 617 626 633 634 639 641 649 658 666 667 676 681 687 689 690 695 704 707 712 720 729 735 740 741 747 756 760 765 768 770 774 782 783 786 792 793 796 803 805 810 814 823 831 832 835 844 849
9 10 18 21 23 31 34 35 38 46 49 50 56 62 70 75 76 85 90 91 99 106 112 121 127 129 138 144 149 154 158 160 168 169 177 183 188 192 197 198 199 202 203 209 213 216 223 224 230 239 245 248 252 261 265 270 274 282 286 295 301 310 316 320 327 328 333 342 349 351 359 362 369 376 379 382 390 397 405 409
7 16 25 26 28 34 39 40 47 54 59 68 69 77 81 84 85 87 93 97 100 105 113 114 115 116 118 123 131 135 141 147 151 153 158 160 167 170 171 178 187 195 197 198 204 209 212 215 220 226 233 234 238 239 240 243 249 254 256 260 262 267 271 278 284 289 291 294 301 309 311 320 323 332 339 342 344 346 349 357 364 369 378 385 387 391 399 400 402 408 413 419 423 424 427 435 441 445 451 453 457 466 471 480 481 482 486 491 492 496 500 502 507 513 521 530 538 542 551 553 562 567 569 576 584
3 11 13 16 25 30 35 38 41 43 48 52 59 66 70 79 86 93 96 104 112 115 118 126
5 12 14 15 16 25 32 34 41 47 50 59 65 69 78 83 91 95 99 108 117 124 133 140 146 155 161 169 176 178 183 187 192 196 201 202 203 212 213 217 222 227 236 245 246 253 259
6 11 17 26 32 40 41 43 50 52 53 62 63 66 71 78 80 81 89 98 100 104 112 118 121 130 137 144 153 154 160 162 164 165 168 172 179 188 190 198 202 209 217 222 225 226 232 238 242 246 252 260 265 272 277 283 292 301 306 309 317 323 332 337 339 342 345 349 351 355 356 358 361 367 369 370 375 384 388 390 392 401 405 408 412 414 419 424 425 433 438 444 452 460 462 471 477 482 484 487 495 499 501 504 507 515 519 520 521 522 531 540 544 549 550 552 555 560 565 570 574 576 577 586 587 589 593 597 599 606 615 619 626 628 634 641 649 652 661
4 10 12 17 19 25 32 41 44 47 52 59 60 67 76 81 83 85 91 96 99 101 107 114 123 125 134 137 140 142 150 154 158 159 166 169 170 174 176 177 184 192 194 200 202 206 210 216 219 220 227 231 240 246 252 256 264 270 272 275 280 284 287 294 301 302 308 310 311 312 319 327 334 335 338 341 344 352 357 365 369 372 377 382 387 396 400 403 407 411 412 417 418 421 429 431 432 437 441 442 449 452 455 457 462 466 475 477 478 485 489 491 492 498 505 509 512 517 518 522 523 532 539 540 542 545 546 554 556 562 564 573 575 584 591 596 603 605 614 619 625 626 630 635 639 641 645 653 662 671 675 677 678 679 684 685 690 691 698 702 709 718 726 735 743 747 750 755 756 758 761 766 772 777 784 786 787 796 805 812 819 824 831 838 845 848 849 851 858 859 867 869 870 875 877
7 8 17 25 30 38 44 53 55 56 62 69 77 81 89 97 98 106 113 117 118 124 130 137 140 144 149 158 162 166 170 174 178 185 191 192 193 196 201 210 218 223 229 237 244 250 252 257 259 263 264 269 277 281 284 288 295 300 303 304 306 307 316 322 327 328 337 339 342 343 344 349 353 357 360 368 374 380 388 393 394 395 404 411 418 426 434 439 447 448 456 461 466 470 476 482 487 491 492 495 501 507 514 519 526 535 543 545 547 553 562 565 573 580 588 596 598 605 607 616 622 624 625 626 633 636 638 643 649 656 663 666 668 673 681 685 688 690 696
3 12 13 19 21 23 29 37 46 54 59 65 67 71 78 85 90 91 100 104 108 114 115 120 128 133 137 144 148 151 154
3 7 11 13 22 29 36 42 51 53 55 56 60 68 69 73 74 77 80 84 86 91 92 94 96 100 102 105 111 113 115 123 129 134 140 148 152 157 164 172 173 178 180 183 192 194 195 203 208 211 218 220 226 230 239 245 250 256 264 265 273 274 279 282 283 286 293 302 311 313 321 330 335 338 341 349 356 362 370 371 374 383 385 390 392 399 405 407 410 411 416 421 423 430 433 435 437 441 443 448 453 456 461 464 472 475 476 483 488 497 498 500 509 510 515 517 526 534 540 548 557 562 570 577 580 584 588 591 599 600 605 613 621 625 628 629 630 634 640 643 647 656 661 666 667 671 676 682 685 688 692 698 703 704 711 716 719 724 732 736
4 6 10 11 14 22 24 33 40 48 49 55 58 61 68 69 76 83 86 94 101 105 109 110 114 117 119 126 129 131 134 139 141 148 155 159 165 171 172 179 184 188 193 197 198 201 206 207 211 218 221 227 234 238 240 242 246 252 256 263 265 268 274 282 291 292 301 308 317 320 324 331 332 341 345 346 352 354
9 16 19 26 29 31 39 43 46 54 60 62 65 72 73 79 88 91 93 97 106 115 123 131 137 140 147 153 158 159 160 164 169 176 182 185 194 196 198 202 210 216 217 224 226 233 235 244 246 247 249 251 254 259 260 261 267 274 278 287 294 296 301 302 305 307 308 317 326 330 335 343 345 351 352 358 362 363 364 365 368 373 374 379 380 382 385 391 393 400 407 416 425 428 433 437 446 454 455 457 461 466 472 480 486 490 499 505 508 513 520 522 525 526 531 533 539 544 548 556 563 570 576 583 589 592 598 607 613 622 630 638 641 644 647 653 654 656 664 672 676 680 682 688 689 697 704 707 713 720 726 731
3 5 12 15 19 24 29 34 38 45 47 51 59 67 74 78 82 88 91 93 99 105 106 110 118 126 129 134 139 145 153 154 161 168 170 174 182 185 189 197 200 204 208 212 215 219 225 234 241 242 250 252 253 256 260 266 275 277 284 291 293 295 298 302 304 305 311 315 323 328 329 334 336 338 339 345 353 360 365 368 369 374 382 384
1 4 5 9 10 19 27 36 40 45 53 59 63 67 69 78 81 82 84 89 95 103 110 116 122 129 135 141 144 148 151 152 153 162 169 171 176 180 186 187 195 198 205 213 214 221 223 229 231 237 245 247 253 259 264 270 276 277 280 284 289 290 292 295 298 304 305 306 308 314 323 331 340 345 350 359 360 361 363 365 373 374 382 388 392 397 404 406 412 420 423 431 436 437 444 452 455 457 463 471 477 479 480 487 491 494 500 502 505 506 512 513 519 522 527 532 535 536 545
7 8 14 20 25 28 37 38 41 45 49 56 61 69 70 72 73 79 82 88 93 101 104 108 112 116 117 120 128 133 140 142 148 155 156 158 162 165 170 173 175 181 190 191 194 195 197 200 207 214 218 227 233 238 245 252 259 268 270 278 287 296 301 306 310 313 321 323 324 331 333 335 343 348 354 362 367 375 383 387 388 392 401 409 415 424 427 432 434 441 445 446 451 460 465 472 475 482 489 490 495 502 510 511 515 519 525 528 533 538 542 551 552 554 557 562 570 577 579 588 593 602 609 612 618 627 636 644 652 654 657 661 670 672 680 683 692 700 703 711 719 728 737 739 743 751 755 763 769 777 779 788 793 800 807 812 814 818 820 829 834 840 849 857 864 865 873 878 887 889
2 5 6 7 8 9
1 3 9 12 15 18 19 23 24 32 40 47 50 53 59 60 67 70 77 82 83 92 94 100 103 109 117 121 130 134 135 139 141 148 157 164 171 172 173 175 183 185 187 192 199 206 213 219
9 13 15 22 31 40 48 51 58 66 75 81 86 87 88 89 97 105 114 115 123 127 128 130 135 139 140 146 152 154 158 162 164 165 173 179 182 183 186 191 199 205 209 216 224 230 232 237 239 247 254 257 264 268 273 278 284 287 289 295 299 308 314 321 324 332 337 338 343 346 347 349 352 353 360 361 363 372 374 376 378 380 386 387 395 402 404 412 418 421 429 435 442 447 454 459 464 469 471 477 483 490 491 500 501 504 508 516 518 519 527 535 542 543 544 546 547 553 554 556 563 568 574 581 588 589 595 601 608 616 617 620 621 623 624 631 640 645 653 657 661 667 671 674 679 688 696 699 706 709 712 719 725 727 735 741 745 748 756 763 770 776 784 786 788 791 796 804 807 813 822 827 832 834 835 842 849 854 859 862 870 871 873 874 882 883 884 892 897 901 908 916 925 932 935 938 943 944
9 18 27 35 42 51 60 65 71 73 75 79 80 84 87 91 97 103 107 114 123 124 127 132 141 145 153 160 167 176 179 188 196 199 203 206 211 214 216 223 228 232 241 249 250 258 267 276 284 286 292
9 17 20 29 38 39 44 47 55 62 63 69 70
9 13 14 15 16 25 28 32 33 36 38 41 50 58 66 74 76 85 88 92 100 103 104 108 110 116 124 132 139 143 144 150 159 168 169 175 178 185 189 195 201 210 212 220 223 232 237 241 245 251 252 260 264 270 276 277 280 285 293 299 301 307 312 316 324 333 342 351 356 357 362 367 368 370 377 382 390 394 400 409 418 426 433 437 438 439 446 447 449 451 453 457 464 473 474 481 483 485 488 489 498 507 514 523 529 532 541 544 548 551 556 560 566 573 574 577 578 587 594 601 606 615 623 624 626 634 642 643 646 648 655 659 666 670 674 675 682 689 695 702 709 714 719 721 725 730 735 739 748 753 757 766 769 771 779 783 786 792 795 803 808 809 815 824 830 836 842 851 855 857 864 868 872 873 880 888 892 901 906 909 918 919 928 930 932
3 9 16 18 22 24 32 33 42 48 57 65 72 80 84 85
1 10 18 27 31 40 42 50 56 62 63 71 75 78 79 84 93 97 105 113 116 124 127 133 142 144 146 150 151 160 162 167 172 177 179 184 193 195 196 205 209 211 220 224 226 232 238 243 244 249 252 257 264 265
7 15 17 19 28 33 37 41 49 53 55 56 64 72 74 82 84 91 92 97 99 108 112 119 122 129 135 139 140 148 149 152 160 166 170 178 183 187 194 195 203 211 217 220 229 236 242 250 258 265 274 276 284 288 294 298 300 301 308 310 315 324 333 342 346 351
2 7 12 15 20 27 35 42 50 52 53 58 66 71 78 86 95 96 104 109 115 124 125 127 131 136 141 147 153 156 158 161 166 170 173 177 181 183 190 191 194 196 200 208 211 213 222 229 233 236 239 247 255 260 267 273 282 284 293 295 298 300 305 310 316 324 332 335 340 343 347 352 359 362 364 371 377 381 385 386 391 394 401 406 411 414 421 423 425 433 442 444 445 452 457 459 460 461 467 474 475 482 490 496 498 501 502 506 509 512 521 526 529 530 537 538 541 543 544 547 555 557 560 568 575 581 584 587 590 595 602 606 608 611 620 629 632 640 647 656 663 668 674 683 685
6 7 9 10 11 16 19 28 29 37 45 53 59 62 69 71 73 76 80 83 84 92 100 102 105 112 120 125 127 128 136 144 146 147 156 160 161 167 169 173 174 181 182 185 188 189 191 193 199 208 213 222 225 227 228 236 241 245 249 256 262 267 268 270 273 282 290 299 301 307 310 316 322 327 333 336 340 344 349 358 364 370 374 381 383 391 400 402 407 412 421 428 434 437 440 446 451 458 463 466 475 480 484 489 492 497 504 507 511 520 526 530 538 544 545 552 556 558 561 569 577 581 590 594 599 602 609 618 623 628 637 639
6 14 17 23 31 40 47 49 50 56 58 64 68 75 77 79 81 84 86 91 98 107 108 110 114 119 128 135 141 148 150 156 162 171 176 185 186 189 192 198 200 206 207 211 212 213 217 225 233 236 239 241 247 248 256 257 259 261 264 271 278 285 291 292 295 298 300 303 311 312 320 322 328 337 338 339 346 348 349 350 352 357 363 367 374 380 385 390 395 403 411 419 427 435 436 445 450 456 465 468 472 480 482 484 491 500 506 512 518 523 524 530 535 543 544 551 554 555 559 563 571 573 579 587 593 595 603 609 611 616 623 628 634 643 646 650 651 654 659 660 668 674 677 685 686 694 696 699 703 710 711 713 718 722 723 729
4 5 13 19 21 28 32 41 42 44 46 49 58 59 60 68 71 79 81 89 96 100 109 110 119 124 133 140 149 154 159 168 172 180 186 194 201 203 209 218 227 235 244 247 248 257 258 265 266 267 271 275 282 284 291 297 302 305 306 309 310 311 318 322 326 335 342 344 348 351 356 357 361 369 373 379 384 388 392 397 404 407 410 416 419 427 434 439 441 449 456 458 463 466 473 479 483 489 497 503 511 518 519 521 522 524 527 528 537 538 540 542 543 551
7 14 17 22 24 32 34 35 44 50 59 60 67 73 75 82 86 87 90 97 100 105 113 118 119 121
8 13 17 23 32 37 44 50 56 57 63 69 73 78 81 84 85 93 98 99 102 105 110 113 117 125 131 137 139 142 151 156 157 166 171 173 180 183 188 195 197 199 200 205 211 219 221 223 224 231 238 244 246 251 258 266 268 274 275 278 285 291 297 301 303 305 311 317 325 330 337 338 346 348 351 354 357 361 369 374 375 381 388 394 400 409 413 416 423 427 428 436 443 445 449 457 466 469 476 477 480 487 496 497 498 505 506 509 511 514 517 522 529 533 539 545 549 557 565 570 573 581 589 592 594 599 608 611 618 621 630 634 637 646 651 653 661 669 670 673 678 682 690 691 694 701
9 10 12 15 21 27 30 39 44 45 46 48 49 53 62 65 74 79 80 85 86 92 97 99 104 107 109 115 122 123 126 132 140 145 148 156 165 167 168 172 180 188 196 205 207 212 219 221 222 226 230 236 243 249 253 256 261 262 264 268 271 272 273 276 278 280 281 289 298 299 307 314 321 326 331 335 340 343 352 355 357 366 370 374 379 380 382 388 394 396 405 409 415 416 424 425 429 438 441 443 444 447 451 452 461 462 467 468 471 472 476 483 486 487 492 501 507 512 517 524 530 535 541 542 549 555 557 562 570 572 577 581 589 593 595 599 602 605 609 616 618 626 628 635 643 649 651 654 660 664 665 671 674 683 688
3 9 14 23 31 40 45 47 50 57 62 65 73 78 81 85 94 97 102 110 112 114 120 121 126 129 134 137 138 143 150 153 155 156 161 165 172 181 187 192 194 198 204 213 221 230 234 243 250 254 257 260 263 265 268 270 271 277 286 292 296 298 306 312 319 326 327 335 339 342 347 355 357 358 364 370 372 377 384 388 389 393 397 398 403 410 415 419 422 423 430 436 440 444 452 459 465 469 475 478 485 486 489 498 500 501 506 515 523 530 535 538 544 551 555 558 562 565 567 573 581 589 591 597 604 605 610 618 620 624 630 633 638 640 645 651 654 657 660 664 668 669 671 676 684 692 700 705 708 712 718 725 729 735 744 745 748 756 764 771 774 775 781 786 794 800 802 806 813 819 823 829 832 833 840 847 852 858 861 867 871 876
8 10 13 14 20 27 35 39 43 50 53 57 66 68 74 78 80 82 87 96 102 111 120 125 130 134 137 138 145 149 150 152 155 161 163 166 167 175 178 180 187 191 197 201 202 203 208 214
7 8 17 24 31 39 42 48 54 60 66 70 76 79 86 90 99 100 101 103 106 108 110 113 114 122 129 138 147 148 153 158 165 173 177 180 187 192 198 207 215 224 225 232 234 243 247 248 249 255 261 270 279 287 294 300 306 307 311 314 319 327 335 339 342 350 352 358 361 362 364 368 374 382 388 394 397 406 412 416 421 425 432 435 439 441 448 454 459 464 466 473 480 487 496 501 503 506 513 520 529 535 544 551 553 558 562 563 570 576 583 584 589 595 596 600 602 606 607 612 616 619 621 627 633 642 645 650 653 658 663 672 673 676 680 687 691 694 695 700 705 707 712 713 719 726 730 731 733 736 739 744 749 752 756 762 770 777 782 783 787 788 797 800 802 811 817 820 824 826 832 834 842 849 857 864 872 881 885 886 889 897 898 900 909 918 925 934 938 941 948 957
9 14 16 18 23 26 30 35 39 41 49 55 63 68 71 72 75 82 87 96
4 5 10 18 26 32 36 41 48 49 56 58 62 67 76 82 91 98 103 106 107 109 117 125 133 137 143 149 154 162 171 175 184 190 193 196 201 205 206 211 220 228 231 239 248 250 255 261 266 273 274 280 287 292 296 304 313 314 316 324 330 332 333 341 342 348 356 362 367 370 378 381 385 394 396 402 405 411 413 417 425 432 433 434 442 450 459 460 469 477 485 489 490 496 502 505 513 520 522 527 531 540 545 554 563 565 566 567 575 579 580 581 587 589 598 604 605 607 609 615 616 619 624 626 627 628 635 637 645 649 656 662
7 8 11 20 29 36 38 39 48 54 63 70 79 88 92 94 102 106 113 116 124 125 128 136 142 143 149 155 161 167 168 169 172 181 183 187 192 199 204 209 218 220 228 232 237 240 246 253 258 261 266 270 271 273 276 283 287 292 295 304 312 317 321 326 334 342 348 355 361 363 364 369 378 385 394 400 402 409 416 419 427 435 444 451 455 457 464 467 474 483 490 491 497 499 506 515 523 528 533 535 542 548 552 561 565 567 574 578 579 584 585 588 596 604 612 617 626 629 630 633 641 648 656 661 667 668 670 673 677 679 682 688 693 699 703 710 719 721 726 729 736 745 749 755 758 764 773 774 783 790 797
3 10 14 19 21 25 27 31 35 38 45 54 62 67 71 74 78 81 83 90 97 102 111 117 123 130 131 139 146 150 155 159 165 166 167 176 185 188 191 199 201 208 212 216 221 224 231 238 241 246 252 259 267 269 272 277 278 286 289 293 295 304 308 311 318 322 330 337 344 345 350 352 353 354 355 363 368 372 374 375 380 384 390
1 7 16 23 29 31 38 47 48 56 58 61 62 71 80 81 82 83 90 94 95 99 105 111
8 9 11 17 25 27 29 37 46
8 13 15 21 27 31 39 42 51 54 59 62 68 77 84 88 96 102 106 107 109 117 120 128 131 136 142 147 150 158 164 168 174 183 188 190 192 197 199 207 216 224 226 227 230 233 242 243 251 254 262 270 275 283 292 293 297 300 306 312 316 321 323 324 333 338 344 346 351 352 356 365 368 372 380 384 393 399 400 406 414 420 421 429 430 431 433 439 442 450 452 456 458 460 468 472 473 475 484 493 496 504 505 513 518 519 521 525 531 532 539 548 551 556 565 568 573 578 585 588 590 593 602 605 606 612 621 622 626 634 637 638 643 644 647 655 658 665 674 680 686 688 693 696 699 702
4 10 12 13 17 21 29 37 39 40 46 54 59 63 69 74 81 85 88 97 100 107 109 115 121 127 130 135 144 151 158 161 169 178 182 185 189 195 196 199 208 211 215 221 229 236 244 247
7 11 18 25 31 40 49 53 56 65 71 74 75 79 88 93 96 103 109 112 114 122 129 132 136 144 150 159 168 169 174 176 185 192 199 201 207 216 223 225 234 238 245 246 251 258 267 272 274 280 283 288 291 297 303 308 316 320 326 331 334 337 341 350 351 353 360 368 375 383 392 396 397 400 406 410 414 416 418 423
4 10 17 21 26 30 38 45 53 58 61 62 69 71 75 77 80 86 89 97 98 99 104 106 109 112 114 122 130 133 138 141 146 152 153 159 163 165 168 176 181 186 192 197 205 213 218 221 228 230 235 237 243 248 257 258 265 274 280 286 294 299 305 309 314 315 320 322 329 332 333 337 339 347 351 356 365 370 373 375 378 386 395 396 405 410 416 417 418 422 423 430 431 436 444 453 461 470 479 488 497 499 504 505 512 516 517 518 522 530 537 544 546 555 556 559 562 565 569 573 580 585 586 594
2 11 18 23 30 33 34 43 47 48 54 59 62 63 71 74 76 84 85 92 100 107 108 115 123 125 126 133 140 148 154 161 170 176 177 178 185 191 199 200 203 212 221 230 239 247 249 253 255 263 269 278 285 287 293 294 300 305 313 320 325 334 340 341 343 350 359 362 368
2 7 9 14 23 28 34 40 45 51 53 61 67 68 71 72 73 77 85 89 91 96 97 104 113 119 125 130 139 143 145 147 150 152 160 162 164 168 170 171 176 183 192 197 203 205 210 217 226 235 242 247 254 258 264 266 269 278 284 289 298 300 301 309 316 323 332 341 348 356 361 363 370 375 382 385 393 398 404 411 413 417 425 426 430 433 435 442 444 452 458 462 470 475 483 491 494 501 503 511 512 521 529 538 545 547 554 563 565 571 577 581 588 595 601 604 613 616 620 625 632 639 640 648 650 657 663 665 671 675 681 688 689 698 702 706 715 722 724 732 733 742 744 750 751 756 757 762 766 770 771
3 7 13 16 18 27 35 42 44 46 54 58 67 74 77 78 82 89 94 99 105 113 116 122 129 137 141 149 157 164 169 170 174 175 176 180 188 192 197 199 207 214 220 229 234 240 249 254 263 272 281 285 290 291 293 295 301 308 317 322 323 329 333 336 343 351 352 358 364
6 9 10 14 19 24 27 28
1 3 6 12 13 20 23 28 32 35 40 48 51 53 57 63 66 67 72 79 86 88 91 93 96 99 102 110 111 112 118 122 130 135 139 148 152 157 161 165 167 173 181 183 190 195 204 207 210 215 219 223 229 234 235 244 252 253 257 261 265 271 274 280 282 285 287 294 303 304 311 316 319 322 328 335 339 348 350 351 358 362 367 376 384 386 391 396 401 410 415 421 422 430 434 439 447 455 456 463 471 478 483 491 492 500 502 507 516 524 529 530
2 10 19 25 32 39 45 53 62 68 74 80 85 90 95 102 107 113 120 128 129 131 136 144 150 156 162 164 166 175 181 186 195 196 203 211 218 219 226 229 234 242 244 252 253 255 256 260 265 269 278 281 284 285 290 291 299 307 312 318 321 328 334 343 344 348 352 358 361 369 378 381 384 391 392 396 403 410 412 414 416 424 429 436 443 451 457 465 466 472 474 481 487 492 496 504 509 511 516 524 531 538 545 549 552 556 558 565 566 571 580 583 590 599 604 613 622 631 636 644 650 655 657 662 671 680 686 691 700 703 708 716 719 723 731 737 741 744 752 761 763 765 766 769 774 783 784 792 794 799 804 811 812 821
5 14 18 22 31 36 42 50 56 57 66 70 71 76
3 9 18 21 23 26 27 31 32 40 46 47 56 60 61 70 72 73 77 81 90 92 96 97 104 106 113 116 117 118 126 135 139 147 151 156 163 169 178 185 192 200 201 203 207 208
2 11 16 20 23 32 38 42 49 55 57 63 66 75 82 91 94 98 102 111 117 118 122 128 134 143 145 149 154 163 170 177 180 184 193 202 205 207 208 209 218 227 228 237 242 246 252 256 260 263 268 272 280 289 297 306 310 319 321 328 330 331 335 339 341 348 349 357 364 370 378 379 384 393 394 396 400 404 407 412 414 416 417 424 431 438 446 454 462 465 467 468 475 480 484 486 492 499 503 504 508 514 521 526 531 536 543 551 554 559 565 572 573 578 583 587 593 599 601 608 611 618 623 625 630 631 633 642 647 656 657 664 673 680 681 686 690 692 700 709 710 714 718 720 724 728 731 740 747 756 759 760 768 775 780 786 795 802 810 814 816 825 832 841 847 855 857 866 872 874
8 10 13 22 23 28 33 36 37 38 40 41 50 51 52 61 69 75 76 81 90 98 104 112 113 116 122 125 132 137 140 147 156 161 168 176 184 191 199 207 215 224 230 231 238 244 246 247 254 259 264 272 277 279 284 292 295 303 312 321 326 333 336 345 353 358 361 370 372 381 387 389 398 407 416 421 426 434 435 438 446 455 460 466 470 474 480 481 490 492 498 500 503 505 506 515 517 526 527 535 538 541 545 549 551 556 563 568
5 6 10 14 17 25 27 29 38 42 51 59 67 71 78 79 80 85 86 87 88 91 98 101 102 108 112 113 114 122 128 136 138 141 147 150 159 164 171 173 182 186 193 200 204 213 222 231 238 242 244 246 255 256 261 263 264 272 278 286 293 294 297 299 303 306 311 317 323 326 327 336 337 341 349 354 359 364 373 382 384 392 400 405 412 419 425 427 431 436 443 445 449 454 455 461 463 468 476 485 489 496 500 506 511 514 515 524 531 534 540 546 549 554 563 570 578 583 589 594 600 603 610 614 622 624 629 638 639 643 645 653 656 661 662 665 669 674 675 680 686 691 695 700 703 709 718 727 736 742 743 747 751 756 757 761 763 766 771 778 779 785 791 798 800 802 807 816 824 830 834 837 844 850 851 859 863 870 871 875 884 886 889 893 894 896 898 899 904 913 916 920 929
8 10 12 17 21 27 36 41 42 44 45 47 53 54 56 62 68 71 80 82
3 6 12 14 15 18 23 25 29 37 45 54 61 67 73 78 83 91 98 103 109 114 119 127 131 138 139 146 153 160 163 171 178 187 195 202 204 211 213 218 224 230 235 242 248 251 259 268 269 275 280 285 289 293 301 306 315 318 322 330 334 335 342 348 350 356 364 366 369 371 380 384 386 388 392 398 407 411 413 418 427 434 438 441 449 456 458 462 464 465 466 470 479 485 494 497 500 507 514 523 524 531 534 541 549 552 559 568 571 580 589 596 602 604 606 612 618 624 631 632 634 642 648 654 656
8 11 20 23 31 33 35 37 42 45 51 53 58 63 65 71 72 74 76 78 81 85 88 97 102 106 110 115 121 122 129 131 135 144 152 160 167 169 172 178 180 189 191 200 207 210 218 227 234 237 240 245 249 252 257 265 274 279 288 294 301 307 316 318 326 335 342 349 353 354 358 362 367 373 377 386 394 402 405 408 414
3 6 10 18 21 26 33 36 41 43 44 46 53 59 63 71 73 81 90 97 101 104 112 115 124 125 132 136 141 145 151 158 159 161 168 174 177 186 194 200 201 209 213 217 219 227 231 237
8 11 16 21 24 28 37 41 43 52 58 62 64
4 7 9 16 24 28 29 37 39 44 52 57 61 69 75 77 79 80 87 89 93 95 97 100 101 110 116 117 118 124 126 127 132 140 141 144 146 155 157 163 167 169 172 176 180 182 186
5 12 18 20 22 24 29 36 45 50 57 64 65 70 79 83 91 96 100 107 111 116 123 130 132 137 143 144 152 159 162 165 174 179 182 186 194 198 199 200 206 209 215 220 228 235 237 243 244 245 249 255 263 271 278 282 284 285 293 301 304 308 309 311 315 317 325 330 336 340 343 348 356 358 365 370
4 13 19 28 32 40 41 42 47 50 53 56 64 69 78 82 85 87 95 103 112 119 128 133 136 140 146 153 154 161 168 170 171 178 185 194 197 200 206 209 213 218 220 227 231 235 236 243 248 253 255 257 264 267 268 270 278 287 295 296 300 302 306 309 316 317 321 330 332 334 340 348 355 356 359 368 376 380 389 394 398 405 408 414 416 419 428 433 439 445 446 455 458 462 469 473 481 489 497 506 512 517 519 528 536 541 543 548 555 563 566 574 582 591 595 600 603 607 612 616 621 626 632 637 646 653 662 663 666 675 680 685 691 692 698 699 700 701 702 703 712 721 726 729 736 744 747 756 762 766 772 781 787 793 799 807 816 819 821 827 836 838 847 848
7 8 14 18 20 28 36 38 43 45 47 51 58 65 74 75 77 86 92 100 106 109 117 124 126 131 138 143 146 152 159 161 168 174 176 179 181 188 191 193 197 199 201 202 209 217 223 232 235 237 240 246 249 256 263 270 272 279 280 289 291 298
6 12 20 27 30 31 33 37 42 50 53 62 71 75 76 79 87 93 100 102 108 112 117 124 131 133 140 144 152 156 160 163 166 169 173 180 189 191 196 205 206 209 217 226 235 238 240 242 250 259 260 266 267 271 272 278 281 285 291 298 306 314 318 326 333 338 347 356 365 369 378 382 390 396 402 408 410 419 420 424 431 438 443 445 452 456 461 468 470 472 474 483 489 490 498 506 512 516 520 524 529 531 539 547 552 560 569 576 581 589 594 596 599 602 604 606 611 613 617 625
9 10 18 23 31 37 45 50 55 56 63 65 67 76 82 89 93 97 105 107 113 114 118 126 135 137 141 147 153 159 164 169 174 179 188 194 200 206 208 215 219 220 221 227 229 232 239 240 247 251 254 261 264 272 276 283 291 295 299 307 313 314 316 323 327 336 337 342 343 346 349 353 361 369 373 374 382 383 390 394 399 408 416 425 432 438 446 452 457 460 462 470 474 482 491 492 493 494 497 499 501 506 513 516 518 525 530 533 540 545 547 551 555 564 568 574 578 582 585 594 595 602 605 612 613 616 622 623 624 630 635 642 647 653 656 663 668 671 676 682 686 689 694 700 703 705 711 719 721 725 728 735 736 742 751 760 763 766 768 769 775 783 789 790 794 803 810 815 817 822 824 830 837 845 850 858 861 862 869 871
4 5 7 9 10 16 25 31 34 38 47 53 57 62 70 78 85 86 88 92 94 97 98 100 109 112 115 118 122 126 129 137 141 149 152 154 163 167 174 183 188 196 204 205 209 214 215 218 220 223 231 239 240 247 254 261 262 268 271 275 277 279 284 285
9 15 16 21 26 35 37 43 48
3 8 11 16 20 28 33 37 38 40 44 52 60 64 68 72 78 84 89 91 97 102 103 111 117 118 126 132 139 147 149 153 162 167 168 175 177 179 182 183 189 194 202 205 211 220 225 234 238 244 251 259 262 270 273 274 278 284 285 292 293 296 297 305 312 319 326 334 343 351 352 358 367 375 379 386 388 391 400 403 412 421 427 429 433 437 439 445 447 454 455 464 466 475 476 477 481 485 491 493 498 503 504 509 512 521 523 524 526 533 537 539 542 545 552 560 561 570 577 584 586 588 590 591 592 597 605 610 612 620 626 635 642 647 649 656 662 671 680 687 688 695 697 699 700 701 707 711 717 720 725 734 741 747 753 757 759 761 765 771 778 780 785 788 792 796 800 807 812 821 827 832 836 845 847 849 856 864 872 877 880 888
8 17 18 21 24 25 33 40 45 48 52 54 63 67 76 85 94 98 106 112 115 122 131 132 136 141 150 153 158 164 169 177 183 189 195 202 208 209 213 219 224 231 240 248 249 252 258 264 273 280 284 289 293 300 307 313 315 320 326 332 337 339 342 344 349 356 365 367 375 378 383 391 393 394 401 410 413 421 426 434 443 451 455 461 470 475 481 486 490 494 503 511 516 524 527 528 533 536 544 552 554 559 568 575 580 583 590 592 601 610 613 622 628 634 642 647 648 651 656 663 665 673 676 679 681 683 686 687 690 697 702 706 708 717 720 724 726 727 729 738 739 740 748 754 763 765 774 777 781 790 799 801 803 806 809 815 822 827 830 834 837 845 850 857 860 869 878 884 887 888 892 895 902 903 911 920 922 928 935 939 946 955 959 961 970 978 982 990 995 1000 1003 1010
5 6 8 13 18 23 31 33 41 46 54 56 65 70 78 81 88 89 97 103 109 118 123 124 130 134 135 143 147 156 161 162 163 164 165 174 180 186 195 203 204 208 214 218 222 226 230 238 240 248 255 264 273 277 283 292 298 306 311 314 321 330 337 343 351 359 360 369 378 382 387 396 404 406 410 418 420 425 426 431 433 441 443 452 454 461 468 472 473 474 483 484 487 494 502 508 514 519 522 528 530 532 536 545 553 558 562 563 565 566 574 577 584 586 595 598 606 610 619 623 630 634 636 644 652 657 663 668 672 678 682 691 697 701 710 711 718 726 732 738 745 751 758 767 771 773 774 782 783 792 794 802 807 814 823
4 6 11 16 20 27 36 40 48 52 60 65 71 78 84 89 95 102 104 106 108 110 117 119 122 125 131 138 144 145 150 152 158 164 169 172 175 180 181 184 192 196 197 201 205 213 216 219 221 228 233 240 242 250 256 263 267 274 280 286 292 296 298 305 308 316 319 327 328 330 337 340 347 355 362 369 372 375 384 389 391 393 402 411 413
8 13 20 25 32 38 45 54 59 64 67 72 75 76 77 79 85 87 95 99 105 113 115 116 122 127 133 140 142 146 154 162 169 175 177 183 191 199 208 217 219 227 232 238 239 244 253 258 260 263 270 275 282 289 297 299 304 305 307 310 319 328 336 344 347 356 357 360 367 371 372 374 377 386 393 402 406 410 415 417 425 426 429 436 439 443 446 454 459 461 469 470 472 481 485 486 489 494 497 500 504 510 511 519 528 529 533 534 539 545 547 548 552 555 559 564 569 578 585 590 599 603 604 613 617 625 634 635 643 652 658 661 668 669 678 685 688 694 695 702 711 717 725 727 732 741 745 747 755 764 769 774 779 783 789 795 801 808 817 820 826 832 837
9 12 19 26 33 34
7 12 13 18 25 30 37 42 51 58 61 69 72 76 79 84 91 92 100 101 109 114 119 127 134 137 140 147 153 155 163 169 170 176 182 186 192 200 206 212 213 219 225 226 231 235 237 239 243 251 258 260 262 270 277 282 288 295 303 311 319 326 333 335 343 347 355 359 363 371 373 379 386 392 394 395 402 409 412
2 10 19 25 31 36 40 48 53 58 66 73 75 81 82 88 95 98 100 108 114 120 121 126 128 131 135 137 138
5 14 21 25 28 33 35 40 42 49 53 62 66 75 83 88 92 97 104 111 115 124 131 134 141 147 153 162 168 169 173 176 185 192 197 199 203 206 210 216 220 223 227 234 242 251 256 263 267 275 276 281 286 287 293 301 310 315 318 319 324 327 332 340 347 351 354 357 365 368 372 377 380 384 385 393 400 407 408 413 417 425 432 439 442 449 454 463 471 479 482 483 484 486 490 493 499 500 501 507 512 513 516 522 524 528 532 537 546 549 553 555 558 559 561
8 17 26 28 33 37 38 42 49 51 56 58 67 76 79 86 93 95 102 109 115 123 126 132 133 142 147 153 157 160 169 171 173 177 185 192 195 204 212 213 215
2 8 13 19 24 28 35 36 38 40 41 46 53 61 70 76 83 84 90 97 98 104 111 116 122 128 130 137 145 146 148 155 163 172 174 183 189 193 202 208 211 215 217 224 232 237 240 245 249 258 263 268 274 283 284 285 294 303 304 307 313 320 323 329 334 343 348 350 357 366 374 379 385 394 398 407 414 421 428 437 446 454 459 462 465 467 468 470 475 482 485 494 499 502 511 514 519 527 529 532 537 540 542 547 548 557 565 567 568 570 577 586 593 602 607 610 611 619 622 630 633 640 645 652
4 7 16 19 22 30 35 40 44 52 55 64 70 75 78 81 89 97 100 107 112 119 122 124 129 137 142 151 157 159 168 170 176 182 188 197 201 202 208 217 218 222 225 230 238 244 250 253 261 269 276 283 290 295 296 298 302 308 314 316 323 332 341 343 348 353 362 371 380 383 386 390 396 403 405 414 421 426 433 435 444 449 453 462 466 467 470 472 473 476 478 479 483 485 493 497 499 504 511 512 519 523 524 530 539 545 548 553 556 558 559 567 570 576 581 590 594 603 606 614 618 625 628 631 636 642 650 657 662 670 677 684 692 699 702 703 707 708 711 715 721 726 734 738 743 752 761 765 774 782 785 786 789 798 805 814 821 822 824 830 834 843
9 11 13 17 22 28 31 34 36 43 46 48 55 63 72 81 88 95 102 109 110 112 115 121 128 137 144 151 159 167 172 181
4 7 10 16 20 27 30 35 37 41 47 52 53 56 62 65 71 73 81 88 89
1 10 13 21 23 26 28 31 33 36 43 50 59 67 76 78 87 93 101 106 114 123 129 131 138 140 142 144 150 157 162 170 176 177 181 185 193 199 204 210 213 222 223 225 229 236 241 247 253 256 262 270 278 280 281 290 296 298 307 314 322 325 334 338 340 345 348 354 356 363 367 376 383 384 388 391 400 409 418 425 431 437 443 447 453 460 465 466 473 482 489 490 495 500 501 504 512 519 528 532 538 542 548 556 560 566 573 582 584 593 602 610 619 626 630 639 640 648 651 656 658 660 661 668 674 681 690 692 694 703 708 716 722 728 732 733 736 743 747 750 755 757 762 767 772 773 781 784 793 801 804 811 820 827 831 834 840 846 852 856 863 866 874 882 891 898 901 910 915 920 927 928 937 945 952 958 967 976
8 12 15 21 22 27 29 37 38 47 52 55 62 67 74 79 83 87 89 97 101 107 111 116 117 120 124 133 135 144 153 158 161 168 171 174 175 178 183 190 196 205 212 217 221 229 231 238 240 245 249 258 264 268 274 283 292 293 297 298 301 303 304 309 315 319 323 328 335 337 345 354 356 360 367 374 375 383 388 391 400 401 408 413 421 428 436 442 449 454 462 463 466 469 476 481 483 489 496 504 507 510 515 519 527 533 539 543 550 557 558 560 564 573 579 584 585 593 600 603 609 615 617 625 626
5 13 17 20 27 29 38 42 51 58 59 62 70 75 80 88 92 99 101 107 115 117 119 120 121 124 125 126 131 135 144 151 152 153 159 164 172 179 186 194 199 200 207 216 217 221 229 235 236 240
8 17 26 31 37 45 50 53 58 60 68 71 72 73 82 90 94 96 104 106 112 119 120 122 124 128 129 136 139 145 153 156 165 170 176 179 183 188 192 194 199 206 213 219 220 227 229 232 239 240 247 253 262 271 272 281 282 284 289 291 299 305 313 315 316 318 319 323 332 340 345 352 360 366 372 380 387 389 396 404 406 414 419 423 427 433 442 447 454 457 458 459 464 469 473 474 479 486 488 493 494 497 501 504 505 507 508 517 520 523 526 534 538 543 545 546 551 558 564 569 577 578 583 587 593 598 607 612 621 625 632 639 646 653 659 664 668 672 676 678 687 694 699 704 713 716 717 721 725 731 732 738 744 751 759 766 767 770 775 781 789 793 794 798 804 810 819 822 828 830 836 844 851 855 863 872 876 885 892 896 900 907 909 913 919 920 929
4 7 14 21 24 25 27 36 37 40 47 48 57 60 64 67 75 81 86 88 96 100 107 112 120 124 132 139 141 150 152 155 164 171 174 179 185 194 202 210 219 226 233 239 248 251 258 264 270 275 282 291 295 303 305 309 311 313 315 318 323 329 330 332 340 343 349 350 353 358 362 364 372 374 375 381 382 390 396 398 402 404 406 412 416 419 422 428 437 443 448 455 464 472 473 480 489 495 500 509 515 517 520 525 526 534 537 546 549 558 565 567 570 572 573 574 575 578 585 594 600 605 614 620 624 632 634 636 642 645 653 658 662 668 675 682 684 686 693 701 702
4 11 14 21 22 29 35 42 49 58 64 66 73 74 79 81 88 90 96 104 111 112 115 122 128 137 144 149 154 156 157 161 162 169 174 178 184 191 195 204 213 218 227 236 240 248 249 250 255 264 271 280 287 294 299 307 314 323 324 333 338 339 341 350 359 362 371 376 379 383 391 398 404 407 413 415 416 417 418 421 429 432 435 436 437 446 455 463 466 475 481 485 487 493 498 502 509 511 516 520 529 538 542 545 547 552 557 559 568 574 578 587 595 604 606 615 619 621 625 632 639 645 653 659 666 675 681 685 694 699 700 704 712 715 716 724 725 727 733 741 744 750 755 764 766 767 770 778 784 789 791 799 802 809 812 821 826 830 832 841 843 844 849 856 858 862 870 876 877 886 895 901 908 912 915 921 927 931 936 937 944 947 949 957 959 967 971 972 979 985 986 987
2 3 10 13 18 25 27 29 33 34 39 41 43 51 52 55 58 60 69 73 76 85 93 95 102 105 106 111 116 117 119 120 127 131 136 144 153 154 158 163 172 174 178 182 184 190 194 199 208 216 223 224 227 235 242 243 244 246 247 254 260 262 271 272 274 280 284 293 296 297 304 305 310 319 327 329 332 341 345 346 354 360 366 375 380 386 387 394 397 400 404 413 416 418 426 429 438 440 447 456 465 469 476 480 486 495 497 503 504 509 516 525 526 527 528 535 540 548 553 554 560 565 570 579 585 590 598 602 604 607 613 615 621 623 632 640 641 648 657 660 667 669 674 676 681 684 686 689 696 697 700 706 713 719 726 733 736 738 742 748 751 754 755 764 772 775 781 786 794 802 806 810 815 823 830 837 839 843 846 850 854 861 866 872 877 885 894 900 905 908 914 921 923 925 934 937
5 12 17 25 33 39 40 48 53 61 64 68 74 81 89 98 106 111 119 127 134 140 141 147 149 150 155 159 168 174 183 187 195 202 207 214 223 227 228 234 242 249 250 252 259 264 265 268 271 277 279 286 294 298 300 305 307 311 314 322 331 338 341 349 350 353 356 357 358 361 363 372 377 385 386 391 396 399 406 410 416 419 422 426 428 436 443 452 461 469 475 480 482 488 497 499 506 512 513 516 518 523 525 531 540 543 546 551 554 556 561 567 572 573 577 580 585 594 599 601 605 614 621 628 636 638 643 652 653 656 663 671 675 684 687 690 693 700 703 704 706 711 716 721 723 730 733 735 736 743 745 752 753 755 760 761 765 771 776
9 17 21 23 27 31 33 40 45 52 57 58 62 63 67 75 80 88 97 101 103 109 111 116 118 120 125 134 138 144 145 150 159 164 166 173 178 184 188 196 200 205 209 217 225 226 228 235 237 243 249 258 266 274 278 285 290 298 304 313 321 330 332 337 345 348 353 361 369 375 380 381
8 11 18 22 29 33 41 45 50 56 63 70 72 75 83 87 96 102 106 114 118 121 125 133 138 141 150 152 154 162 163 170 179 180 187 192 194 198 199 202 204 208 214 221 229 231 237 244 245 251 258 267 272 277 280 289 297 304 313 318 324 327 335 338 345 352 361 365 367 368
5 13 17 20 25 31 34 35 38 42 49 57 58 59 64 72 77 79 82 91 93 97 105 109 112 121 130 134 140 142 150 155 164 170 178 186 188 192 199 200 203 211 214 221 227 232 234 240 242 244 250 253 254 255 258 267 271 274 278 280 281 290 296 297 304 310 312 315 317 323 330 334 339 343 346 352 353 357 363 369 377 381 387 394 402 404 405 409 418 421 430 435 444 450 451 457 461 463 472 475 482 485 489 492 498 502 503 511 519 522 531
6 13 20 28 37 39 44 48 49 52 58 60 65 66 69 76 81 82 88 91 97 103 110 115 122 126 133 134 143 149 153 161 166 175 182 189 194 198 200 207 209 214 222 227 229 230 232 234 242 243 250 259 268 277 286 291 295 303 304 305 309 314 320 325 326 333 341 345 347 349 358 363 366 369 374 381 383 386 391 400 404 413 416 423 431 432 435 442 445 449 453 462 469 475 482 491 495 503 504 508 516 517 524 529 534 542 544 550 555 556 564 571 574 580 586 592 593 598 604 605 612 620 626 628 636 643 652 654 661 668 670 677 678 685 689 695 698 705 706 708 713 722 726 729 733 734 740 748 750 752 758 764 772 781 789 792 799 802 803 807 815 824 828 834 840 842 848 851 860 867
1 5 8 16 18 24 31 36 45 48 51 52 58 67 71 80 82 87 94 101 104 110 116 120 124 130 134 142 151 160 166 174 181 189 194 200 209 212 214 221 226 235 242 243 244 245 252 253 254 255 256 265 267 274 276 279 283 290 291 299 303 311 318 327 333 336 341 345 346 353 354 357
5 7 9 13 15 16 19 21 28 32 39 40 48 55 57 59 65 73 78 83 90 98 100 102 109 115 124 130 131 136 141 144 153 160 165 171 172 174 182 186 187 192 200 203 208 211 216 225 233 237
3 12 13 16 20 21 30 34 38 47 52 61 70 71 73 74 78 84 91 97 102 106 115 117 119 128 131 133 139 143 149 150 156 164 168 174 179 185 189 195 204 207 213 221 226 233
1 4 13 19 24 33 36 42 45 47 51 60 67 73 74 79 85 94 95 104 113 118 121 123 126 128 133 136 140 144 150 151 156 161 167 171 179 187 192 197 198 207 208 211 212 219 223 225 229 237 245 246 251 259 261 265 269 278 286 287 296 297 298 305 306 311 320 325 331 335 342 345 352 353 361 365 368 371 375 381 390 399 404 407 408 412 416 418
2 8 10 18 21 27 28 32 37 44 52 55 56 61 67 76 80 82 85 89 92 93 96 104 107 110 117 122 123 127 135 142 150 154 163 172 176 177 182 187 189 192 195 196 204 212 216 225 234 243 250 255 258 264 265 271 279 283 291 292 295 302 310 313 321 329 336 340 346 347 350 357 358 362 368 376 380 385 386 389 390 396 397 406 407 413 422 424 427 428 431 436 441 445 452 458 459 467 473 482 486 495 497 502 507 509 516 519 525 532 536 538 544 553 555 561 564 572 580 583 587 593 601 606 608 617 625 631 633
6 7 9 10 19 21 28 36 44 45 54 62 64 71 74 83 86 88 94 102 111 118 127 131 135 143 145 149 157 163 170 179 184 191 192 194 202 204 213 219 228 235 241 249 253 254
8 9 13 14 18 27
7 10 14 17 21 23 28 37 41 44 50 52 54 56 57 66
7 14 19 27 33 42 46 53 55 63 68
1 10 17 18 26 31 33 39 48 50 55 56 63 65 71 79 87 93 96 105 107 112 115 117 122 124 131 137 144 150 151 158 166 168 174 181 186 189 192 198 205 212 217 224 231 237 243 250 252 260 265 268 272 275 283 286 293 296 304 312 314 321 325 328 337 339 348 354 361 370 375 381 384 388 392 400 408 413 419 425 431 435 436 444 449 451 458 466 471 479 486 491 493 496 502 504 509 512 520 522 525 527 535 543 547 554 557 565 569 577 580 589 593 601 602 607 616 618 625 630 635 637 644 645 654 658 664 673 680 684 687 690 696 700 702 705 711 716 720 722 730 731 733 738 741 746 755 761 770 778 784 789 791 795 801 802 805 813 821 830 836 840 841 843 846 855 859 866 870 879 888 889 890 894 901 903 912 919 926 932 933 940 944 952 955 963 964 973 974 976 977 981 990 996 1002
9 13 22 24 26 27 34 41 44 50 56 63 72 75 80 83 87 95 100 108 114 115 117 119 124 130 132 134 142 150 153 158 165 174 177 186 192 197 205 211 218 219 222 230 239 245 247 255 260 269 271 277 284 288 293 295 304 307 311 320 329
9 17 26 27 33 38 41 50 58 60 69 70 71 74 79 83 88 93 98 105 112 119 126 134 142 148 152 154 155 161 167 174 176 178 181 188 190 193 195 204 205 213 218 226 235 241 246 249 255 257 261 268 275 278 283 288 290 297 298 304 308 317 321 327 331 340 349 356 359 363 368 369 376 378 385 386 393 396 402 407 413 419 422 429 434 440 447 452 453 455 457 458 461 469 473 481 488 495 499 506 509 518 521 523 530 533 534 543 549 553 556 565 568 572 581 582 587 588 590 592 601 606 613 617 624 632 639 647 655 664 673 674 677 682 686 691 692 700 701 710 713 716 721 722 728 731 735 742 750 759 764 773 780 783 784 787 792 794 795 798 807 808 815 822 824 830 835 839 846 855 858 865 866 871 874 877 881 889 896 905 909 910 914 922 926 934 943 952 955 957 966
5 13 16 18 22 23 31 35 39 41 48 55 64 67 71 72 77 85 92 94 100 105 110 112
5 14 16 24 29 32 33 37 39 45 50 58 66 74 83 88 93 100 105 107 114 120 126 133
1 2 3 11 16 19 21 28 31 32 36 42 49 57 59 63 72 77 80 87 93 97 102 106 112 117 124 125 133 139 140 142 150 155 162 166 173 174 177 185 193 195 198 205 209
6 11 15 23 26 34 39 44 52 56 57 64 69 76 84 89 92 98 107 111 115 120 122 125 130 139 141 146 150 159 168 170 171 172 175 181 189 191 195 199 208 209 218 220 224 233 238 239 243 245 247 254 263 269 273 278 283 288 292 298 303 312 316 324 326 333 341 347 350 358 361 368 370 376 384 385 388 391 397 401 409 414 421 428 436 440 447 456 464 471 475 478 487 496 499 507 511 518 527 536 537 538 544 551 556 558 559 560 568 570 573 574 580 587 591 595 599 604 612 620 622 630 636 641 645
9 15 21 23 27 28 34 42 50 52 54 61 66 74 79 80 81 85 86 88 90 94 100 109 114 115 124 129 130 133 138 143 145 149 154 156 161 163 172 179 185 190 199 202 205 208 209 217 226 228 229 232 239 240 246 248 253 259 262 264 267 276 278 280 281 288 292 294 302
2 11 12 21 30 31 38 42 43 46 51 52 57 61 69 76 85 90 94 103 107 116 120 128 135 137 140 141 150 159 163 166 171 180 182 184 188 192 195 201 208 210 211 220 223 228 234 235 237 238 246 250 252 255 261 264 268 269 278 282 287 293 299 305 313 315 316 324 325 330 334 339 346 351 358 363 367 375 381 389
4 9 16 17 19 26 32 36 37 40 47 56 65 68 70 74 80 84 92 97 102 109 116 118 123 130 139 141 147 154 162 165 172 176 177 185 190 195 198 207 214 219 220 223 230 233 240 248 257 261 266 269 277 284 287 294 297 299 300 302 309 316 322 326 328 334 336 341 345 350 351 358 366 373 378 386 392 399 405 407 409 413 415 417 418 419 420 426 433 434 441 449 453 455 457 464 472 474 483 492 496 498 503 506 507 515 524 526 528 532 538 543 544 552 559 563 565 571 580 582 590 598 600 609 611 618 624 632 636 643 652 659 663 670 675 677 683 690 698 701
8 12 19 24 30 31 36 45 46 48 51 58 65 67 75 84 85 89 90 91 94 101 108 110 112 120 124 125 133 140 141 144 148 152 156 158 167 175 184 192 199 200 205 207 212 218 222 230 231 232 236 240 243 251 257 266 268 271 275 282 290 297 303 311 318 320 323 332 339 343 349
6 7 14 16 18 26 29 31 38 40 47 48 57 63 66 71 79 88 91 98 99 102 109 111 118 124 129 130 134 143 149 158 161 170 171 177 184 189 190 198 206 214 216 217 221 223 232 238 243 247 254 260 268 271 274 277 278 285 286 290
3 5 10 11 17 18 20 26 34 40 43 51 52 57 62 65 70 71 75 84 92 97 98 106 111 112 117 122 129 137 146 147 156 163 167 176 185 191 195 198 200 202 208 212 214 221 227 230 233 237 243 248 256 264 268 274 283 288 292 298 299 302 306 312 319 321 323 325 326 327 336 337 345 354 360 361 370 376 377
1 2 10 16 18 21 23 29 35 41 42 49 50 53 54 57 63 69 73 80 83 86 91 96 98 101 104 111 119 128 137 143 152 160 168 173 181 185 193 202 209 216 225 226 232 235 243 244 246 249 258 260 264 272 274 278 281 286 290 295 299 306 311 314 317 320 328 333 340 343 350 352 360 361 369 377 385 394
2 8 9 17 19 22 27 35 36 42 46 47
2 10 17 19 27 30 38 42 49 51 54 60 65 70 76 81 85 88 97 98 104 111 113 117 121 125 134 142 149 158 166 174 179 185
8 17 20 21 24 29 34 42 43 47 52 59 60 63 66 72 78 82 86 93 97 100 106 113 116 125 128 130 139 141 145 154 162 167 169 172 174 181 185 188 197 199 207 209 210 217 225 234 243 246 252 261 262 267 272 275 284 292 295 303 304 306 315 316 323 328 336 344 351 354 363 369 374 375 384 388 391 394 401 408 416 423 426 431 436 439 447 450 453 460 462 471 473 479 484 485 492 496 497 505 511 515 517 526 532 533 542 544
7 16 25 28 36 41 49 56 63 64 68 75 79 82 90 92 100 101 108 111 113 120 127 133 138 142 146 149 156 165 167 176 180 189 193 195 197 201 208 209
2 5 14 23 31 35 36 39 48 51 59 60 66 72 77 85 94 101 102 107 116 117 118 121 126 133 136 137 144 149 152 158 163 169 177 182 186 194 199 206 212 218 224 227 230 238 243 249 250 257 259 266 275 282 286 294 297 302 304 310 317 323 326 335 344 353 356 364 370 378 382 387 391 395 401 404 407 410 419 425 433 442 446 448 457 460 462 471 480 483 492 496 497 503 511 519 526 530 534 538 541 548 556 557 561 564 572 578 579 584 589 590 597 599 605 607 608 617 625 630 639 646 649 651 658 667 669 670 677 681 686 694 700 701 707 716 725 731 735 737 738
4 8 14 23 27 28 32 33 40 48 50 54 58 63 69 78 79 85 93 94 95 96 97 106 112 115 122 124 127 132 138 143 147 153 161 168 170 173 182 188 196 204 211 219 223 226 228 234 242 244 253 258 265 274 282 288 289 294 303 304 308 312 321 322 323 325 332 335 337 345 346 351 352 355 360 366 375 377 380 384 387 388 397 401 408 412 414 419 420 426 434 441 449 455 464 470 474 482 484 485 494 499 504 509 514 518 520 524 533 534 538 545 553 557 563 571 578 582 589 591 596 600 609 618 623 627 635 636 641 649 655 657 659 663 671 675 684 690 698 704 710 719 727 731 734 738
8 13 17 22 25 34 36 41 42 43 52 59 61 68 72 77 80 87 93 95 102 107 110 113 121 125 127 136 138 146 155 160 161 165 174 176 179 185 189 194 196 203 209 217 223 226
3 11 19 25 31 40 44 49 56 58 60 63 68 73 82 83 90 99 105 106 110 111 120 124 125 129 136 143 146 148 152 159 168 176 182 189 197 201 205 213 218 224 226
9 15 19 24 31 33 34 43 51 54 59 67 74 79 86 89 94 96 100 103 109 112 113
7 13 21 26 35 39 45 50 55 61 66 68 73 78 82 89 91 96 101 106 110 114 115 124 129 138 146 148 152 153 155 164 169 172 177 186 194 200
6 11 18 22 29 36 38 46 55 60 66 74 83 86 90 94 103 109 113 121 124 129 138 145 148 152 153 159 164 173 175 177 183 185 186 189 193 201 204 213 221 230 232 237 246 249 258 267 274 279 287 296 297 302 308 310 317 324 329 331 332 341 342 343 350 352 361 362 365 371 375 382 385 390 397 402 411 418 427 434 443 451 457 464 468 476 477 478 481 485 487 488 495 503 512 516 523 525 534 540 541 543 549 558 567 569 577 583 592 598 600
5 12 19 23 27 29 36 38 47 55 59 60 63 64 66 69 78 80 81 89 92 97 104 109 115 123 128 131 134 135 143 150 157 164 171 180 187 189 193 194 200 201 206 211 214 221 230 231 233 237 242 246 254 257 263 268 276 282 287 292 294 296 302 303 311 313 314 321 330 334 340 341 349 357 365 367 376 384 391 398 406 413 418 419 425 426 427 430 432 441 444 450 459 464 467 470 477 486 492 494 502 507 514 522 527 528 535 536 538 545 546 553 559 565 573 580 587 595 601 610 617 619 624 628 634 642 647 648 653 659 660 664 668 669 670 671 673 682 691 699 700 702 707 711 719 728 737 746 755 764 766 774 779 788 797 804 806 811 814 822 831 838 842 851 852 857 863 868 875 878 887 894 901 902 904 907 914 916 919 926 933 934 943 945 949 955 959 962 963 965 971 974 981 985 989 991
5 14 21 27 36 43 51 55 63 65 70 75 83 84 86 89 96 103 109 118 121 128 129 137 141 144 146 153 158 163 171 176 177 179 181 187 192 194 202 205 213 218 220 222 224 233 241 248 256 260 269 277 285 286 293 298 305 314 320 324 333 338 342 346 353 354 360 361
2 3 10 12 14 15 20 27 34 35 44 47 52 57 66 69 71 80 84 89 94 95 99 104 113 117 126 130 136 145 149 157 160 161 163 169 173 180 185 194 196 197 203 206 209 218 223 226 230 239 246 253 262 263 272 278 283 290 296 297 299 301 308 309 316 318 320 326 330 336 341 342 343 348 353 357 366 372 380 386 395 400 406 407 414
6 15 24 25 26 28 37 45 46 47 50 54 58 66 68 76 84 92 100 102 109 115 121 129 131 140 142 148 150 152 159 168 169 176 185 194 200 208 217 224 225 234 239 247 255 257 259 265 270 276 283 289 297 298 302 307 313 322 324 330 335 337 342 350 359 360 367 369 375 381 389 390 396 403 408 413 414 420 423 425 433 442 443 446 449 451 457 458 460 468 470 473 478 485 486 495 498 501 506 511 519 526 534 539 545 554
1 6 15 17 24 32 34 41 46 54 62 67 72 73 77 84 87 93 99 105 106 108 110 116 124 132 135 138 145 153 158 159 168 176 178 179 188 193 199 200 208 211 217 218 219 226 233 235 242 250 253 259 264 268 273 279 283 286 288 295 299 304 310 311 320 322 329 332 333 336 343 349 357 360 362 370 378 387
6 10 13 15 16 22 25 34 38 42 45 50 59 62 66 70 71 73 77 78 79 81 90 93 94 100 106 110 117 119 122 127 130 137 142 150 159 167 174 182 185 193 200 205 206 209 214 218 221 230 232 240 245 252 259 260 268 274 280 284 290 296 303 311 313 319 326 328 334 339 343 348 355 361 364 373 382 389 394 403 412 420 421 423 431 432 437 441 444 445 451 454 458 460 462 467 472 481 483 488 497 505 506 512 518 522 526 530 534 536 544 552 553 555 562 567 571 578 584 588 597 598 607 616 623 628 634 641 650 652 655 661 662 663 670 674 677 682 691 700 703 705 709 718 721 723 728 733 737 742
4 13 19 21 26 34 36 43 48 57 64 71 79 86 87 90 97 106 109 114 117 123 129 136 138 140 149 150 154 162 165 174 181 190 194 203 205 211 212 220 223 225 226 227 235 237 246 251 255 261 268 273 282 284 291 299 308 309 317 321
4 9 15 16 25 30 36 41 48 52 61 67 72 74 82 85 92 94 101 103 112 121 123 126 131 135 138 140 142 147 148 150 158 164 168 177 182 189 192 198 206 215 222 229 233 240 248 249 258 261 265 274 276 282 283 289 298 305 308 311 320 327 328 336 344 346 355 364 369 375 381 383 385 386 387 391 395 400 405 409 411 418 427 435 441 447 448 453 454 458 462 465 472 473 474 477 483 488 490 497 505 513 520 522 524 529 532 537 542 546 553 560 562 564 566 571 579 588 590 595 597 603 612 614 618 626 635 642 645 649 657 659 660 662 665 669 678 683 688 692 698 706 709 718 723 729 731 734 739
8 17 22 24 25 26 32 36 43 51 56 59 65 69 78 82 91 99 107 116 119 124 131 134 135 138 147 156 163 166 175 177 179 187 192 199 204 209 211 212 215 216 225 231 233 242 244 251 259 264 271 277 282 287 293 299 301
6 13 17 20 29 32 37 46 48 57 64 67 71 79 85 92 96 105 108 116 122 125 134 138 143 152 154 159 162 171 180 188 191 198 202 204 210 217 224 228 231 237 238 243 246 254 260 261 264 268 275 276 283 286 295 301 302 308 314 315 323 327 336 341 346 347 349 351 357 361 366 369 373 382 383 392 393 394 397 403 409 410 418 424 426 427 434 441 447 449 452 461 469 470 478 487 490 492 494 495 502 507 514 519 528 532 538 541 546 548 556 558 560 566 570 576 580 589 594 603 606 612 615 623 627 635 638 643 648 652 661 668 674 683 691 700 703 710 718 722 727 731 738 744 749 756 764 771 775 778 782 789 796 798 799 800 807 816 821 829 836 842 843 850 855 858 863 864 867 871 873 874 878 885 889 893 902 909 917 926 932 941 949 958 967 969 977 980 985 992 998 999 1003 1011
1 5 14 17 25 34 38 43 50 51 53 62 68 75 77 80 84 92 101 102 110 112 117 126 133 138 141 145 152
1 10 14 17 20 28 36 43 52 53 56 65 73 80 82 85 93 97 106 113 117 118 123 128 133 137 139 140 145 148 150 153 159 164 171 177 178 180 184 186 187 196 198 202 205 209 217 221 230 237 246 250 256 263 271 272 274 280 284 293 298 302 311 316 322 329 336 339 348 357 365 372 373 375 376 385 392 397 406 413 422 429 438 445 447 455 464 468 475 481 485 494 497 499 507 512
2 5 12 19 24 30 34 38 40 49 57 64 71 74 77 82 86 89 94 100 101 103 106 107 115 118 126 127 131 138 139 146 148 151 155 156 159 167 173 175 179 187 189 192 197 201 208 209 213 217 222 231 234 235 243 251 260 268 275 281 283 291 293 298 300 302 306 313 319 328 335 340 347 352 356 358 366 368 374 375 384 385 394 398 402 408 413 420 428 433 434 441 443 445 454 458 464 467 470 473 479 481 489 495 503 509 516 525 530 536 540 545 550 551 557 561 570
5 8 16 25 33 38 43 50 56 65 69 71 72 77 80 83 86 87 95 103 110 114 118 122 129 130 133 136 142 148 156 162 167 174 181 187 192 194 198 207 209 218 224 230 231 232 235 241 244 253 259 261 264 267 270 272 273 278 286 289 293 294 302 311 315 318 325 332 333 339 344 347 353 356 363 372 374 375 379 380 384 387 391 397 399 402 406 413 414 416 425 428 431 436 440 446 453 460 464 470 475 479 481 488 493 500 502 506 507 509 514 522 525 530 532 535 543 550
7 13 16 19 23 24 26 32 34 43 48 51 52 56 62 65 67 74 80 87 89 90 98 101 104 111 113 122 123 126 129 136 144 146 152 156 164 167 173 178 181 186 194 197 202 208 214 219 222 224 229 234 241 246 255 263 270 273 277 282 290 297 299 300 308 309 312 319 324 331 332 338 346 351 358 360 364 370 379 381 382 388 396 400 405 413 419 425 431 434 441 445 449 455 460 467 471 476 484 493 498 499 504 511 518 521 528 533 540 547 552 559 564 568 577 580 587 588 590 591 592 598 599 608 610 611 613 621 625 631 636 638 641 644 652 654 655 658 665 673 676 681 682 683 686 693 702 711 717 721 722 727 734 738 746 748 756 763 765 769 771 780 787 793 802 806 807 813 817 819 824 826 835 837 838 844 847
3 6 15 19 27 34 39 43 45 53 58 60 61 63 68 74 81 89 97 101 109 115 123 126 127 135 138 147 152 154 159 168 171 172 181 189
8 17 24 33 37 39 45 48 52 60 69 72 74 76 80 87 90 97 103 112 118 123 126 131 136 144 150 155 161 170 177 184
1 3 6 11 18 26 32 39 43 44 45 49 58 60 62 67 68 75 79 87 88 91 94 97 103 107 114 117 126 133 136 142 143 144 152 161 166 172 173 176 183 189 193 197 206 211 220 228 232 238 241 244 247 248 253 256 258 266 270 271 277 285 292 300 302 311 319 328 332 338 341 343 351 360 369 378 382 383 391 395 404 407 411 414 418 425 426 428 434 437 446 450 453 458 467 476 485 493 501 505 512 520 526 527 529 537 538 541 544 548 554 560 567 569 576 585 590 598 604 606 612
6 10 14 15 23 24 30 33 42 45 54 61 66 74 79 86 93 94 95 100 109 114 123 126 130 139 143 151 159 165 169 174 177 183 188 191 194 195 203 212 213 221 225 230 233 242 246 254 262 268 271 272 280 288 289 294 302 303 309 312 314 323 329 335 341 347 348 351 354 355 356 363 366 367 376 380 388 397 403 404 411 418 426 427 428 429 438 447 450 455 462 465 466 472 476 483 490 497 500 501 507 509 512 516 520 529 533 538 547 551 559 562 567 570 578 581 584 592 595 603 604 607 613 614 616 621 626 630 635 641 643 652 661 663 667 669
6 9 12 17 26 35 37 39 44 46 51 56 64 70 73 80 85 87 92 98 105 111 112 120 124 127 130 138 141 147 151 154 162 165 171 174 177 182 184 187 195 203 211 217 226 232 240 243 247 256 262 271 276 281 283 287 294 295 297 305 313 320 325 334 343 345 352 359 366 375 379 381 385 389 394 395 399 406 410 416 425 433 436 442 451
2 11 19 21 25 33 35 38 46 49 52 59 62 68 70 71 76 79 82 87 91 98 105 111 117 119 128 136 144 150 152 154 160 164 168 173 178 182 187 188 193 202 207 212 220 227 233 234 240 245 249 257 259 267 270 276 282 283 289 290 294 299 305 308 310 315 320 324 330 338 341 349 355 360 362 369 371 378 384 391 399 405 409 410 411 417 424 428 431 437 441 443 445 446 447 454 462 470 476 484 491 495 496 498 507 510 519 520 522 525 531 534 538 540 549 552 560 566 574 579 583 585 590 597 602 604 613 615 616 620 629 635 643 649 656 660 663 666 667 670 678 686 694 697 704 710 716 718 727 733 734 740 747 752 754 759 762 763 766 767 774 783 785 794 798 800 804 810 819 825 832 833 835 840 845 853 856 861 870 874 880
8 10 18 24 31 37 41 42 49 58 67 68 75 79 86 91 100 103 109 113 115 124 129 134 138 141 146 148 151 154 155 164 171 178 185 186 189 192 200 201 207 208 215 222 223 226 227 232 238 241 242 251 252 257 261 264 273 275 282 287 295 300 308 315 317 320 324 327 335 342 349 354 358 360 363 369 375 378 386 390 393 397 402 405 409 414 419 428 435 444 449 454 459 466 469 470 471 479 481 484 489 496 504 509 512 520 527
3 5 11 14 17 23 32 39 47 51 60 64 71 74 83 84 88 93 95 97 99 108 110 116 117 123 132 134 142 150 159 164 173 181 189 190 196 202 208 217 222
6 12 17 22 23 28 32 34 38 41 42 45 54 58 64 70 79 83 90 93 96 100 107 112 114 115 117 121 130 139 141 149 152 158 166 174 183 185 190 199 203 208 216 225 227 234 236 245 251 252
9 15 23 25 30 39 42 47 49 55 61 62 71 80 88 91 95 104 106 108 117 125 126 131 136 137 146 152 155 163 167 176 180 184 192 201 210 217 222 226 229 232 236 243 251 253 257 264 268 270 275 280 287 293 300 308 316 320 324 333 341 345 349 355 360 364 367 374 378 383 391 397 406 408 417 418 424 427 432 433 439 440 443 452 458 461 470 479 487 489 498 503 511 517 518 527 531 536 542 543 549 557 561 568 572 580 588 597 605 614 620 624 631 638 647 656 659 668 674 683 686 690 697 703 709 710 711 719 726 731 737 740 741 747 748 751 760 767 770 772 773 776
7 11 12 18 23 31 37 40 41 50 58 59 61 63 71 79 88 92 99 107 109 112 117 125 128 136 144 152 155 157 159 168 172 179 181 187 192 196 205 214 221 225 226 234 236 245 252 255 263 269 278 287 291 297 298 307 308 310 315 323 328 330 336 337 339 342 344 348 351 356 360 363 370 373 379 381 387 389 395 399 401 404 408 415 418 427
4 12 15 20 26 28 34 38 39 41 45 54 59 60 65 70 79 86 94 103 104 105 107 112 114 123 130 132 138 145 150 157 160 168 175 181 182 183 185 189 196 205 208 212 221 224 228 234 240 248 251 256 261 265 268 271 278 285 293 295 302 309 310 319 320 329 338 340 344 347 352 358 360 362 367 371 375 379 385 394 403 407 415 423 424 429 438 443 451 455 456 465 473 476 478 481 488 491 498 506 513 518 522 525 530 531 532 540 543 548 553 557 560 567 569 570 572 574 581 589 594 603 607 613 620 628 629 637 642 646 651 654 656 657 666 670 676 685 691 699 708 712 714 717 722 725 732 734 743 746 753 760 762 764 765 772 780 785 786
1 10 11 19 26 30 37 41 42 47 56 60 62 63 64 73 75 80 85 90 95 102 103 105 111 119 126 132 141 143 147 154 155 158 161 166 171 179 185 193 198 206 211 218 226 228 232 237 241 245 253 254
5 12 17 21 29 30 38 40 41 43 48 53 57 60 69 70 72 78 79 84 88 97 106 112 118 120 126 132 133 135 142 149 156 165 171 178 183 190 195 198 204 208 213 217 223 229 231 232 236 238 242 244 247 256 262 269 272 276 278 285 292 297 298 299 304 307 315 319 321 330 335 338 339 341 346 353 357 362 370 373 376
5 9 11 12 15 23 27 28 32 35 38 47 53 56 63 67 76 81 85 87 93 94 101 109 116 121 125 131 138 143 146 151 156 160 165 169 176 178 182 187 190 195
6 12 14 23 27 33 37 40 49 58 67 76 78 83 87 92 97 100 108 115 120 124 133 140 142 146 153 161 170 179 182 188 197 198 200 206 208 211 220 229 233 239 246 254 255 259 265 272 273 274 276 283 290 299 304 311 313 316 323 331 340 347 351 360 361 370 374 378 379 386 391 396
9 16 20 28 32 40 49 51 59 66 67 71 77 78 84 87 89 95 104 110 118 123 130 138 147 155 160 163 169 175 180
9 17 22 24 30 38 44 46 51 56 63 72 75 76 85 94 100 103 104 108 112 119 125 129 135 143 151 156 161 168 171 180 183 191 193 198 206 209 214 222 223 230 234 236 238 243 252 261 265 269 274 278 282 291 298 299 304 306 311 319 322 323 327 335 341 347 355 364 365 368 370 375 378 380 382 391 392 395 401 409 415 416 422 423 424 428 436 444 451 455 459 460 463 469 472 476 483 487 488 495 501 508 514 515 523 529 537 542 549 557 560 565 571 574 579 580 589 592 600 603 604 606 610 619 624 626 633 641 643 651 652 657 660 663 672 680 687 689 693 696 704 713 718 724 725 732 734 738 747 749 753 761 763 767 771 776 779 786 793
8 14 21 29 34 35 41 44 52 57 63 69 76 77 83 90 97 103 105 108 110 115 118 126 131 133 141 150 156 165 174 182 189 190 195 202 209 214 219 226 232 241 244 253 260 266 275 281 286 288 297 299 304 305 307 312 317 320 321 327 330 333 337 345 348 354 356 365 372 375 383 390 394 396 402 405 411 415 419 425 432 436 438 444 452 454 457 461 465 470 471 479 481 482 489 498 502 505 510 518 520 529 537 541 549 555 559 560 567 572 580 583 585 594 603 611 614 619 623 624 627 631 638 644 653 656 660 666 669 672 676 683 689 691 700 703 706 708 714 722 726 731 735 739 742 751 753 757 762 765 766 772 776 783 785 792 794 796 803 810 815 821 829 834 841 842 844 846 855 862 870 874 878 886
3 9 11 20 21 27 28 35 40 46 54 57 62 63 64 69 70 77 79 84 86 87 95 101 106
5 6 8 14 21 22 26 28 35 38 39 42 50 51 52 54 62 64 66 75 78 84 86 87 88 95 97 98 105 106 114 123 124 131 134 141 142 144 145 147 148 154 155 162 170 173 175 178 185 192 198 204 207 215 222 225 232 236 245 246 250 254 262 263 267 275 277 283 290 294 303 311 317 319 322 327 333 340 345 353 359 367 370 371 374 383 391 395 397
3 11 18 20 29 37 46 51 60 65 69 76 77 83 91 99 100 107 115 122 130 137 144 147 153 160 161 163 168 177 181 189 196 205 208 217 225 229 237 238 240 243 250 252 260 267 271 279 284 289 297 304 308 313 314 319 324 333 341 350 352 354 360 361 362 368 374 376 381 384 388 393 398 399 401 406 408 409 414 416 417 424 425 430 439 446 451 455 461 468 470 478 479 487 488 491 497 499 504 510 519
6 10 12 19 24 33 40 47 50 56 58 59 66 74 83 89 91 97 103 108 117 119 120 124 129 133 134 135 142 149 150 155 158 159 163 167 176 180 186 190 192 201 208 213 214 220 222 228 231 233 236 238 245 252 255 257 262 268 272 278 284 288 292 299 308 312 316 317 324 327 334 336 345 351 360 361 370 373 375 384 388 393 400 406 415 419 424 426 427 430 434 442 450 451 453 454 462 470 474 475 482 486 489 495 497 500 506 510 515 521 523 532 535 539
1 4 7 8 14 22 26 31 34 35 38 45 50 59 62 71 78 79 86 91 99 107 112 121 127 136 141 150 152 157 162 166 175 178 179 183 190 195 200 208 216 217 223 226 231 233 234 243 251 255 257 259 267 268 269 271 280 283 291
2 5 14 19 24 29 33 41 44 48 51 60 67 68 75 79 82 83 89 95 104 105 113 121 123 125 134 139 142 151 159 166 169 172 175 176 182 187 195 197 205 213 217 223 229 237 240 243 251 260 266 274 279 283 291 297 303 312 319 326 333 337 344 345 354 355 356 359 360 366 367 376 384 386 394 400 409 416 422
6 12 19 25 32 39 47 56 60 62 71 77 80 86 92 93 96 101 102 109 112 120 124 128 131 133 136 142 145 154 157 159 168 176 185 193 200 209 216 219 225 231 232 238 241 243 244 246 251 259 265 272 273 279 288 297 306 310 314
7 10 15 18 20 27 29 30 31 40 42 44 45 49 53 56 60 68 75 84 86 91 98 102 104 113 122 129 135 143 144 153 159 163 171 172 173 182 187 196 204 210 212 219 226 227 230 234 236 245 254 256 261 266 274 276 284 285 289 298 306 313 320 326 330 333 335 341 347 354 363 369 375 381 385 388 397 401 408 412 418 419 421 426 434 442 447 453 460 468 477 484 491 496 497 501 506 515 517 521 529 531 534 542 545 552 556 564 569 572 576 583 585 591 599 601 602 610 611 614 615 616 622 629 637 646 653 655 660 662 666 675 676 681 689 694 701 702 706 712 719 721 723 730 733 738 745 748 751 759 762 764 773 774
7 14 16 23 32 41 44 53 60 63 71 80 83 91 94 98 107 116 117 124 125 128 129 135 143 145 151 155 162 171 174 176 178 179 185 193 199 202 209 217 226 231 233 237 238 239 242 245 247 251 259 268 270 272 280 284 286 292 293 294 300 309 318 320 329 334 337 342 350
4 12 17 25 30 37 38 40 46 55 60 69 71 74 79 85 91 92 97 104 110 115 124 128 132 135 137 138 146 154 163 165 171 175 181 190 192 195 200 205 212 219 225 234 238 246 249 250 253 259 264 273 282 289 295 299
4 13 15 24 26 27 32 39 46 50 53 58 64 73 79 84 87 90 99 104 108 114 122 131 133 139 142 144 151 154 160 162 169 177 181 187 188 197 200 207 213 220 221 230 237 244 248 254 260 265 273 274 278 280 283 284 287 296 298 303 309 315 321 324 325 332 339 348 354 363 364 370 378 386 389 394 403 412 420 422 428 435 438 439 448 455 461 466 474 482 491 495 497 504 510 518 520 529 530 535 536 545 548 557 564 569 571 574 582 588 592 594 598 599 607 616 619 628 632 633 642 650 657 658 662 671 675 680 689 698 706 712 718 720 726 733 738 744 748 753 758 764 768 769 773 775 783 787 796 798 802 808 815 823 832 834 835 840 841 844 851 855 857 863 872 874 876 882 884 887 888 897 904
8 15 21 22 31 37 46 49 51 58 64 65 74 77 85 90 96 101 103 108 109 113 116 122 123 124 132 134 138 145 149 153 159 165 166 172 181 184 187 195 198 207 215 220 225 233 235 243 249 256 263 267 270 272 275 280 288 296 298 300 301 306 315 317 323 329 332 335 342 345 352 354 358 362 366 371 380 381
7 13 22 27 29 35 42 51 54 57 62 63 72 76 80 81 88 94 103 105 109 110 115 122 127 129 133 134 136 142 150 151 153 156 157 159 161 169 174 178 185 186 195
8 17 26 34 42 46 49 56 62 66 74 78 82 87 88 90 99 106 107 111 119 123 129 130 132 138 139 146 150 155 164 167 170 174 176 183 187 193 194 201 210 218 222 227 231 234 242 245 249 254 263 271 275 283 285 290 291 292 296 300 302 309 316 318 327 332 338 341 345 346 349 358 362 365 372 374 376 385 393 397 399 408 413 416 424 426 429 437 446 447 449 458 460 465 468 477 482 490 495 502 510 515 522 530 536 538 544 551 553 554 559 561 562 563 566 572 581 588 595 596 597 599 602 611 618 620 623 627 633 634 640 642 646 653 661 663 672 676 683 684 689 693 701 702 703 711 712 718 727 736 739 741 747 754 757 765 772 779 785 788 796 803 807 816 821 822 826 832 834 840 841 846 851 853 856 863 869 877 880 884 889 894
6 12 13 15 16 18 26 27 36 38 43 50 57 58 62 71 80 86 92 94 99 103 111 119 127 135 142 145 152 153 158 167 175 176 182 187 195 198 200 202 204 205 211 215 220 223 232 241 245 253 257 263 264 272 277 286 289 296 305 309 316 323 326 328 335 337 342 348 351 355 361 369 370 373 381 382 387 396 404 407 411 419 423 429 437 439 441 444 447 453 455 462 464 473 475 482 490 493 501 504 509 517 522 525 529 535 537 545 550 558 562 566 567 569 571 576 582 590 594 600 609 617 625 631 639 646 652 656 664 667 670 677 685 692 701 705 710 712 721 723 725 727 732 740 742 750 756 762 765 769 775 784 787 792 801 802 810 815 821 826 833 834 840 844 852 860 863 864 870 875 880 881 884 888 894 903 905 910 916 919 921
4 9 14 17 25 26 31 39 44 48 56 62 65 73 74 83 84 86 94 101 105 111 115 121 124 127 134 136 141 147 154 159 164 167 170 176 183 187 196 201 203 207 208 210 219 223 226 230 234 243 250 258 266 272 274 275 278 286 288 297 302 306 307 310 318 320 328 330 338 342 346 355 358 363 370 372 381 386 392 401 407 412 420 423 428 430 438 443 450 459 466 473 476 478 483 488 495 500 502 503 510 513 521 530 531 537 542 547 549 555 560 561 567 573 580 584 593 600 601 605 606 607 611 620 626 631 639 642 646 655 662 669 672 678 687 695 700 702 709 711 713 719 728 729 733 735 741 745 750 756 765 769 770
1 4 9 13 19 25 28 37 43 49 58 66 73 79 80 83 91 92 93 98 101 102 107 110 116 125 131 132 133 135 140 147 154 158 167 170 173 178 184 189 190 197 205 207 212 214 216 225 232 238 244 249 253 257 263 271 277
5 12 17 21 29 32 34 37 45 49 53 57 65 71 77 83 89 92 99 103 106 110 116 119 124 131 132 134 137 139 145 149 155 160 163 172 179 187 191 193 202 206 212 214 217 221 226 234 237 243 247 248 249 257 259 262 270 276 283 285 286 294 302 305 308 311 318 326 327 335 341 345 353 360 365 370 379 384 387 394 399 401 405 409 414 415 422 426 428 433 434 441 449 454 463 469 474 478 481 483 488 497 503 510 514 518 519 525 527 535 538 543 547 548 555 556 557 560 561 564 569 570 573 580 584 589 595 596 598 599 601 603 607 610 619 628 630 634 638 643 648 656 660 664 671 680 689 690 696 702 710 714 717 718 722 729 734 743 751 759 764 767 773 781 786 791 794 799 801 802 811 816 823 824 825 834 838 840 844 850 852 855 859 866 867 875 880 884 888
3 7 8 10 11 13 17 22 29 35 38 43 49 50 58 62 63 64 72 74 82 89 91 95 97 103 107 114 123 131 138 147 148 153 161 170 176 180 185 186 190 194 198 204 205 212 216 222 223 227
4 12 15 17 18 24 32 40 45 47 50 57 63 70 75 76 77 79 83 90 97 104 106 114 117 126 131 135 136 145 149 156 162 171 177 186 191 192 194 203 211 215 217 218 219 223 230 233 236 237 243 244 246 248 250 254 257 263 267 275
1 6 15 16 24 26 27 35 44 46 55 62 64 72 80 86 93 100 106 107 114 119 124 133 139 144 145 149 152 156 162 165 167 169 178 184 185 187 189 193 195 199 206 214 217 220 229 235 242 246 255 263 266 275 279 288 295 304 305 314 315 317 323 325 326 333 340 346 348 350 353 354 361 368 370 373 378 381 387 393 399 405 411 412 415 418 425 426 432 439 447 456 457 463 467 469 471 477 485 489 495 496 504 509 515 523 524 526 530 535 541 545 553 560 561 567 575 582 584 592 601 605 606 610 612 615 616 623 624 625 632 637 645 651 657 658 663
5 7 12 15 16 25 32 38 42 46 50 59 61 64 65 68 72 75 82 89 98 99 101 104 107 112 120 122 125 127 136 143 145 147 155 160 162 163
3 8 16 18 22 28 36 40 44 51 57 59 68 77 81 82 87 96 105 106 108 115 120 128 136 144 150 158 159 161 164 172 179 187 196 201 208 215 220 229 234 238 239 244 250 255 257 261 263 272 278 283 284 292 297 300 302 305 310 317 321 323 328 329 332 337 340 343 349 357 360 369 370 372 373 378 379 388 397 400 403 410 415 419 420 421 426 427 428 431 439 444 446 447 452 457 464 470 479 486 489 491 496 505 512 513 518 525 526 528 533 541 546 551 552 557 563 568 572 581 589 593 594 599 600 607 608 612 620 623
7 13 15 24 30 32 41 50 51 53 61 66 69 73 74 79 81 88 92 95 100 102 108 117 123 131 133 135 143 147 154 161 162 164 168 171 174 182 190 191 196 205 206 212 216 223
4 11 19 27 28 31 35 44 47 49 58 66 73 76 82 90 94 102 108 111 118 126 131 138 139 148 157 162 163 168 173 175 184 188 195 202 205 212 213 214 221 223 231 235 244 247 253 261 267 275 282 290 295 302 306 314 315 324 328 330 333 342 346 347 351 354 360 362 363 368 375 384 388 392 400 406 415 417 420
5 11 13 22 30 35 42 46 50 58 66 69 78 81 88 97 102 104 112 114 118 126 129 134 142 151 153 155 159 168 173 176 184 192 193 201 206 211 215 216 218 219 227 228 230 234 241 246 252 257 259 266 274 283 284 292 296 298 307 313 316 318 320 326 327 336 341 343 345 348 351 357 358 362 366 368 370 374 379 380 383 391 394 396 397 398 402 405 408 416 421 424 426 434 443 447 454 461 463 465 468 475 480 486 492 494 499 503 511 516 520 529 534 536 542 546 554 557 565 573 578 579 584 588 596 602 609 616 621 624 631 633 635 643 651 652 658 659 665 668 677 683 688 691
4 11 13 18 21 24 26 34 42 50 55 61 69 76 80 89 97 99 106 112 121 128 131 133 135 139 146 147 150 154 160 161 163 168 171 176 184 189 196 200 206 208 214 218 225 232
7 8 15 16 20 21 29 31 34 35 39 42 51 59 65 72 76 84 93 101 107 108 109 113 120 125 134 138 142 147 152 161 168 170 171 175 178 179 184 191 195 197 198 207 216 218 223 232 235 243 250 251 260 267 272 281 285 294 298 303 304 308 309 316 323 324 325 333 340 349 350 354 361 362 367 376 378 386 389 393 399 400 401 406 413 422 429 435 442 448 450 455 464 465 472 479 482 486 494 497 506 509 515 520 522 531 536 538 546 553 556 557 558 560 565 574 581 590 599 602 611 620 623 624 626 627 636 643 644 653 662 664 665 670 679 681 682 683 686 687 695 702 704 711 720 725 729 736
2 10 19 25 33 42 51 54 60 62 63 69 71 79 88 93 95 99 103 107 112 116 117 123 132 141 143 145 148 155 156 162
9 18 25 26 35 41 42 46 47 53 55 61 68 76 80 82 87 89 91 92 96 100 101 102 111 119 124 126 127 135 142 149 155 163 172 178 183 190 197 204 205 208 213 217 222 226 233 238 246 250 259 263 269 277 279 283 290
9 14 23 30 37 40 49 56 60 69 70 74 80 82 91 92 93 99 102 104 106 109 115 123 131 135 140 144 145 151 158 164 171 179
1 7 14 23 26 29 31 33 34 38 43 45 51 58 60 63 68 77 85 90 99 102 103 106 110 113 121 124 126 133 134 137 142 147 152 154 155 156 159 160 162 164 173 178 182 189 197 198 203 211 217 221 226 230 235 243 249 251 258 266 275 276 281 287 288 291 300 307 309 317 326 328 333 338 339 341 349 353 362 366 368 374 377 385 393 396 399 401 403 407 408 415 422 431 438 439 446 451 459 460 462 465 468 469 478 486 488 495 504 509 510 518 521 527 532 539 542 547 551 557 560 563 566 574 580 581 583 585 592 600 602 603 607 616 618 622 625 633 635 644 646 648 649 658 663 667 671 680 684 690 693 695 702 707 713 716 720 726 727 735 738 746 748 753 759 766 773 782 789 796 804 807 816 824 830 835 841 850 858 864 870 871 877 881 888
1 7 16 19 28 32 37 42 43 46 55 60 61 69 72 79 88 92 93 94
5 12 15 17 21 23 24 25 32 35 40 47 55 62 65 74 81 85 93 100 109 117 126 135 140 144 149 151 156 163 165 167 174 178 184 188 194 199 206 212 214 222 228 231 232 235 239 240 246 248 256 265 269 271 279 282 284 285 289 294 295 297 298 300 302 311 312 316 323 330 331 338 347 354 362 365 370 378 386 394 396 399 402 407 410 412 420 423 431 434 438 445 450 458 459 464 465 474 478 484 491 497 500 507 509 512 519 526 527 535 543 545 551 558 567 568 575 579 586 593 602 604 611 613 617 619 627 636 641 645 646 650 658 660 666 671 678 681 683 685 692 694 698 700 708 711 716 719 721 726 735 739 740 742 744 749 755 758 759 761 762 770 773 777 785 793 800 807 813
9 14 17 20 27 31 34 43 45 48 52 61 69 73 81 87 90 93 101 109 118 126 129 132 136 140 145 146 153 158 161 167 174 182 190 191 198 205 207 210 212 216 220 223 227 235 238 242 244 251 254 257 264 272 279 282 288 293 297 302 305 313 319 321 325 330 331 333 338 342 350 355 360 366 374 382 391 399 401 408 411 416 417 419 420 425 434 439 442 448 457 463 469 473 476 479 484 487 494 495 497 506 514 519 524 526 534 543 546 547 548 555 561 567 575 582 589 595
7 12 21 29 31 36 41 42 51 56 58 65 74 76 85 92 101 107 114 123 126 128 137 146
3 9 18 26 30 38 41 48 53 54 55 62 68 74 82 84 86 92 95 103 110 116 124 125 133 141 144 153 156 161 169 176 183 188 197 206 210 217 223 230 236 242 249 257 265 267 276 285 294 299 303 306 309 316 319 320 323 332 340 348 355 361 364 366 370 376 385 386 388 395 404 410 415 422 425 428 437 440 443 444 445 451 460 464 467 468 473 481 487 493 497 500 509 513 522 525 530 535 537 545 550 557 564 573 582 584 593 601 607 613 620 622 631 638 644 651 654 661 665 671 675 683 690 691 700 707 712 714 719 723 732 735 743 749 754 763 769 777 786 791 794 802 805 809 818 819 826 830 839 844 853 855 857 860 867 872 873 877 884 888 897 898 906
1 7 9 18 19 28 36 43 49 52 54 62 69 75 78 83 91 95 103 108 117 124 131 140 142 149 156 161 164 167 171 173 180 189 194 195 196 201 206 209 218 222
8 11 17 19 20 22 30 39 43 48 50 53 60 62 66 75 76 82 89 91 100 107 114 118 126 127 134 140 149 153 155 157 166 171 175 182 191 193 200 208 214 223 229 234 243 251 255 263 268 271 276 282 291 298 303 308 316 324 328 337 338 343 344 350 352 360 364 370 373 375 377 384 391 395 397 402 404 410 414 416 425 428 432 435 443 452 457 459 468 472 476 477 482 483 486 490 494 495 500 506 514 516 522 523 524 526 528 532 535 543 551 554 560 561 567 574 580 585 588 595 603 611 619 628 633 637 646 647 649 654 661 667 673 676 680 684 686 693 701 703 711 719 728 729 732 740 743 750 753 755 762 768 774 783 788 791 798
7 13 21 30 34 35 39 45 50 51 52 58 65 68 74 79 81 90 92 101 107 109 116 121 128 131 132 138 147 155 157 163 167 174 183 189 192 197 206 211 219 221 228 233 237 245 246 255 258 266 268 270 273 278 279 284 292 293 297 305 309 317 320 325 329 335 343 344 345 347 352 361 367 372 380 386 387 396 403 409 411 415 424 430 438 441 442 450 458 459 463 467 476 480 481 484 485 489 495 503 506 511 513 514 516 523 530 539 541 547 548 549 552 560 565 570 579 584 586 593 597 606 615 623 632 639 646 650 656 665 666 674 675 679 681 684 690 695 701 704 711 715 724 731 732 739 745 754 761 764 769 770 779 784 790 794 800 809 816 821 829 836 843 845 853 858 866 873 875 878 885 892 900 909 910 919 921 930 936 945 950 955 964 970 977
4 9 17 21 25 34 36 41 48 50 56 62 69 78 86 89 94 101 104 111 113 117 124 131 140 148 156 164 173 174 178 179 181 182 190 196 201 209 210 211 212 220 222 229 235 239 247 252 253 260 261 266 267 274 281 285 287 294 302 309 313 316 322 326 328 332 338 342 343 348 357 358 364 369 372 374 380 385 392 394 402 406 412 413 419 427 432 437 445 454 459 468 471 478 486 489 497 498 506 514 520 529 533 540 548 553 558 559 562 568 573 575 577 578 582 584 590 599 601 609 618 622 624 626 635 637 645 653 659 668 674 683 684 687 694 702 710 715 719 728 729 731 733 740 741 747 752 760 762 765 768 773 778 780 788 790 792 797 803 809 814 823 824 831 833 835 844 850 857 863 868 869 877 886 891 896 904 913 919 922 930 932 933
4 10 13 15 20 22 24 31 34 37 44 49 50 58 59 63 68 70 78 83 91 95 100 105 110 116 123 130 139 146 155 161 168 170 178 180 186 194 199 207 213 216 224 233 234 239 245 249 258 266 275 279 287 289 296 305 310 312 317 320 325 328 332 339 343 348 355 360 365 373 379 382 389 392 396 399 400 401 406 412 416 418 421 422 431 435 439 441 448 450 454 459 463 465 466 473 482 483 486 495 500 502 507 510 513 518 527 529 537 539 547 550 554 557 563 567 573 577 585 588 589 598 605 606 608 614 616 617 621 624 626 632 637 643 648 651 659 663 671 673 674 675 677 685 686 692 696 699 700 705 706 708 716 725 732 740 748 757 760 765 768 771 780 786 788 793 800 804 812 816 822 831 833 842 845 848 855
9 15 17 18 26 29 32 35 41 45 49 50 52 54 56 61 65 73 81 88 94 95 98 104 106 107 110 117 118 120 128 132 139 148 150 154 158 165 169 177 185 188 195 200 205 208 211 215 218 219 228 235 244 249 254 257 258 259 264 272 281 290 299 300 305 311 319 320 322 325 327 333 340 345 350 352 360 362 365 368 375 380 381 388 397 401 404 412 414 419 427 436 441 448 451 452 458 459 464 473 476 484 487 491 495 501 502 507 509 511 512 520 525 533 534 543 546 548 549 552 560 569 578 587 596 605 613 620 625 629 637 641 648 652 657 659 662 663 672 681 684 686 689 690 693 700 704 708 712 713 721 729 732 737 741 750 753 761 765 767 770 774 780 783 792 798 806 808 813 815 819 820 826 828 837 843 849 850 857 864 866 874 877 880 885 894 895 898
5 13 22 27 33 37 42 50 58 66 70 72 81 84 90 92 97 100 102 109 116 121 129 138 143 151 154 158 160 163 168 177 181 182 186 194 203 208 212 218 223 231 236 243 251 254 262
7 8 12 14 23 28 32 35 42 47 49 54 58 62 66 74 83 92 94 99 100 109 112 115 120 129 134 140 148 155 158 167 169 172 178 180 185 192 200 203 207 214 218 227 228 234 241 246 248 252 253 255 258 263 271 278 280 287 294 300 303 307 316 317 322 327 330 339 343 348 349 357 364 365 370 377 379 380 387 390 397 404 413 421 427 432 433 434 438 444 451 453 456 460 468 474 478 487 492 495 501 508 511 517 519 522 529 538 540 544 547 551 552 556 561 566 575 580
8 12 19 21 26 35 43 45 48 50 52 57 58 61 66 74 75 84 85 89 95 97 101 102 107 112 114 117 126 129 133 136 139 143 150 156 158 166 167 172 177 179 182 187 189 194 195 204 211 216 221 229 230 232 240 241 250 258 260 264 269 278 287 289 292 298 301 309 314 323 332 337 339 344 345 352 356 362 365 371 376 380 381 389 391 398 400 402 411 415 419 426 427 429 433 436 438 445 448 450 458 467 474 483 485 494 503 510
8 11 14 22 24 29 31 32 37 41 46 47 51 57 58 61 65 74 77 83 88 95 98 103 112 117 118 125 126 130 131 134 135 144 149 153 154 162 169 176 182 187 189 198 201 209 211 213 222 227 230 233 240 243 244 246 253 260 263 266 271 276 283 287 291 293 301 305 306 314 316 325 331 339 341 348 354 363 366 373 378 384 388 389 394 398 402 410 415 423 429 432 435 438 442 444 445 452 457 458 464 466 471 473 479 482 484 493 502 507 511 519 526 535 537 542 547 552 560 561 570 575 584 586 587 592 598 605 610 618 626 629 630 635 640 643 646 647 656 659 667 673 681 685 694 696 705 707 711 716 724 727 731 735 741 742 747 755 759 760 765 773 777 782 786 793 794 797 804 812 815 824 831 837 843 852 854 859 860 863 865 874 879 888 891 899 906 907 909 913
4 7 15 18 25 29 33 39 42 51 59 63 69 73 75 76 85 91 95 102 103 105 110 116 124 130 138 141 146 147 151 159 164 168 170 178 181 187 189 197 198 207 210 213 215 218
5 6 10 19 22 29 35 42 43 46 47 50 54 60 64 65 70 74 77 82 88 89 96 98 101 109 112 114 117 118 127 133 139 145 150 156 161 166 167 169 178 186 187 191 198 205 207 209 217 224 229 236 239 242 250 256 264 265 274 279 284 291 299 304 309 313 316
5 8 15 17 21 24 27 30 37 43 47 49 51 56 64 70 71 73 76 77 82 91 98 102 107 116 124 126 127 128 129 131 136 142 150 153 154 160 169 170 173 175 180 187 189 194 201 205 207 212 215 218 226 233 238 240 247 255 258 264 267 274 277 285 289 291 292 295 296 300 309 314 319 320 324 328 330 333 335 336 345 352 355 363 369 377 386 395 400 409 415 423 428 434 442 445 451 460 463 470 474 482 484 491 492 499 506 507 513 518 525 529 531 538 543 552 555 557 558 561 562 565 573 580 588 592 597 598 604 605 612 614 621 629 632 638 640 645 651 652 655 661 662 664 668 672 678 679 685 691 698 703 704 708 712 718 726 732
2 6 7 12 15 22 25 28 34 36 42 45 52 58 60 69 70 75 80 81 89 94 95 96 104 110 111 115 120 127 130 134 139 143 144 148 157 162 164 171 173 182 191 192 195 200 205 212 218 222 223 224 230 238 244 251 258 264 266 273 278 279 285 288 294 296 303 308 310 316 323 326 333 338 344 352 359 367 370 377 383 384 390 397 399 405 410 416 423 429 432 441 442 450 457 462 468 477 480 481 486 489 494 495 497 501 504 511 518 526 534 538 544 552 558 564 573 574 582 591 594 598 601 607 609 612 619 624 627 630 632 634 643 646 647 654 658 666 673 675 680 689 695 702 711 717 722 723 727 736 741 743 744 750 759 760
8 11 14 19 24 33 41 42 44 52 60 62 64 73 75 79 84 86 92 100 107 110 116 119 126 129 133 139 143 152 158 162 170 171 174 179 188 197 201 210 213 218 224 231 234 238 239 246 254 260 269 277 281 286 294 300 306 310 317 326 333 340 343 349 357 361 363 365 370 379 380 382 387 392 401 404 411 414 416 422 425 433 437 441 442 446 447 452 459 462 468 471 477 480 484 492 501 506 509 511 517 525 527 531 534 543 545 548 554 557 564 566 571 572 575 582 583 588 594 603 608 609 610 619 622 629 637 646 652 661 669 672 680 687 690 696 701 702 705 713 720 728 737 738 739 745 746 753 756 759 768 774 782 791 800 805 810 819 826 829 833 840 841 847 856 861 864 867 871 874 882 883 885 890 898 905 906 910 913 917 919 920 922 923 927 934 935 943 946 949 954 963 969 971 976 984 993 996
7 13 17 26 30 33 42 45 47 49 51 54 58 65 67 71 74 78 83 88 92 101 104 110 116 119 120 126 133 134 136 144 153 162 171 174 183 190 199 206 210 219 223 232 235 242 245 250 253 258 266 273 275 279 287 291 297 306 309 311 317 321 329 332 338 345 354 359 368 377 383 389 398 401 402 403 405 410 418 427 434 438 443 444 452 461 463 471 478 484 485 494 496 504 509 511 518 524 529 538 541 543 546 547 556 558 565 574 577 581 589 597 604 609 614 615 620 622 627 632 634 640 641 647 652 658 665 671 678 680 682 687 688 691 696 700 704 708 716 717 720 726 735 739 741 748 755 759 764 766 775 780 784 787 793
2 5 12 16 18 24 30 38 44 49 52 55 61 63 70 75 82 85 91 97 105 110 114 119 123 132 140 148 150 157 162 166 167 170 174 176 182 187 188 195 202 208 216 218 225 232 237 243 249 250 251 253 259 261 268 272 279 283 285 289 297 298 306 313 319 323 331 334 335 340 341 345 347 348 354 363 368 369 376 377 384 393 401 406 414 418 421 427 433 438 445 449 457 466 475 478 479 488 494 499 507 510 515 523 532 534 540 548 555 561 562 564 565 567 574 577 579 582 586 593 596 603 606 609 615 619 624 630 634 641 643 645 651 656 662 663 665 671 676
6 13 19 28 33 40 45 53 59 65 67 75 79 80 87 88 90 94 96 104 105 106 108 112 113 116 117 122 126 128 131 138 145 154 156 160 165 168 170 178 180 185 193 194 200 205 209 218 224 229 235 242 243 244 253 256 257 262 270 272 276 283 289 297 298 303 309 318 325 327 332 339 342 345 349 355 362 365 369 378 383 384 393 396 398 407 411 412 421 426 432 434 436 438 444 452 456 465 468 469 470 475 482 484 485 493 499 504 507 508 510 514 520 529 537 543 549 554 562 564 567 568 577 585 594 595 598 599 601 609 610 617 624 627 633 641 644 650 658 662 669 676 677 679 681 690 694 700 703 708 711 715 716 717 719 728 730 733 736 745 747 756 765 767 774 775 780 784 791 792 801 805 814 818 827 834 840 845 853 861 867 876 882 884 888 891 894 898 903 912 919 921 925 931 936 943 945 952
8 13 16 20 22 29 34 35 36 42 47 56 58 63 72 75 76 85 92 99 102 103 112 114 118 122 127 128 135 142 147 151 154 157 164 168 169 172 177 181 189 198 205 209 211 214 221 227 232 241 244 245 253 261 269 277 278 280 284 291 295 304 307 312 316 321 322 331 333 334 343 350 355 363 371 377 380 387 394 401 404 410 417 418 425 427 432 436 445 448 456 461 468 474 480 484 486 490 497 504 508 513 522 525 529 530 533 538 540 543 548 554 563 565 573 579 587 595 599 603 610 615 618 623 625 626 633 642 651 658 664 666 672 673 680 686 689 695 699 702 710 715
8 11 13 16 20 22 30 38 40 46 47 53 59 61 65 70 71 75 76 77 83 89 90 91 93 96 101 108 113 120 124
5 8 15 20 24 26 33 42 46 50 52 56 62 71 78 80 84 93 98 103 104 108 112 118 122 124 131 140 142 147 148 151 157 165 170 173 178 179 182 191 192 197 201 210 217 221 230 233 237 240 242 249 254 256 257 264 265 268 275 281 282 283 292 294 303 304 305 310 311 320 326 335 342 348 352 355 358 364 367 375 376 378 387 393 401 404 411 415 419 423 426 433 442 444 452 456 457 463 471 478 482 487 491 497 506 507 513 514 523
9 17 21 26 28 37 40 46 52 56 64 72 76 77 84 86 89 93 96 104 105 109 114 115 120 122 130 137 141 149 154 155 160 164 172 180 188 193 197 202 207 215 224 231 234 237 244 251 253 255 263 266 269 278 287 294 301 306 308 313 315 324 333 338 347 353 356 362 364 371 375 384 391 396 405 407 414 420 425 430 436 444 445 452 453 456 457 464 473 482 490 493 498 507 512 519 524 529 533 535 538 539 544 550 553 555 557 560 566 570 578 581 586 590 594 598 604 610 611 612 620 623 625 629 637 641 648 652 659 661 665 668 671 678 686 694 702 708 712 715 723 732 740 744 745 754 762 766 773 782 790 796 798 800 804 806 814 820 826 832 841 850 851 857 865 868 876 883 890 895 903 907 908 910 917 925 926 927 928 933 941
3 12 21 27 34 41 50 51 57 58 67 74 79 86 87 91 100 108 115 117 122 129 136 141 147 151 159 161 162 167 168 172 180
9 11 15 19 28 37 44 47 51 54 55 62 70 71 77 80
5 9 16 22 25 26 32
6 7 12 14 18 22 26 34 43 52 56 63 65 70 79 84 89 98 100 104 108 114 119 121 123 129 138 144 152 158 163 167 175 177 181 187 188 194 203 205 206 214 218 219 220 225 233 237 243 250 259 261 270 273 274 281 287 288 297 301 303 305 310 317 319 325 333 338 346 351 352 358 362 366 369 371 379 383 391 394 395 397 405 411 419 424 433 441 450 457 464 466 475 480 485 488 489 496 500 504 511 513 519 525 527 530 538 545 551 552 557 562 570 575 577 581 590 592 596 605 606 615 617 625 633 639 640 644 649 652 654 655 656 660 663 666 671 675 680 683 691 700 705 714 723 727 728 734 743 744 751 759 766 775 784 789
8 16 18 21 28 30 33 42 49 58 63 64 69 76 79 86 88 91 93 102 107 108 110 118 119 125 129 136 145 148 149 157 160 165 173 176 177 186 193 195 197 200 209 216 223 228 234 235 236 244 249 252 258 266 275 280 289 294 296 304 312 319 328 337 344 345 353 355 364 372 380 387 390 392 399 404 406 412 416 422 424 425 433 437 444 445 449 452 458 459 466 472 478 482 489 496 501 508 509 518 520 524 525 528 536 543 544 545 553 559 563 568 572 574 578 583 590 594 596 600 601 610 618 624 628 637 641 650 652 657 663 667 674 683 686 692 701 708 709 716 721 730 736 743 750 756 758 760 768 776 781 788 796 798 804 806 811 818 822 825 826 828 829 837 843 850 854
5 12 13 20 21 23 32 40 46 50 51 52 59 64 69 71 74 76 83 87 96 97 102 105 113 120 121 129 132 136 141 143 148 152 157 162 171 180 183 192 194 199 207 216 223 227 236 244 246 250 253 259 261 264 269 272 279 284 290 297 302 304 306 315 319 322 327 331 337 344 347 353 354 356 360 363 370 374 381 388 395 403 410 414 423 429 435 443 452 460 469 474 483 490 495 501 507 513 514 519 524 527 531 532 537 538 547 555 560 563 568 573 582 590 593 597 603 611 620 623 630 637 645 651 657 662 669 675 678 681 684 687 696 702 710 717 724 729 733 736 740 748 751 757 759 765 768 777 782 783 787 794 798 804 811 815 822 829 836 843 848 856 862 866 869 877 882 891 899 900 903 910
9 15 19 23 30 35 41 48 50 51 57 64 67 76 81 85 88 97 102 109 114 116 124 129 132 136 139 148 152 155 158 160 162 168 177 178 185 189 190 195 199 208 214 220 222 228 229 234 235 244 253 262 271 276 279 288 293 301 307 309 310 312 319 320 325 334 336 337 346 348 350 352 359 364 370 378 387 388 397 403 404 413 418 421 422 429 434 442 443 450 452 456 459 461 463 470 476 485 492 501 509 511 518 519 521 525 529 530 533 536 545 550 552 560 563 565 570 578 583 585 593 601 606 613 619 623 625 630 636 642 643 652 656 659 663 671 678 683 686 687 688
7 11 12 21 28 32 34 43 46 55 58 59 64 69 73 74 81 83 88 90 99 106 114 115 116 123 128 132 141 149 151 160 168 173 177 186 190 196 199 202 205 213 216 218 226 230 236 244 253 261 268 277 281 289 292 296 297 298 307 314 316 322 327 332 337 340 344 353 361 367 372 380 387 391 393 394 395 401 408 412 415 417 419 421 425 426 435 436 441 450 452 453 460 466 467 470 478 483 492 498 499 500 503 509 518 526 532 541 550 557 560 566 571 579 580 585 592 599 604 605 607 613 618 621 624 628 634 638 645 650
1 4 10 13 21 22 30 35 36 44 52 57 59 67 69 70 74 83 91 98 99 105 113 117 119 128 133 141 147 155 158 162 163 170 172 173 182 185
8 13 16 25 29 30 38 41 50 57 58 62 66 71 74 78 84 87 90 96 104 105 107 110 116 125 129 138 146 151 159 162 171 174 178 183 185 188 196 204 206 210 216 224 230 238 244 245 248 255 264 271 277 284 286 292 297 304 308 316 321 328 330 333 336 344 349 356 358 363 371 380 387 391 398 401 410 418 427 434 439 445 449 454 455 461 465 467 472 474 477 478 486 487 489 497 500 503 506 513 522 523 527 530 536 539 548 556 565 571 576 579 588 590 595 601 604 606 614 622 623 624 625 632 634 643 649 652 655 664 668 674 683 685 691 698 706 714 721 723 728 735 737 740 749 752 756 765 769 778 780 789 798 804 811 814 821 829 831 837 840 843 847 851 854 863 869 872 878 881 885 894 899 905 912 920 921 927 930 937 939 941 947 956 962 970 977
1 9 14 18 24 33 38 47
9 16 23 25 32 34 36 39 42 48 52 58 62 65 74 79 81 86 94 101 108 109 117 118 119 123 132 139 140 141 148 150 155 159 166 169 171 177 179 186 194 202 209 213 216 218 220 224 232 235 244 253 259 260 267 269 274 282 286 289 298 303 306 308 311 320 327 332 338 345 348 355 362 366 374 377 385 388 390 393 394 401 406
3 7 12 19 21 24 28 35 37 46 47 51 59 62 67 68 71 72 76 83 91 97 104 107 114 116 122 131 137 140 144 150 152 155 159 167 170 175 179 185 189 190 191 196 198 204 209 210 216 219 220 224 233 239 240 247 250 254 256 257 263 268 273 277 286 293 300 304 313 320 321 326 331 333 340 349 354 358 364 369 372 380 381 384 392 396 401 405 409 410 416 417 419 424 431 435 436 438 443 446 451 453 457 465 472 475 480 482 485 493 499 507 514 515 516 522 526 528 534 535 539 548 557 564 571 580 581 590 597 602 608 617 619 627 632 637 642 651 654 661
8 12 14 20 23 29 31 33 36 39 46 55 57 60 64 67 76 81 83 88 93 94 103 109 115 116 119 126 135 144 146 154 163 170 177 181 189 197 200 206 214 219 225 229 233 239 247 249 256 260
6 14 19 21 26 28 34 40 48 55 60 63 71 76 80 84 93 94 96 105 108 117 120 129 137 139 145 154 159 168 175 177 180 185 189 190 191 196 201 209 213 214 223 232 233 235 239 240 246 248 255 264 269 275 276 281 284 286 287 289 294 302 307 316 320 321 330 334 335 344 346 348 353 358 361 364 373 378 385 392 393 396 399 403 412 416 423 429 432 433 435 438 442 450 452 458 466 467 470 473
1 2 8 10 13 21 26 33 37 40 47 55 60 62 65 67 74 83 84 85 88 91 93 102 107 109 111 112 121 122 129 134 140 143 145 153 162 169 178 181 186 192 196 201 210 215 218 224 227 236 237 244 250 254 256 258 266 268 273 279 288 289 294 301 310 313 321 324 331 335 341 344 345 348 349 357 366 368 375 383 385 388 395 400 402 410 415 420 424 427 433 434 442 447 455 462 469 474 482 489 494 497 499 503 509 517 524 533 541 543 548 555 563 564 565 569 577 582 586 590 592 600 608 610 617 625 631 633 639 644 653 659 667 669 674 678 680 686 688 695 696 702 709 714 717 719 724 733 735 740 742 750 755 761 763 767 775 783 784 789 792 798 802 803 806 814 817 826 835 836 845 848 855
8 9 16 24 25 30 36 37 44 47 52 58 59 65 73 79 85 86 90 99 104 107 109 110 111 120 125 129 135 140 146 154 158 165 168 174 175 176 182 190 196 200 207 210 216 225 226 230 236 240 245 249 256
3 11 15 19 21 25 27 35 42 44 52 61 66 72 80 88 94 99 105 107 112 121 123 130 139 148 154 163 171 178 186 195 198 199 204 205 206 214 215 219 226 235 236 241 247 253 260 261 265 266 269 277 284 287 296 298 302 304 310 311 313 314 321 329 335 340 345 351 352 358 364 370 374 376 378 380 385 393 399 402 408 411 418 421 423 428 432 435 440 443 452 455 456 459 461 467 470 473 481 487 491 496 503 510 514 518 521 529 530 533 540 543 551 556 562 570 575 580 588 592 597 600 602 606 609 616 618 627 635 644 652 653 657 661 667 673 682 688 695 700 703 712 717 723 726 727 731 739 747 749 753 760
5 7 8 15 18 21 27 29 30 31 33 42 48 50 59 66 69 75 77 79 80 89 96 103 109 115 118 127 133 142 143 145 146 152 159 163 167 168 177 182 185 190 197 205 212 219 224 231 237 243 246 254 256 264 267 268 272 274 279 280 285 291 296 302 306 315 318 324 329 331 333 335 340 348 354 360 367 370 371 372 378 383 384 385 390 394 396 397 400 407 414 420 421 424 428 429 431 437 438 447 452 459 466 474 477 484 486 489 497 499 505 508
5 9 17 26 35 43 52 54 56 61 70 72 78 84 89 96 104 106 113 114 119 120 125 133 137 142 150 159 166 168 177 185 188 192 198 202 203 212 213 221 229 236 245 252 253 257 258 263 268 272 280 287 295 302 310 316 317 322 327 329 333 334 342 346 349 357 358 364 366 374 380 384 391 400 409 418 420 427 435 436 440 443 446 452 459 468 471 473 480 488 494 501 504 510 518 522 524 531 537 542 546 547 556 564 568 571 578 584 587 588 595 604 611 618 625 628 636 645 649 650 651 657 665 666 669 673 681 685 693 700 703 711 716 725 733 738 745 750 757 763 768 771 776 780 786 790 795 799 803 809 811 814 817 821 830 839 843 851 856 857 861 865 869 872 877 882 888 892 901 909 918 921 924 928 934 940 947 949 955 956 965 969 978 983 991 994 1002 1007 1011 1013 1021
5 10 11 15 21 27 28 34 42 47 51 60 62 63 72 73 79 84 88 96 102 103 108 110 115 117 119 121 126 127 129 133 138 144 152 160 161 167 172 177 181 186 195 197 205 212 220 228 237 239 246 254 262 270 271 279 281 286 293 302 309 318 321 329 331 340 343 349 356 359 360 363 370 379 386 395 404 413 416 425 429 431 439 447 450 452
6 15 22 25 29 36 44 53 58 60 69 70 75 81 87 95 99 103 110 111 119 125 130 137 139 144 146 147 154 157 162 163 164 168 172 178 185 192
9 14 15 22 23 26 28 34 35 41 49 54 63 71 73 80 84 85 94 99 102 106 110 112 120 122 130 132 133 141 142 150 152 153 154 156 163 169 178 182 185 194 199 203 211 218 222 229 231 237 243 249 251 253 255 263 269 270 278 285 289 291 299 300 303 312 316 325 327 332 338 345 352 353 359 364 369 374 375 383 388 392 395 398 405 407 408 415 418 420 425 432 434 443 445 449 450 454 455 459 460 468 473 477 486 490 494 497 506 512 519 526 533 541 546 552 554 562 564 567 576 577 582 583 589 592 600 601 605 606 611 620 625 634 638 643 652 653 660 665 668 673 677 679 684 693 702 709 713 717 726 729 733 739 743 752 757 758 765 772 775 777 786 794 797 798 802 804 811 812 813 820 823 830 837 839 848 853 858 860 867 873 882 886 890 893 896 903 911 913 919 928 935
3 12 20 24 29 34 41 47 51 58 62 66 68 73 82 88 95 102 109 111 120 124 126 129 132 137 139 142 144 153 154 159 165
3 5 11 16 23 29 35 39 41 50 51 53 57 60 64 70 77 83 88 89 96 103 104 108 113 119 126 131 138 147 151 158 167 168 173 182 183 185 193 199 202 205 206 211 220 228 237 241 248 254 256 263 266 272 275 278 286 295 297 304 309 316 321 328 333 340 346 352 356 363 372 375 380 383 391 392 394 400 403 406 415 416 420 426 430 433 436 444 447 451 454 459 466 467 473 482 485 492 500 508 510 513 518 525 529 534 537 546 549 553 555 562 570 574 583 588 592 601 610 614 623 624 632 635 636 639 647 656 664 673 681 689 697 704 713 718 720 727 729 733
4 10 16 17 19 21 30 35 37 45 50 53 54
9 14 17 26 30 32 39 43 47 55 58 63
1 5 14 19 22 28 31 40 49 51 53 60 64 73 74 80 89 94 95 104 105 107 110 119 120 121 129 134 137 142 144 153 158 165 174 182 184
3 10 12 19 27 33 39 48 56 60 64 67 74 77 83 89 98 100 101 104 112 121 128 134 137 142 146 153 155 164 168 172 179 181 189 190 198 207 212 214 220 224 233 241 244 248 249 254 259 265 269 273 280 281 285 294 300 306 311 320 329 334 338 344 349 357 365 368 371 376 382 383 390 392 398 407 412 419 428 429 435 443 447 450 459 460 463 472 475 481 489 494 495 497 498 501 510 515 524 532 533 536 538 540 547 552 560 563 572 574 579 583 586 591 596 599 601 607 616 621 623 629 631 634 639 642 650 653 654 662 663 666 674 677 682 686 695 699 706 713 721 723 728 733 742 744 745 749 751 752 753 759 763 764 766 769 770 779 784 790 792 793 800 807 812 820 823 826 828
4 9 17 25 28 29 33 36 37 39 46 55 59 67 75 82 85 89 96 102 111 120 123 130 135 144 152 157 158 164 170 171 174 178 185 193 202 206 214 223 232 237 239 241 246 251 254 256 265 272 275 283 290 298 305 307 313 314 318 319 327 330 337 341 344 347 349 353 361 366 371 372 377 380 381 385 390 396 399 408 410 419 425 433 437 443 447 455 459 466 469 478 487 494 496 498 507 508 510 519 520 521 530 535 536 539 548 551 556 564 570 576 585 590 598 603 610 615 619 628 635 638 640 644
3 7 10 18 26 34 36 40 48 49 56 59 67 70 79 81 90 91 99 106 115 123 125 126 135 143 150 159 163 169 176 179 184 192 197 204 205 209 217 221 229 233 237 246 247 252 261 268 269 278 281 283 285 291 300 304 313 316 321 325 333 335 344 349 350 359 362 371 373 381 383 389 393 398 404 412 414 416 420 429 433 441 442 448 457 458 462 470 476 480
1 9 12 21 28 31 33 38 39 42 46 51 58 60 65 70 78 87 89 90 97 102 106 107 111 112 113 117 118 120 128 135 143 145 149 154 158 166 172 173 174 182 185 192 195 204 212 220 226 228 236 240 249 251 258
7 10 19 25 34 36 40 43 44 46 48 57 62 71 79 88 92 94 103 111 113 114 118 121 126 131 139 145 146 149 157 165 171 180 189 198 204 210 218 219 224 227 236 240 246 251 258 261 265 270 278 287 290 295 299 302 307 312 313 321 329 331 337 340 344 353 354 356 358 361 368 371 380 382 384 389 396 400
1 10 17 25 27 35 41 43 48 55 56 65 70 77 81 90 97 99 106 108 114 123 125 127 130 133 137 139 145 151 160 169 171 178 183 188 193 196 198 200 209 217 220 228 235 243 247 249 255 262 267 270 275 277 282 285 292 297 298 302 307 316 321 325 329 334 339 345 353 356 364 372 374 377 381 388 393 394 397 405 413 418 426 429 434 443 450 453 460 462 471 473 479 488 497 500 509 511 520 526 530 532 535 538 543 547 554 558 562 569 577 585 591 594 595 601 607 610 613 617 618 627 633 635 636 645 651 658 662 670 672 674 678 683 689 692 694 700 702 711 718 720
5 7 15 20 26 33 42 47 55 56 65 69 73 79 87 91 99 103 107 108 111 114 119 123 131 133 140 146 147 155 159 166 172 173 177 178 181 185 186 194 195 200 205 214 222 231 239 242 247 254 260 264 269 276 278 282 284 286 293 300 309 312 315 322 325 332 337 345 352 360 361 366 371 375 384 386 392 401 404 409 415 423 429 438 440 449 456 458 466 475 479 482
9 18 26 32 37 43 51 52 60 68 71 76 82 84 92 99 105 111 117 118 127 135 139 146 147 154 157 159 165 173 181 187 188 192 196 201 207 209 212 215 220 224 230 239 242 245 252 259 262 268 272 281 284 289 294 303 307 308 310 319 324 332 337 338 347 356 365 369 375 379 386 391 400 407 416 417 419 425 431 440 442 448 456 461 463 465 474 478 484 488 494 502 503 507 508 511 519 526 529 538 544 545 552 560 564 568 572 580 586 592 598 607 615 624 625 628 633 634 635 638 643 651 657 660 662 668 670 679 680 686 690 698 699 703 705 714 717 718 720 723 732 737 745 748 754 756 760 761 765 772 781 784 786 790 794 795 797 804 805 809 816 822 828 829 832 838 842 847 851 858 860 865 866 868 872 873 878 879 887 889 892 893 902 907 916 918 924 926 930 935 938
2 10 13 18 25 30 36 44 52 56 64 71 72 77 82 85 88 92 99 100 107 115 118 126 135 142 143 145 153 156 164 165 168 176 179 186 193 197 206 208 209 211 219 221 222 225 229 238 245 251 257 266 273 277 286 289 293 295 303 310 314 318 324 332 334 342 347 350 356 359 360 364 367 374 382 384 387 394 402 410 416 419 422 427 436 441 450 458 462 466 472 477 478 483 491 498 500 508 509 510 519 523 530 539
8 9 16 22 24 31 40 45 49 57 65 68 69 74 80 86 94 98 105 112 113 122 130 139 143 149 156 158 162 163 172 179 185 188 190 195 201 210 218 227 235 237 239 242 246 255 257 259 263 270 279 280 287 290 297 303 310 316 317 326 327 336 344 345 347 352 361 363 366 375 377 382 388 390 396 402 403 406 408 414 421 426 435 440 446 447 451 454 461 462 464 465 471 472
5 12 14 16 22 23 30 31 39 45 50 58 60 68 77 82 88 92 95 101 109 110 117 125 133 137 138 142 149 152 159 164 171 176 180 184 186 192 199 204 208 214 218 223 231 240 241 246 247 251 253 256 261 265 270 276 283 290 295 301 310 315 320 328 331 332 335 340 342 347 353 357 360 369 376 383 385 388 396 405 411 418 427 428 434 441 445 450 458 466 467 472 474 480 481 485 486 491 496 499 504 509 513 519 523 531 540 542 549 554 556 557 566 567 574 582 589 591 592 599 605 612 617 623 630 635 643 648 650 659 660 663 672 675 676 682 688 692 695 704 706 714 722 725 730 732 733 738 743 748 750 754 760
2 6 14 20 26 30 31 32 33 40 47 50 57 63 72 77 79 84 90 96 97 100 105 112 116 121 124 131 134 141 145 153 158 166 168 177 180 181 190 194 195 199 207 212 217 218 220 223 225 231 237 246 252 259 268 269 272 275 284 288 297 302 307 311 315 316 317 326 334 340 349 350 357 358 364 372 374 383 391 392 394 398 407 408 413 422 430 433 439 445 452 458 460 462 471 475 476 482 483 491 499 508 515 516 524 527 536 543 548 557 561 565 571 579 583 584 587 593 596 603 606 612 619 624 627 634 636 641 646 654 659 666 671 674 682 687 689 692 695 697 703 705 713 719 726 729 736 743 748 749 753 755 764 770 776 779 784 790 797 801 807 810 818 821 827 831 840 845 849 856 862 867 871 873 880 881 887 891 892 896 900 901 908 911 916 923 931 939 947
1 9 15 16 20 23 24 32 39 47 55 58 61 63 68 76 81 87 88 90 96 104 110 114 116 119 126 128 137 140 146 147 154 158 166 169 170 178 180 184 191 198 200 202 211 214 223 230 238 242 247 255 262 269 271 280 287 290 295 296 299 307 313 316 320 325 330 335 344 347 355 360 364 367 371 373 375 379 383 386 393 402 404 413 418 427 428 432 435 439 443 446 455 461 468 473 475 477 479 487 496 505 510 512 516 520 529 536 537 546 549 556 560 564 572 578 579 588 597 602 607 608 612 620 628 630 633 634 639 645 651 653 661 670 672 673 675 683
3 7 12 19 23 29 36 41 50 51 56 58 67 75 83 91 95 100 102 106 111 118 121 127 135 142 144 150 151 153 156 161 164 167 176 179 184 190 196 202 203 209 218 224 229 230 236 238 240 246 253 259 265 274 279 281 283 289 293 295 297 299 300 309 312 316 323 328 332 340 346 350 356 358 365 372 380 389 393 402 411 420 427 430 437 441 450 454 460 462 471 476 484 488 491 498 500 507 510 513 515 524 530 532 541 550
1 7 14 22 25 27 29 30 36 40 47 52 55 63 68 69 71 78 87 92 98 101 107 108 113 122 131 132 134 142 151 155 157 161 164 165 174 176 185 187 196 201 202 203 208 209 216 217 225 228 235 242 244 251 252 259 268 270 277 283 291 298 305 310 313 317 325 332 341 349 351 357 365 371 374 375 381 382 383 391 400 406 411 414 416 419 426 430 433 439 445 454 463 470 471 476 478 487 490 491 498 502 509 510 517 523 529 538 547 553 562 566 568 569 576 583 586 595 603 605 613 614 621 626 627 632 638 645 650 653 657 659 661 663 666 673 674 682 686 687 694 700 704 706 709 714 723 724 728 731 732 741 742 751 759 762 763 771 774 775 783 792 799 804 807 816 824 825 833 836 841 844 850
2 7 9 17 21 22 27 32 37 42 46 52 56 62 68 77 80 89 93 100 104 111 120 123 128 136 142 147 153 155 164 172 175 176 183 188 192 198 201 203 206 208 211 215 222 230 238 243 250 251 256 262 268 276 282 290 298 301 302 306 315 322 324 327 333 341 349 357 358 361 364 367 368 377 378 381 390 393 395 403 405 407 408 409 413 420 429 433 434 437 440 441 442 448 450 453 457 463 465 471 472 474 476 483 486 495 499 500 507 515 523 531 539 541 548 549 558 562 570 575 584 585 592 600 606 613
2 8 10 13 15 19 21 28 32 35 38 47 54 56 63 68 75 82 87 93 94 99 105 110 112 115 116 122 125 134 141 143 151 154 159 168 176 177 186 187 196 205 210 214 217 219 220 226 235 241 246 247 250 258 263 266 274 275 282 286 294 302 309 317 324 331 340 342 350 359 366 375 383 389 397 400 407 415 416 419 424 428 433 437 439 447 456 460 465 473 477 480 487 489 497 500 509 513 514 521 526 535 544 551 556 563 570 571 579 588 596 604 611 617 620 623 627 634 641 645 649 650 659 668 670 675 676 682 683 685 690 692 693 702 711 719 728 729 733 738 741 745 746 748 756 759 761 769 776 784 792 793
7 8 11 20 24 33 35 42 44 49 51 56 65 74 81 86 88 97 99 108 117 123 125 129 137 146 151 159 161 170 171 178 187 196 202 206 215 217 224 230 236 245 252 254 257 261 265 270 275 276 279 286 294 300 302 305 310 314 323 332 340 342 346 348 353 360 364 373 378 385 391 398 404 407 412 419 423 425 430 432 434 438 445 449 457 460 468 469 477 482 484 491 497 504 511 516 517 526 530 536 540 543 549 554 557 566 575 576 579 584 588 590 591 596 600 603 606 614 619 627 628 631 636 640 649 658 661 667 674 678 686 688 693 695 698 700 702 709 717 718 725 733 735 738 743 747 756 757 766 769 772 778 785 786
9 16 21 28 36 39 46 54 58 63 68 73 76 85 89 91 99 100 102 111 116 119 127 135 144 152 155 156 165 167 174 183 184 191 193 194 200 207 215 219 225 234 239 247 248 256 263 270 276 279 281 285 288 296 301 305 307 309 314 323 327 328 333 340 348 349 357 364 367 369 371 373 382 390 392 396 400 403 411 418 423 424 427 433 436 439 445 446 448 450 453 457 459 465 472 473 479 484 486 494 500 506 514 515 516 523 531 538 542 545 547
2 8 17 21 26 28 34 35 37 41 48 53 56 64 69 71 79 80 85 88 92 94 95 99 104 107 108 117 124 125 134
4 10 18 23 29 32 41 45 46 54 63 67 73 78 83 87 90 96 101 102 111 114 121 122 130 139 147 154 155 162 171 179 185 190 198 204 207 208 211 214 221 222 225 228 235 244 247 254 260 266 272 277 286 293 299 302 304 311 317 323 329 333 340 342 348 356 362 371 373 380 385 388 397 398 399 403 409 410 416 422 428 437 443 444 452 456 457 460 465 472 475 480 482 490 497 499 505 510 515 522 527 530 535 542 548 549 555 556 562 567 571 580 582 591 600 601 607 612 621 629 637 643 652 659 661 663 664 672 677 678 687 695 702 707 714 721 725 729 734 741 745 746 751 760 761 763 771 777 784 786 789 797 798 803
7 16 25 30 35 38 45 51 58 64 72 73 79 88 97 104 112 116 121 130 135 138 142 147 154 159 160 162 170 174 175 178 182 191 198 204 208 213 222 227 228 229 238 245 254 261 269 271 275 278 286 290 294 295 298 302 309 310 315 321 328 334 340 342 346 348 351 358 364 365 374 375 382 387 391 399 404 406 413 415 423 425 429 438 441 444 450 456 464 471 474 478 482 484 488 492 499 503 505 513 522 524 533 534 537 541 547 550 559 567 570 579 587 588 596 604
5 13 15 21 25 29 33 40 46 48 54 55 64 73 75 79 88 94 103 104 107 113 120 127 128 137 138 143 147 155 162 163 170 177 186 191 195 203 205 207 211 214 222 230 234 240 248 254 255 264 267 273 275 278 282 288 291 297 306 309 314 320 322 330 334 342 347 350 353 360 369 376 381 388 389 397 403 408 415 422 430 437 445 452 456 462 466 468 477 479 482 489 490 499 507 515 518 521 528 531 540 547 552 556 557 565
2 8 12 21 30 39 46 49 53 54 61 67 73 76 81 85 94 98 100 109 117 120 128 134 138 144 147 150 155 156 165 167 174 183 186 194 200 204 210 219 224 225 231 240 249 250 257 258 267 272 275 276 282 283 284 291 299 308 314 321 324 333 336 343 350 355 362 363 365 366 370 378 382 384 392 401 403 411 412 419 426 430 438 442 448 450 451 455 457 458 460 462 468 470 473 482 486 488 490 491 493 499 507 508 516 517 526 531 533 539 540 545 549 557 559 568 573 581 590 592 598 599 607 615 618 626 634 635 638 642 650 652 656 658 662 666 670 673 681 687 689 692 697 703
8 12 17 25 34 40 46 54 61 69 73 79 87 91 98 103 108 114 116 122 128 134 137 143 149 156 165 167 172 177 186 192 195 198 200 206 213 215 221 229 234 241 247 253 257 259 263 270 275 276 282 285 291 299 307 308 309 314 320 326 335 336 341 348 354 355 360 369 375 377 379 382 384 385 386 393 402 407 412 421 425 428 436 445 452 458 460 467 468 470 476 485 493 498 505 511 516 524 530 533 539 545 552 556 558 565 566 567 576 579
1 10 15 21 25 34 38 43 44 48 52 57 63 71 74 75 82 89 98 102 105 112 119 123 124 133 135 143 145 149 150 152 158 161 163 171 173 180 186 195 196 199 202 204 209 210 211 213 220 228 230 232 236 239 246 251 257 258 264 273 276 281 284 291 299 306 310 317 326 334 338 345 347 353 360 361 365 372 379 386 388 389 398 405 411 419 421 429 436 438 440 445 454 460 468 472 481 486 490 495 500 504 513 522 525 530 538 546 554
3 9 18 27 30 33 38 45 52 58 62 68 73 74 76 80 81 90 98 102 109 117 118 122 130 138 140 141 145 146 155 161 165 173 182 183 188 193 196 197 202 203 210 217 221 229 232 241 245 250 252 254 260 264 272 278 283 284 292 300 303 311 318 321 329 338 341 347 354 360 368 376 385 390 394 395 403 410 413 419 427 433 436 440 449 458 463 464 467 476 481 486 488 495 504 511 513 522 526 532 534 536 542 548 556 565 571 576 577 581 585 586 595 600 607 614 615 617 620 623 630 637 642 646 648 654 663 672 673 680 686 692 701 707 711 715 722 725 726 733 740 741 743 751 757 761 769 777 781 789 798 803 805 812 818 824 833 841 844
1 9 16 18 26 33 36 41 43 49 57 59 66 71 77 85 89 92 93 98 104 108 111 114 117 126 134 142 144 146 153 154 160 168 176 181 188 192 200 209 211 216 225 230 231 239 240 246 252 255 258 266 272 274 277 286 288 293 296 304 306 312 315 320 322 323 328 329 332 338 346 353 356 362 370 374 380 387 391 400 402 403 411 412 413 421 428 434 439 442 443 447 448 452 460 467 470 476 480 486 495 501 504 510 512 517 519 526 531 535 538 542 546 551 558 561 568 572 575 581 585 594 598 605 606 607 610 616 618 627 628 630 637 644 651 660 661 666 667 668 672 680 684 686 688 691 698 704 711 714 718 720 725 732 734 737 741 746 755 760 761 770 775 783 785 794 797 806 810 812 815 823 825 826 829 830 837
4 8 9 10 12 13 22 24 31 32 35 38 41 49 55 60 62 71 78 82 86 90 91 98 103 109 117 125 129 132 136 143 150 157 165 170 173 182 185 188 193 196 202
1 3 10 16 24 28 37 43 45 54 58 63 65 68 76 80 86 92 101 110 111 116 120 123 132 140 147 152 160 169 171 173 178 187 193 194 197 200 208 209 213 214 215 217 222 228 231 232 240 248 253 256 260 266 272 273 281 283 290 295 298 300 301 302 303 311 318 321 328 335 340 346 347 351 360 364 373 375 383 386 395 402 405 414 416 422 423 425 432 438 439 440 443 451 456 463 465
2 5 12 16 23 31 38 47 54 59 65 67 70 75 82 88 95 97 98 101 105 106 115 118 126 135 143 152 156 160 166 169 172 177 178 182 183 189 198 207 208 211 212 221 225 234 243 252 253 254 261 268 274 279 285 294 299 301 310 311 317 320 326 327 335 337 343 350 354 355 357 359 360 362 369 373 378 383 389 398 401 404 413 420 421 427 429 437 442 451 460 464 472 478 479 484 487 490 491 493 497 503
6 9 16 25 27 35 40 41 48 55 59 65 70 72 73 74 80 86 95 99 108 110 112 115 119 123 132 140 141 145 154 159 161 167 169 177 178 187 194 198 204 207 215 223
1 2 5 9 18 20 24 32 35 43 49 54 62 68 70 76 78 80 87 92 101 104 113 116 125 127 128 131 134 142 149 154 163 165 169 177 183 191
4 5 7 12 15 24 27 34 41 44 50 59 64 71 76 78 82 85 90 99 108 115 121 130 131 137 138
9 14 21 23 24 26
2 5 12 20 25 32 39 47 53 55 58 59 61 65 70
2 6 8 14 20 27 32 41 48 50 53 60 67
1 4 7 16 21 29 30 37 38 46 51 56 65 72 78 85 94 99 104 106 111 113 114 122 124 133 136 144 147 148 152 156 162 170 171 173 180 188 192 201 210 219 220 227 231 235 240 246 252 261 269 278 282 285 294 298 299 307 309 318 325 326 327 333 334 336 342 345 350 354 362 368 376 383 389 390 393 400 408 417 426 431 436 444 448 453 456 464 472 476 479 483 488 495
3 4 5 10 15 21 29 37 39 46 48 53 58 59 60 65 69 71 73 75 84 88 90 96 104 110 118 125 129 131 135 144 147 154 159 163 168 175 177 182 188 190 192 194 202 211 218 223 224 232 238 243 249 255 260 268 273 281 288 293 295 298 302 311 315 319 328 334 343 350 356 357 362 367 369 376 384 389 391 396 403 409 412 421 427 432 437 444 445 446 451 457 462 465 466 475 482 489 493 496 500 503 510 516 523 524 532 535 544 546 555 558 564 569 571 574 580 585 591 600 605 610 619 628 629 634 636 638 647 651 660 669 674 680 681 688 697 702 710 717 720 729 734 738
4 13 21 24 25 30 32 33 35 43 49 55 59 67 73 79 83 87 93 95 104 107 115 118 119 128 137 139 144 147 155 157 158 163 164 167 171 177 183 192 197 205 210 213 218 219 226 235 240 241 245 252 256 264 272 278 280 281 285 293 302 304 310 316 319 322 324 329 332 339 345 354 359 364 368 370 371 379 383 389 392 399 402 406 413 418 422 426 433 438 442 444 445 447 456 458 461 466 469 474 483 489 496 504 505 514 515 520 523 528 536 539 541 542 551 559 568 572 576 583 589 596 598 605 608 615 624 633 640 642 644 649 650 652 660 666 669 674 683 691 693 698 699 703 708 714 716 723 724 726 732 740
7 10 19 20 25 33 34 36 38 40 47 50 59 61 63 70 78 80 86 91 95 104 109 114 115 121 125 134 140 147 153 162 170 171 173 178 180 188 192 194 198 204 210 211 219 223 229 236 239 245 248 256 261 265 269 275 280 288 292 297 304 311 313 321 325 332 334 338 339 344 346 352 356 358 367 370 379 386 391 400 402 403 406 410 418 427 431 436 438 439 447 448 456 464 469 472 477 483 490 492 501 507 511 512 519 524 528 536 544 553 559 566 572 580 589 592 599 606 614 621 622 629 638 641 650 659 660 667 669 676 680 685 686 688 691 694 702 704 711 714 716 718 721 730 739 740 743 747 754 756 765 769 775 778 783 790 796 805 813 816 825 829 836 844
3 7 9 10 12 14 18 23 28 36 43 46 53 56 57 61 63 72 73 78 86 91 95 102 104 110 117 124 127 130 133 142 145 154 157 163 172 176 178 181 184 192 199 203 212 217 221 226 229 237 240 245 247 251 252 261 262 266 275 282 287 289 294 298 299 306 314 315 318 321 326 329 335 337 345 352 359 362 367 373 375 378 381 382 384 391 395 396 404 409 418 424 426 433 434 440 448 453 457 464 470 478 483 488 489 494 501 506 512 517 523 527 534 538 544 553 555 563 568 575 579 582 587 591 595 602 603 612
7 11 19 24 27 32 34 38 40 49 51 58 59 65 73 82 90 96 103 112 120 128 133 138 146 151 157 161 170 174 182 187 191 197 203 208 214 217 224 232 235 237 239 245 251 255 262 265 267 270 279 283 289 292 293 294 295 302 310 318 325 329 330 335 336 339 344 353 357 364 367 376 379 387 392 401 408 412 414 423 425 427 432 436 442 447 451 458 464 466 473 479 480 486 487 492 499 502 506 511 513 518 521 525 528 534 540 543 547 555 558 562 571 575 577 581 582 589 597 600 607 608 609 617 626 634 639 642 651 657
6 13 15 17 25 33 42 47 55 64 69 72 76 81 85 87 92 93 97 102 108 114 119 121 127 129 137 146 151 160 169 178 179 182 188 192 200 204 210 216 222 229 231 240 242 246 251 253 255 262 265 268 272 278 282 289 297 301 303 310 312 317 319 328 333 342 347 350 358 366 368 374 378 383 384 385 394 398 403 406 408 409 415 421 424 433 434 440 443 446 447 454 461 468 475 484 488 490 498 505 507 514 523 532 539 544 545 553 560 567 574 581 583 586 594 599 605 613 620 622 625 628 637 638 646 653 662 666 672 681 683 691
7 11 12 20 28 29 38 47 55 59 67 75 80 89 93 98 100 102 107 116 118 121 124 127 136 145 152 157 163 166 167 174 181 186 193 195 197 201 205 207 211 219 222 226 235 240 242 250 258 265 266 272 280 289 291 297 304 311 316 322 326 332 341 344 348 352 356 360 369 376 378 387 389 395 397 399 404 408 414 415 421 425 432 439 447 456 465 473 479 483 492 493 496 503 506 515 516 517 522 524 530 534 540 544 549 558 561 569 573 579 583 592 596 597 605 607 614 619 623 628 636 639 640 645 646 654 658 661 669 675 683 688 692 698 700 704 713 714 720 727 736 745 748 757 763 768 770 776 782 791 798 800 809 811 815 823 826 833 841 845 847 853 862 870 878 879 883 890 897 900 908 909 913 915 924 929 934 935 940 944 950 955 956 957 962 971 976 982 989 993 994
2 6 15 18 19 26 27 34 43 50 54 57 62 68 77 79 87 96 104 110 113 120 121 125 126 129 138 141 145 150 158 159 163 169 177 182 187 194 202 205 210 212 219 226 227 231 239 246 251 259 268 275 278 279 288 294 297 303 311 313 318 321 328 331 340 349 353 362 367 368 376 384 389 390 393 400 402 404 408 415 419 427 432 439 444 448 450 458 459 464 470 478 481 489 490 495 504 505 514 521 523 526 533 534 542 551 556 564 566 572 578 580 585 590 593 597 599 607 611 618 625 628 636 639 645 651 652 659 660 662 663 672 676 685 691 698 704 710 719 721 729 737 742 743 745 748 752 754 761 763 767 768 777 782 784 792 801 805 806 813 820 828 831 836 843 846 848 855 862 866 873 879 882 888 892 896 902 909 913 916 917
6 9 18 21 28 37 45 46 53 57 62 65 70 71 78 82 88 89 98 103 105 111 116 125 126 135 144 149 157 163 166 175 176 181 182 183 191 200 209 214 217 220 224 230 234 239 240 249 251 260 261 266 274 282 285 294 297 301 303 307 314 320 326 327 331 333 337 344 346 349 353 358
2 5 14 18 20 26 32 33 42 47 52 57 58 66 71 74 75 84 86 92 99 103 104 108 110 114 116 119 127 133 137 145 150 156 157 161 169 174 179 184 192 194 201 207 214 222 223 224 230 237 239 248 249 258 266 268 272 279
8 10 12 14 20 26 31 37 45 51 57 62 71 73 74 83 84 92 94 102 103 110 111 120 122 128 131 138 140 145 147 150 152 157 166 175 180 188 194 196 197 200 204 205 209 213 215 218 227 228 234 243 246 247 250 251 259 266 275 282 286 288 292 298 302 308 313 316 322 324 328 333
1 6 13 20 24 27 33 39 44 51 59 67 74 80 88 90 91 96 97 100 107 115 117 125 126 129 137 140 144 149 154 158 165 170 174 178 184 187 196 197 199 208 213 216 224 231 240 241 246 250 257 266 275 281 290 291 293 294 301 308 309 318 327 335 338 345 350 355 358 366 373 377 381 390 394 401 410 413 415
6 12 19 25 30 31 32 40 45 51 52 58 67 75 78 83 91 96 101 109 118 122 131 134 141 145 152 160 165 170 171 180 187 191 198 204 210 218 219 227 228 237 238 243 247 255 257 266 271 274 279 284 292 295 300 307 311 314 320 323 329 337 343 347 348 355 364 372 373 376 379 387 391 394 397 398 402 403 406 411 420 427 430 433 441 445 454 461 466 474 482 490 494 503 505 511 513 519 525 532
8 16 25 34 37 38 43 45 46 54 55 64 70 71 76 83 91 98 107 112 120 129 135 139 141 144 153 161 170 172 175 184 191 197 200 201 207 216 222 226 231 232 234 241 246 250 259 267 272 279 282 286 291 296 301 302 307 312 316 319 328 330 332 334 336 342 348 356 363 372 380 388 391 392 396 399 408 415 416 423 424 431 432 436 445 452 458 465 472 478 483 491 496 497 500 507 511 517 520 521 530 539 543 547 556 565 569 575 583 591 596 602 607 609 610 614 622 627 636 644 653 658 664 670 672 679 688 692 700 708 712 716 720 728 736 739 745 749 751 756 761 767
1 2 9 13 17 19 25 34 39 48 50 55 57 63 71 80 87 89 94 97 102 107 115 117 125 129 133 137 141 148 155 161 162 163 170 176 181 184 186 189 192 197 200 209 215 218 224 233 237 238 242 246 249 258 259 260 266 268 276 280 285 289 290 292 301 308 312 319 324 330 339 345 349 358 359 367 369 373 381 385 390 392 399 405 410 414 419 425 430 432 440 444 446 449 454 460 467 475 477 482 487 495 502 503 512 513 515 520 525 533 535 538 547 548 555 558 561 564 566 573 582 584 585 586 590 591 600 603 608 612 620 623 632 633 636 639 646 655 662 669 677 683 685 691 697 699 705 713 714 722 725 729 735 738 746 747 749 750 752 759 766 767 771 774 776 785 792 795 796 803 811 817 818 822 824 830
1 10 19 21 23 30 34 41 48 51 53 57 63 69 72 76 77 86 89 93 95 103 112 114 118 127 134 137 140 146 149 156 157 166 172 173 182 188 195 201 206 210 213 215 223 225 230 238 246 251 259 267 268 269 270 276 277 282 283 291 295 299 300 303 306 311 312 320 324 327
7 9 15 24 26 34 38 44 48 54 61 66 75 78 85 94 100 109 114 123 126 130 132 135 137 142 143 147 150 158 165 169 173 175 179 181 186 192 199 206 213 218 227 228 231 233 239 246 253
6 9 13 17 26 35 37 39 45 46 52 57 66 71 74 80 87 93 94 103 111 118 122 131 133 141 146 150 153 156 159 160 163 172 181 188 191 194 203 209 216 219 227 236 242 249 257 264 266 271 275 279 286 287 291 293 302 307 312 318 326 334 337 342 350 351 358 365 366 368 369 371 377 385 387 392 400 403 409 415 421 430 435 439 443 451 457 461 466 467 476 477 483 485 486 487 494 503 509 512 513 514 516 518 527 533 534 535 541 548 550 552 554 558 561 569 570 578 587 595 602 607 611 613 618 626 627 631 640 641 650 651 653 661 670 671 677 686 693 695 703 706 710
5 6 14 19 24 29 34 35 38 46 55 57 62 70 75 84 89 98 107 113 117 124 128 133 137 144 148 152 157
7 15 18 23 31 38 44 47 50 57 63 65 71 79 86 93 99 100 107 113 116 123 129 133 137 144 147 150 155 164 165 166 173 178 185 188 196 200 209 217 225 229 230 232 234 238 243 247 248 249 254 257 258 259 263 267 271 277 286 295 299 302 308 310 315 323 328 331 340 344 348 354 358 363 368 369 377 384 387 391 392 397 404 407 408 411 413 421 425 434 441 443 446 454 463 472 473 478 486 492 498 502 505 510 519 521 527 531 535 542 549 553 554 563 569 570 579 580 585 594 600 601 607 608 614 617 619 620 621 629 631 636 643 647 656 658 660 662 666 667 674 683 686 691 696 705 709 713 716 724 725 732 737 744 746
3 4 13 19 22 28 33 40 49 53 61 68 76 81 82 88 90 99 105 113 114 120 122 129 137 146 152 154 158 163 167 175 183 185 192 193 200 205 206 211 215 219 227 229 231 233 239 245 248 251 256 260 263 272 279 280 283 284 285 294 299 301 304 308 314 321 322 323 330 339 342 351 355 360 368 377 381 384 388 395 402 408 414 417 423 428 431 435 444 446 455 457 459 463 471 480 484 491 494 497 503 512 521 523 528 530 538 546 553 558 566 575 576 584 589 592 594 599 608 611 618 621 622 630 635 639 647 654 657 658 663 668 673 674 677 686 691 694 700 709 710
4 13 20 27 33 41 46 51 54 55 63 69 72 79 87 92 93 99 102 108 116 120 126 134 141 143 145 148 149 154 160 166 171 177 183 186 187 188 195 200 203 207 214 222 230 235 240 245 248 250 251 257 260 264 270 276 279 283 292 296 302 307 312 320 326 334 340 344 346 350 354 362 368 369 374 382 390 396 398 407 414 421 426 430 433 440 444 453 460 469 476 478 484 492 494 495 497 500 509 513 519 522 523 529 533 541 544 551 556 565 571 574 579 585 586 594 600 606 610 616 618 621 624 626 632 641 642 644 652 660 669 672 678 679 687 690 691 697 698 706 708 710 718 727 736 741 742 747 756 761 765 767 774 783 790 792 801 805 809 814 817 822 831 836 845 848 857 862 866 873 881 885 892 901 903
7 12 19 22 31 33 39 43 51 52 60 67 70 79 83 91 95 96 99 100 105 110 116 123 132 134 141 147 150 152 157 165 167 170 175 184 185 187 190 197 199 208 217 220 229 234 239 241 243 250 252 257 261 266 273 275 283 285 289 293 301 310 316 319 322 329 338 346 348 353 356 357 359 368 369 370 373 379 381 382 384
5 10 19 26 33 41 44 50 51 59 60 61 64 73 80 87 88 90 93 96 103 111 118 122 123 127 130 131 139 142 148 151 159 165 167 174 178 181 186 187 195 200 201 203 209 213 215 216 225 232 234 236 245 247 252 256 265 266 275 281 287 289 290 293 298 304 306 310 316 324 333 334 338 346 350 352 355 361 362 371 373 382 388 389 394 396 404 407 411 413 422 430 433 439 443 447 452 458 461 462 467 472 477 483 484 492 494 501 510 514 523 525 531 540 547 550 552 556 563 565 567 570 577 586 593 598 602 606 609 618 626 635 642 648 652 653 662 665 671 675 676 678 682 686 688 696 701 705 709 716 718 727 732 738 747 753 759 768 771
1 3 8 11 13 17 25 33 35 36 39 45 46 54 55 59 62 69 72 77 81 90 96 100 102 111 113 118 122 123 127 133 136 142 144 150 156 165 171 174 178 182 186 193 201 208 215 216 222 226 234 239 244 251 258 265 274 283 287 290 292 300 305 306 309 314 321 329 331 333 340 346 351 357 361 367 374 375 376 382 387 395 404 412 421 424 433 437 444 450 451 459 464 467 472 475 484 486 488 496 502 507 515 521 524 532 536 544 547 555 559 567 569 574 583 586 590 599 601 610 615 623 626 630 636 642 649 654 655 656 663 670 676 679 684 693 695 697 698 701 709 712 718 724 727 728 736 741 750 759 763 772 778 780 786 794 802 808 809 818 824 826
5 9 15 20 26 35 44 47 54 56 62 68 75 81 87 91 98 99 108 110 119 128 130 134 143 152 159 166 170 175 181 183 191 196 204 205
3 4 7 8 13 17 25 30 39 44 49 58 67 76 79 86 94 103 112 117 124 130 135 142 150 157 163 167 171 177 181 186 190 193 194 200 209 212 217 219 227 235 242 245 252 253 261 265 274 276 277 282 291 292 294
2 6 12 17 23 31 37 38 46 48 53 54 55 64 71 80 87 92 94 96 98 105 113 118 125 126 128 133 142 148 153 160 161 164 168 174 176 180 186 191 192 195 200 206 212 217 221 228 237 239 241 242 243 244 251 257 258 265 272 275 283 292 299 300 305 308 313 318 326 330 332 335 337 339 340 341 346 353 357 364 371 380 382 388 390 391 400 401 403 409 412 416 422 424 433 437 445 448 451 458 461 463 468 472 475 478 481 487 492 493 498 503 508 515 519 527 529 533 542 547 550 551 554 562 565 574 577 584 590 592 594 596 604 610 612 613 619 623 628 632 634 642 650 656 661 667 669 677 678 687 694 701 702 711 720 722 726 734 742
5 14 19 24 30 37 41 49 58 59 67 73 81 82 90 95 97 101 106 112 114 119 127 129 137 138 141 148 156 164 173 176 179 188 190 198 205 213 216 219 228 237 242 251 253 256 261 266 273 280 289 293 298 304 309 311 320 321 328 334 342 347 354 362 364 371 374 380 381 384 385 389 398 405 412 414 419 428 433 437 446 448 453 455 461 464 471 472 480 481 485 494
9 14 22 26 35 40 44 50 53 59 60 61 66 71 76 83 88 92 100 106 112 116 121 130 131 136 140 144 153 155 162 165 171 180 183 187 195 203 205 209 212 220 225 228 236 240 246 252 254 260 264 270 276 284 291 292 300 302 309 318 321 322 325 332 335 344 351 356 360 364 370 379 383 389 393 396 404 409 417 423 426 434 443 449 451 452 457 464 467 470 478 487 489 497 500 506 508 516 522 527 533 536 541 543 552 559
7 16 24 26 30 38 44 45 54 58 67 73 78 80 86 90 96 97 99 107 110 118 121 122 129 131 135 136 142 145 148 157 165 166 175 184 191 200 205 214 215 222 223 228 229 231 237 241 246 247 251 259 263 271 272 281 287 295 301 303 306 312 317 321 324 325 328 333 337 339 346 350 355 359 368 371 375 379 380 388 392 398 407 416 424 427 436 437 445 447 448 457 463 470 471 480 489 493 498 501 506 511 518 522 530 536 537 543 552 561 570 571 580 581 584 586 593 595 604 611 620 628 630 632 641 643 646 652 655 662 671 676 683 687 695 698 701 709 718 726 727 729 738 745 752 761 767 774 783 789 794 799 806 812 821 822 825 830 836 837 838 843 845 853 857 862 869 877 883 890 894 900 904 908 912 916 921 923 930 936 939 942 947 948
1 3 5 13 18 19 23 27 33 40 49 56 63 68 76 85 89 98 106 108 112 117 120 122 128 136 145 152 155 156 157 158 165 166 167 173 176 185 186 195 198 207 210 217 225 227 229 237 242 246 248 249 256 257 258 261 266 273 274 283 284 292 295 298 300 308 310 317 319 325 326 334 341 344 351 359 363 366 374 376 381 385 394 400 403 409 413 421 427 435 443 445 450 453 457 458 462 465 474 475 479 488 490 494 496 497 503 505 507 511 512 513 514 521 523 528 536 538 539 547 553 557 566 568 571 575 582 590 597 599 601 606 610 619 624 627 636 643 650 654 661 667 673 681 684 690 699 703 708 709 713 722 730 734 741 749 757 766
3 5 13 17 25 33 37 39 41 46 49 50 58 65 71 78 83 90 97 101 109 112 121 127 136 140 145 154 159 164 169 171 178 182 187 189 192 196 199 207 210 211 213 221 225 232 240 241 250
7 9 12 13 22 27 33 42 49 50 52 55 61 62 71 75 83 89 98 105 106 111 113 115 123 130 133 139 141 144 148 155 163 172 177 186 194 195 203 205 212 216 222 228 233 242 246 255 259 266 271 280 284 290 294 303 308 317 319 328 333 335 337 343 351 356 364 366 371 378 384 392 400 403 406 407 416 424 426 432 438 442 449 455 461 466 475 477 485 492 493 500 506 509 510 515 517 521 522 526 529 538 547 548 551 554 556 563 567 569 576 580 587 589 590 596 604 607 609 616 623 626 630 639 645 648 657 659 665 672 673 674 678 680 689 696 704 711 713 714 721 728 732 733 740 748 751 752 754 756 758 760 767 773 782 784 786 788 795 796 800
3 4 6 8 10 12 16 25 29 32 39 44 46 48 56 58 62 71 79 87 91 95 102 107 108 115 116 117 119 123 125 131 139 144 149 151 156 162 163 168 169 178 184 189 190 195 200 207 214 218 221 230 235 237 244 247 249 258 267 268 274 280 286 288 293 295 300 308 315 317 321 323 331 335 344 351 355 361 369 377 378 386 388 393 401 409 410 416 417 423 426 427 435 439 448 455 463 467 468 476 479 484 487 491 495 501 510 514 522 527 535 540 542 548 551 553 560 566 567 569 576 585 591 593 597 599 603 612 613 620 623 629 634 638 647 655 659 664 665 666 671 672 676 680 686 695 700 707 716 719 724 726 731 740 749 750 759 768 772 775 777 785 790 796 798 801 808 817
5 11 19 25 34 41 47 48 53 54 58 63 70 79 85 89 92 99 107 111 119 127 132 141 143 149 155 164 166 167 172 177 184 187 194 202 210 218 219 221 224 225 233 236 237 238
8 12 17 26 27 32 34 37 41 43 52 57 59 64 73 76 77 78 86 90 94 102 107 115 118 125 127 132 137 140 148 149 154 162 166 167 176 184 192 200 201 207 212 218 219 225 226 232 233 241 245 246 248 252 260 265 271 279 286 291 293 295 304 309 313 321 322 331 332 333 342 344 349 352 354 361 366 372 376 382 384 388 389 394 395 399 407 412 417 422 431 436 444 448 455 464 465 471 476 485 486 487 491 496 501 508 511 514 519 524 528 529 537 543 550 558 562 565 567 572 577 585 591 599 604 606 608 612 621 622 629 638 646 652 657
6 12 20 27 35 37 42 51 60 66 71 77 83 87 92 98 101 109 111 118 123 124 129 137 145 154 159 166 173 179 181 186 194 200 206 210 211 214 220 226 232 241 249 251 257 265 274 282 290 297 305 309 311 320 327 335 340 347 349 352 360 364 372 374 378 380 381 389 392 399 408 412 418 420 427 435 443 446 451 453 454
8 14 20 24 28 30 36 41 49 54 61 68 69 78 80 89 92 101 109 110 118 125 126 135 142 147 150 153 155 157 164 170 175 180 186 190 195 202 205 209 218 225 232 239 244 249 256 264 272 277 279 281 285 290 291 297 301 304 311 316 323 324 327 332 337 345 346 349 351 357 361 366 369 374 377 386 390 399 405 410 417 424 430 438 442 446 448 452 455
6 11 12 21 29 38 46 51 58 60 67 68 70 74 77 83 88 94 99 104 112 119 123 125
9 16 25 29 32 34 39 48 50 57 62 67 75 79 81 89 96 104 106 108 112 118 126 131 136 137 146 150 155 157 160 169 178 181 186 191 198 205 206 214 217 225 232 236 244 251 254 262 265 269 274 279 284 290 296 297 299 304 311 313 320 327 334 343 345 349 354 361 365 372 376 379 387 388 396 401 406 407 413 419 426 431 437 441 442 443 448 456 457 464 471 480 487 488 493 498 502 504 508 513 519 525 530 539 540 545 553 559 562 565 572 573 579 581 582 583 590 596 600 602 604 605 614 619 626 633 636 641 644 649 651 657 665 668 672 676 684 691 699 704 713 721 728 733 741 749 751 758 764 773 781 784 791 797 802 807 815 823 825 829 837 839
6 11 12 17 20 26 30 33 38 45 50 51 56 60 65 66 70 79 83 89 98 100 109 114 116 124 133 140 141 147 148 149 152 155 162 167 170 178 179 182 187 188 190 195 196 201 206 215 222 230 237 244 247 248 249 251 255 262 263 271 279 287 294 301 306 308 314 316 323 327 328 329 336 339 344 349 354 356 357 365 371 375 381 382 386 388
6 10 19 20 28 35 40 48 53 60 66 70 73 78 82 88 93 99 105 106 107 112 120 123 127 132 140 146 147 152 157 164 167 169 176 185 191 198 199 203 207 209 218 226 233 239 247 251 253 255 260 268 274 275 280 285 292 293 294 299 306 310 313 314 315 321 322 331 338 345 354 359 365 367 368 376 382 389 396 405 412 414 418 424 425 434 435 441 445 452 458 464 469 470 476 479 485 488 496 497 506 513 520 526 530 535 540 549 554 555 561 568 574 576 583 587 593 596 600 606 609 616 623 632 634 636 641 648 655 659 661 665 671 679 684 693 696 705 706 710 713 719 725 727 735 740 743 749 757 761 767 771 776 784 791 800 806 812 814 817 826 830 836 845 852 859 860 863 870 871 874 875 884
6 10 11 15 17 19 27 28 31 35 42 43 49 55 64 70 75 77 85 87 89 98 103 106 112 121 127 132 140 142 149 157 158 165 169 173 175 181 187 191 197 206 213 215 217 221 228 231 236 242 249 258 264 271 279 285 290 292 297 299 302 311 319 328 329 331 334 339 342 346 349 352 359 368 369 375 378 382 388 391 400 408 415 422 423 425 428 429 431 436
9 18 19 27 28 32 40 47 55 59 64 73 74 81 83 84 87 95 101 102 108 112 121 128 132 140 143 145 148 152 154 162 164 173 182 185 194 201 207 211 215 224 226 231 234 237 242 244 251 260 261 266 275 280 289 290 293 300 307 309 317 318 327 331 337 340 346 352 353 355 363 365 374 376 377 383 388 396
3 12 15 21 30 33 36 45 46 53 55 56 64 68 74 76 80 87 96 97 102 108 116 118 124 129 133 137 145 149 150 155 164 172 178 182 190 193 199 200 208 212 220 225 226 235 238 246 251 259 261 267 271 273 279 286 289 295 304 307 316 319 325 333 339 342 344 351 355 356 357 363 370 379 380 384 388 392 399 408 409 410 414 422 425 433 437 440 448 450 452 457 458 463 472 477 486 487 494 497 498 502 504 506 508 517 523 530 536 542 549 550 559 566 573 578 583 592 600 606 610 613 617 624 632 640 647 649 651 656 659 660 668 670 675 681 683 690 695 698 700 701 710 717 724 725 732 739 744 753 760 761 770 779 782 784 791 800 809 816 818 825 829 833 840 846 850 854 862 864 870 879 880 884 890 895 904 911 918 924 925 931 939 948 957 962 967
8 12 15 21 28 33 40 46 48 52 59 68 69 77 83 90 93 99 103 104 105 109 115 121 123 130 136 143 145 153 162 170 173 180 188 191 200 206 210 212 220 222 227 230 231 240 247 254 263 264 265 271 278 286 291 299 306 313 317 326 328 330 335 344 345 353 358 367 373 382 388 391 399 400 405 408 411 416 420 423 430 435 442 443 444 446 453 457 462 468 470 474 482 488 495 497 498 505 513 519 528 535 543 547 553 554 555 559 563 564 569 573 574 575 578 580 582 588 597 606 614 622 630 633 636 641 643 650 655 656 664 670 674 683
6 8 17 19 24 25 30 31 37 43 47 48 56 57 66 70 73 76 80 81 82 87 95 102 109 111 116 117 123 126 127 131 139 145 146 154 159 167 168 175 177 182 185 192 197 205 211 219 226 233 234 237 245 251 257 265 269 270 276 284 289 298 303 309 312 315 324 330 336 340 342 350 354 358 360 363 370 376 378 387 394 397 402 409 418 421 422 425 434 441 449 451 453 454 457 466 474 475 482 486 490 498 504 506 512 517 522 524 528 530 536 545 554 558 567 568 573 580 587 596 601 610 612 614 618 627 630 637 640 644 649 652 656 664 669 677 681 687 690 696 698 705 710 715 724 725 733 738 742 747 754 760 763 770 774 777 778 787 794 797 806 815 819 824 826 831 832 834 839 844 852 854 860 868 870 872 873 882 888 892 901 905 913 922 927 936 941 944 950 956 965
7 14 16 17 19 26 29 31 38 45 50 55 62 70 71 77 83 90 91 98 99 104 107 116 122 123 128 136 143 148 154 157 158 164 169 170 176 182 189 195 204 210 217 225 226 229 233 234 237 244 250 259 268 276 279 286 287 296 300 302 311 314 322 331 340 348 355 356 362 367 370 376 379 382 384 392 395 400 408 412 417 418 427 433 441 442 444 446 448 449 456 465 469 477 484 493 495 496 502 507 515 517 522 526 533 538 540 547 554 562 568 570 572 574 577 584 587 596 599 604 610 611 615 622 623
4 5 7 10 18 26 33 36 41 47 56 65 74 78 84 85 87
3 9 15 21 29 31 36 42 51 59 66 70 75 82 84 92 99 104 107 112 114 115 123 125 134 137 141 149 152 154 156 162 165 168 174 179 186 191 193 201 203 210 215 219 220 225 230 239 242 244 247 248 254 258 265 267 274 279 287 295 299 308 314 323 324 331 333 341 342 348 353 360 364 365 369 375 384 387 394 400 409 416 424 425 431
8 12 18 26 33 37 38 42 51 52 55 56 57 63 67 72 74 75 77 82 90 96 99 103 106 108 117 121 123 127 134 142 146 155 157 160 164 173 175 179 184 191 198 205 213 216 218 222 229 234 241 243 244 246 254 257 260 265 272 281 283 291 295 304 305 312 316 320 321 324 330 336 342 347 349 356 357 358 364 366 371 374 383 386 390 399 401 406 413 416 419 420 429 438 442
9 11 14 22 26 34 41 49 56 61 69 71 73 74 76 82 90 94 99 100 109 115 119 125 131 139 143 148 153 158 159 163 172 175 179 184 187 188 195 200 203 210 215 221 224 227 232 239 242 246 249 255 263 269 272 273 275 279 280 287 288 291 293 297 306 309 318 326 328 331 334 340 348 355 358 362 370 373 379 388 397 398 400 406 407 411 419 424 426 428 433 441 446 449 450 451 458 465 468 473 479 485 487 494 496 498 502 506 510 519 522 523 526 530 538 541 542 545 548 551 554 559 562 567 572 575 577 583 591 596 603 611 617 619 625 633 634 643 651 652 658 662 667 670 673 680 685 687 696 701 708 714 717 726 727 732 735 740 748 750 757 759 767 772 780 786 787 793 797 800 806 810 812 820 824 833 839 843 845
1 9 13 14 18 27 29 36 41 42 47 54 57 62 66 67 72 76 78 83 90 92 100 102 108 114 123 130 132 140
1 10 13 22 27 30 36 39 44 52 53 59 67 76 84 90 96 104 111 117 118 127 135 142 146 155 162 170 174 176 184 189 195 202 211 217 223 232 238 243 252 253 255 256 262 270 273 277 282 287 296 302 308 309 311 320 325 330 331 338 345 346 352 360 367 372 380 385 386 392 400 404 410 411 420 422 424 428 432 440 441 450 453 458 459 460 467 473 481 483 487 488 493 501 503 511 516 522 531 539 540 542 543 544 551 557 560 562 571 573 578 584 593 594 602 604 609 616 620 628 630 634 635 637 639 640 649 655 658 662 668 673 676 685 686 687 693 697 706 710 717 718 723 729 738 747 753 761 770 771 778 787 795 799 802 803 811 818 819 822 828 832 835 839 848 857 864 869 874 882 888 889 896 904 905 907 911 914 918 919 926 928 930 932 940 949 958 960 967 972 980 982 989
3 4 10 14 23 32 36 38 47 56 60
8 13 15 21 26 31 39 42 51 60 68 75 79 81 87 88 89 95 103 105 110 116 122 123 126 129 134 139 147 151 153 156 157 166 168 172 181 183 187 192 193 195 197 201 207 209 217 222 229 236 237 241 248 256 259 268 273 281 286 293 302 304 309 312 321 325 327 334 337 339 346 348 356 360 364 365 372 377 378 385 390 392 395 402 408 412 420 428 429 436 441 446 453 454 458 459 465 468 473 482 483
4 7 13 20 22 24 29 30 32 39 48 57 65 74 79 83 87 88 90 95 101 106 110 118 127 131 138 142 143 147 150 155 164 168 176 184 190 193 202 206 213 215 223 227 229 238 244 251 258 260 263 271 273 278 280 282 291 298 302 308 313 315 318 322 328 334 337 339 344 347 354 359 367 371 376 377 385 389 398 406 410 412 419 428 431 435 441 450 453 457 460 469 476 477 479 483 487 496 498 499 508 509 518 522 531 535 540 541 547 556 565 574 583 589 597 602 610 617 624 633 636 641 645 650 656 661 670 679 683 690 698 699
7 9 14 19 21 25 33 40 46 49 53 58 66 71 78 84 91 100 105 106 110 114 123 126 127 134 141 144 149 153 161 170 175 178 179 181 184 192 194 203 204 205 208 215 224 225 229 237 238 241 247 252 253 256 264 270 277 280 288 295 301 306 313 317 318 325 327 334 337 344 346 351 359 362 364 371 380 389 398 405 412 418 425 431 432 438 443 447 452 455 463 464 471 474 477 483 489 496
7 15 18 25 32 36 37 46 55 61 63 70 73 75 82 90 93 98 107 115 124 130 133 136 141 142 145 151 157 161 166 173 177 184 191 195 198 199 208 216 225 226 231 240 241 244 250 255 260 262 264 266 271 278 287 292 299 305 308 310 312 313 317 319 325 333 334 342 349 358 362 366 371 377 381 388 394 403 406 409 411 420 422 427 432 441 443 448 457 465 471 479 485 491 499 508 515 524 532 536 543 545 552 555 561 562 569 578 581 582 587 596 598 604 608 613 616 618 623 632 633 636 642 646 650 659 661 668 674 678 687 696 698 700 705 708 717 723 724 726 728 733
4 10 11 19 24 26 31 35 43 49 52 56 58 65 72 76 78 86 89 91 95 100 109 110 112 115 122 125 130 135 137 139 141 150 158 164 169 175 180 186 191 192 195 196 199 202 204 208 215 220 222 229 236 243 252 256 262 266 268 273 280 285 294 299 300 309 312 317 322 328 331 340 346 354 362 368 377 380 385 386 389 397 400 407 409 410 414 423 425 427 431 434 443 450 459 466 469 473 478 483 492 497 499 508 512 516 518 525 534 538 540 549
5 10 15 24 25 30 35 36 41 45 48 51 54 58 63 65 74 80 89 94 102 103 104 106
7 8 15 16 18 24 31 37 40 44 47 54 55 63 70 78 82 88 94 99 105 111 112 113 117 123 129 137 139 145 146 147 155 157 160 167 169 177 182 185 190 192 195 201 206 208 210 216 223 228 231 239 244 247 248 249 250 258 263 270 272 280 289 295 304 313 322 326 331 339 348 350 352 361 367 374 378 382 387 389 396 400 402 404 408 415 421 428 432 436 438 446 448 451 460 463 472 476 481 487 490 498
6 9 12 20 26 27 36 40 42 45 54 60 64 66 74 79 86 92 99 108 113 117 118 123 131 135 137 145 152 154 157 164 173 174 181 184 188 197 202 208 216 221 224 233 240 247 249 255 256 260 266 271 273 275 280 284 287 292 294 299 306 311 319 328 335 339 347 348 357 358 363 370 374 377 381 388 395 403 412 416 419 427 436 445 447 452 453 462 471 475 480 487 488 493 499 500 505 508 510 511 514 522 524 528 536 539 542 549 556 565 566 567 571 578 587 593 599 607 616 623 627 632 636 642 650 657 660 665 666 667 669 673 674 682 689 696 700 702 703 709 712 719 722 731 736 741 746 753 760 761 763 767 770 775 784 791 795 798 804 809 814
4 12 18 19 25 33 37 43 51 58 61 68 71 79 87 90 95 96 103 107 114 123 125 132 140 146 155 163 167 175 179 188 195 204 206 212 216 219 224 232 235 239 248 251 252 254 257 258 266 270 276 277 285 289 298 307 309 313 318 323 331 333 341 347 356 363 368 371 373 379 386 389 394 400 402 404 412 415 423
6 7 12 15 19 22 24 28 32 39 46 51 56 58 63 66 73 82 84 90 91 97 99 106 110
5 9 13 19 25 29 33 34 42 49 53 59 67 76 84 92 101 108 115 117 126 128 130 138 145 154 159 164 169 175 181 182 189 193 201 205 211 213 219 222 226 231 236 241 250 256 257 262 268 273 276 280 282 284 288 291 295 300 303 312 316 321 324 328 333 336 344 351 355 358 363 367 376 380 388 392 399 406 415 417 423 424 431 434 438 439 443 452 454 463 471 475 480 488 492 495 504 509 518 519 525 529 532 538 546 555 560 564 569 570 575 581 583 590 594 596 601 609 617 620 624 631 640 646 648 657 660 665 666 670 673 678 680 681 689 690 695 698 707 715 717 724 732
3 12 21 22 26 33 40 45 52 53 60 64 65 67 71 74 82 85 90 96 102 106 107 111 118 125 133 139 142 147 149 152 155 164 168 177 178 182 186 189 197 202 209 218 221 225 229 238 245 250 256 259 264 269 278 282 289 294 303 312 315 319 324 325 332 335 344 347 353 357 366 371 377 386 391 396 405 412 415 417 419 422 431 439 445 453 455 458 465 470 475 482 484 490 498 499 505 508 517 519 528 537 542 544 549 550 559 563 570 573 582 590 598 600 606 611 618 625 629 638 640 641 645 651 658 661 670 671 674 675 678 686 695 700 707 710 711 715 722 730 739 748 757 758 767 770 771 778 787 788 791 799 808 812 813
3 8 15 21 24 30 35 44 45 47 48 49 52 55 61 69 78 87 89 92 99 102 108 117 125 126 135 140 147 153 155 163 171 175 184 186 190 199 203 204 207 211 217 219 221 222 223 225 231 236 245 249 256 265 272 278 287 294 299 303 304 308 311 315 318 323 325 327 332 336 341 347 352 361 368 371 377 380 382 383 392 394 400 406 413 416 424 428 437 442 444 450 458 464 472 475 484 492 494 501 502 503 506 507 512 521 526 527 535 537 539 540 543 547 555 559 565 566 571 576 584 586 589 595 602 603
3 7 9 13 16 22 24 32 33 38 44 53 55 61 65 66 72 81 90 96 102 108 112 120 129 134 138 144 148 157 162 168 177 180 185 188 190 192 197 206 213 222 223 230 233 238 241 243 250 259 266 269 271 273 278 285 289 298 306 310 316 318 325 333 335 338 341 349 356 363 372 374 379 380 389 396 398 400 407 410 419 425 427 431 436 437 439 441 448 449 453 462 469 475 481 486 491 493 497 503 511 517 522 525 527 536 543 548 551 556 565 568 571 577 578 583 591 600 609
2 8 16 20 23 24 27 30 32 38 47 53 61 63 67 69 71 74 76 78 81 85 89 93 96 104 111 113 122 124 125 133 135
6 7 11 16 18 22 31 36 38 43 46 52 53 62 71 80 85 86 94 103 104 113 121
1 2 9 17 18 23 29 33 39 40 43 49 56 60 64 73 77 85 90 92 93 98 103 112 115 122 125 130 136 140 149 150 153 159 164 169 177 180 182 187 196 204 207 216 224 232 236 245 251 252 260 265 266 275 284 290 299
5 13 20 21 26 27 29 33 34 39 48 50 54 59 62 66 71 73 74 83 84 92 94 101 108 116 118 127 129 132 139 148 156 159 166 175 182 185 192 195 200 203 204 210 214 216 218 224 233 239 243 247 254 263 267 269 274 283 284 291 292 300 305 312 319 327 336 338 346 350 351 356 359 368 377 378 382 388 390 393 402 403 406 407 408 417 421 426 433 437 445 452 457 461 466 473 480 488 497 499 505 513 514 522 530
8 11 18 24 28 35 38 40 46 47 49 53 54 60 68 71 80 84 85 94 103 110 118 123 128 132 135 144 153 155 162 166 172 178 183 187 193 196 202
1 2 9 15 22 26 28 34 37 38 42 49 54 61 67 69 77 78 84 93 97 104 113 117 122 127 130 133 137 144 149 150 157 166 169 171 174 179 186 195 196 199 200 201 210 217 220 229 238 241 247 254 263 271 277 284 288 291 296 297 303 311 315 321 326 333 338 339 345 353 360 367 376 378 381 389 396 401 403 411 417 419 420 422 423 431 436 443 446 455 461 462 463 464 472 474 482 489 491 494 499 508 512 515 522 531 539 546 554 560 569 577 580 583 585 590 595 604 608 611 620 628 637 644 649 652 655 658 665 670 677 680 688 691 699 701 707 713 721 729 735 744 747 749 758 761 768 777 779 787 793 797 803 810 812 815 823 830 831 833 840 848 855 858 860 869 873 876 879 880 883 889 892 893 901 904 906 913 922 927 934 938 939 944 952 958 960 962 971 974 983 991 999
3 4 5 7 10 18 20 24 25 30 38 46 51 55 59 65 69 70 74 75 80 86 91 99 108 117 122 126 128 133 139 142 148 156 163 164 172 181 187 196 204 206 213 216 220 228
9 16 25 33 35 36 40 47 55 59 61 67 72 77 85 88 97 99 101 102 111 118 120 124 128 131 136 140 145 149 152 155 156 157 163 167 174 177 178 187 188 189 196 202 210 214 216 224 227 235 237 242 246 251 257 265 266 268 270 274 277 284 286 290 291 292 297 300 306 307 309 318 320 322 328 337 345 352 359 368 371 378 384 387 394 402 411 414 417 418 424 433 437 446 452 455 456 462 465 473 477 481 486 492 496 500 507 514 522 525 528 530 531 532 535 537 543 551 553 562 565 572 573 579
6 13 16 17 18 24 30 33 34 36 43 51 57 58 64 67 69 73 76 79 86 93 100 103 106 110 116 121 123 131 138 144 151 157 159 163 169 172 181 182 191 200 207 209 213 217 222 224 231 237 241 248 249 252 259 261 265 272 276 278 280 283 288 295 298 301 302 304 305 314 322 323 330 332 338 343 352 361 363 365 367 370 371 378 382 388 393
9 13 17 22 29 37 43 52 58 62 66 75 78 81 86 91 97 100 102 105 112 116 118 123 124 126 128 131 139 143 144 148 151 152 156 160 164 166 168 175 176 183 190 197 201 206 213 215 217 219 228 229 233 238 244 253 260 265 273 281 284 287 293 302 311 314 320 328 333 341 345 350 359 366 375 377 380 385 394 399 402 411 413 419 421 429 436 439 441 443 451 455 457 461 469 470 473 474 476 485 489 497 499 500 504 509 517 525 531 535 539 547 555 558 566 569 573 579 584 589 594 596 603 612 620 624 632 640 648 656 663 667 668 671 676 685 688 696 700 705 712 717 722 727 732 740 742 744 748 755 756 761 770 775 784 786 792 794 797 801 808 812 817 820 828
9 16 20 29 30 31 39 45 54 61 64 67 75 79 80 89 98 104 105 106 113 115 118 123 125 126 129 138 146 147 153 154 156 160 168 174 180 188 197 199 206 215 219 226 235 244 253 261 269 275 278 280 284 288 289 291 297 306 311 317 319 328 335 342 350 357 366 370 373 378 385 393 398 401 402 406 410 416 424 432 436 443 449 456 460 466 475 479 481 485 490 499 500 508 517 523 527 536 537 545 553 561 562 567 574 582 584 589 598 607 616 622 630 634 635 644 650 657 662 670 674 679 684 688 693 699 703 706 710 715 720 729 736 741 748 755 760 763 768 777 780 784 793 801 804 810 813 822 831 840 846 855 864 872 875 879 882 889 894 903 905 909 915 922 929 933 938 946 949 955 959 964 972 976 983 984 987
1 2 4 11 13 20 29 30 36 38 46
3 8 11 12 16 21 23 25 26 29 35 40 44 49 56 65 70 71 80 83 85 94 101 106 109 111 112 115 116 118 123 125 126 132 140 142 147 155 164 167 174 176 183 185 190 192 193 195 199 201 202 205 210 211 213 214 220 223 232 234 236 242 247 256 265 268 269 275 277 279 281 283 289 298 300 302 305 311 316 319 325 329 330 339 346 354 355 364 371 374 378 379 386 394 403 408 409 411 412 418 421 424 425 426 430 436 442 449 456 462 463 466 475 476 481 486 488 489 496 499 508 510 518 521
5 11 18 20 28 32 39 45 53 56 63 66 72 73 75 80 84 86 88 89 98 105 110 116 125 128 132 138 146 152 161 168 170 172 173 178 184 189 191 199 208 210 211 215 221 226 227 233 241 250 254 260 266 272 279 287 289 296 302 308 315 316 320 324 326 332 338 345 351 360 362 363 366 371 375 380 384 386 388 390 394 399 401 405 413 417 421 426 427 430 435 441 450 459 460 462 467 473 479 488 490 493 502 508 516 519 522 529 530 533 536 544 546 551 552 560 566 572 573 576 579 581 582 589 597 603
5 14 23 30 39 46 48 52 60 68 69 73 76 78 86 88 91 96 97 101 109 116 117 124 133 142 150 155 160 161 167 174 178 179 183 188 190 195 197 202 211 220 225 227 236 240 245 254 258 261 264 271 272 278 283 288 294 296 301 303 312 321 328 334 340 342 346 349 352 355 356 363 372 375 382 388 396 400 405 414 420 428 430 438 447 456 462 470 472 475 483 488
8 9 18 26 33 37
6 11 13 20 23 27 35 37 41 46 55 58 62 63 69 70 76 77 82 83 90 91 100 109 112 121 129
3 7 10 14 16 23 32 37 39 48 56 60 67 71 77 82 85 87 90 99 102
9 14 22 26 32 38 41 46 47 54 57 58 63 70 72 78 86 90 95 103
5 10 18 27 36 41 50 51 53 62 67 73 75 76 81 83 86 90 95 100 104 110 119 120 126 129 130 132 135 139 143 149 156 158 162 169 172 181 187 195 197 206 208
5 7 16 19 21 29 32 34 41 46 49 57 61 70 72 78 86 88 91 94 98 99 104 108 117 124 129 134 141 145 149 151 153 157 165 168 177 184 186 195 198 204 210 214 222 231 233 241 246 248 254 256 260 265 266 267 268 272 281 288 293 297 298 302 308 310 314 318 323 330 336 344 346 350 351 355 358 362 371 380 386 395 401 402 403 405 412 417 418 427 428 434 440 445 453 457 462 471 477 482 486 493 498 500 502 503 507 512 514 516 520 525 529 533 536 542 545 554 562 566 568 572 578 585 586 588 596 603 608 613 621 628 633 641 645 651 658 659 660 661 667 668 671 680 688 690 693 701 709 717 722 727 730 738 742 744 746 752 758 767 770 777 782 788 796 798 807 815 821 825 832 838 841 842 851 860
4 9 16 25 30 34 43 51 52 61 65 70 76 79 86 92 99 100 109 118 127 129 134 143 151 159 164 172 176 177 185 189 190 195 199
6 11 20 25 30 32 34 39 45 50 55 58 63 69 74 80 82 87 88 90 92 100 107 113 122 123 130 133 134 139 146 148 149 157 164 166 172 180 185 186 194 201 206 209 213 220 225 227 236 238 247 253 256 259 261 268 273 280 284 287 290 296 298 299 301 304 313 317 326 332 334 340 346 353 357 365 373 381 382 385 393 402 407 410 411 420 428 434 437 443 446 455 457 466 473 476 482 488 491 494 502 503 510 519 527 528 531 536 544 552 561 564 572 573 580 588 592 597 602 607 613 615 619 622 631 640 646 648 657 666 675 681 690 698 706 713 715 716 718 724 725 732 735 737 741 748 749 754 757 763 768 771 779 786 793 794 800 808 814 823 827 828 830 831 836 845 850 855 862 864 867 873 880 883 886 887
1 10 13 18 23 31 33 42 43 44 49 57 62 64 67 71 77 78 82 83 87 94 101 104 113 114 123 126 129 130 133 140 149 158 167 171 173 175 178 180 186 194 201 203 209 210 219 226 233 235 240 249 254 260 261 264 267 269 275 278 279 287 289 290 291 298 299 302 306 315 324 332 340 349 355 360 363 365 372 378 382 389 395 402 410 416 417 425 434 435 438 441 442 443 445 450 456 458 459 467 472 478 481 486 489 490 498 506 513 522 523 531 540 548 553 561 568 569 576 583 585 592 595 604 605 609 612 613 615 617 624 626 633 636 637 642 647 649 654 662 671 674 677 682 687 694 703 712 721 725 732 737 740 745 750 751 757 763 764 771 776 784 785 788 796 797 804 808 810 819 822 828 830 837 839 842 847 855 856 864 866 875 883 889 895 897 899 902 911 912 916 917 925 933 939 941 950 951
6 12 21 26 30 34 39 42 47 56 60 64 73 76 78 81 82 90 97 100 104 111 116 121 125 130 134 140 146 150 157 164 169 174 179
5 14 22 29 31 37 44 48 50 58 63 65 72 74 82 89 97 106 108 117 123 131 138 146 155 157 159 162 166 170 176 182 191 196 199 208 213 218 221 224 227 235 239 242 245 247 250 256 263 267 269 276 285 294 303 304 305 309 314 321 329 338 347 349 350 356 361 366 373 380 381 385 386 391 398 402 409 415 416 422 430 431 435 444 449 450 456 461 466 467 468 474 481 487 488 490 492 500 505 510 511 515 518 526 529 534 539
7 16 23 29 33 34 35 37 39 47 53 59 60 63 64 66 75 82 85 87 92 98 99 104 107 116 119 121 123 128 129 130 137 140 148 156 160 167 170 178 180 183 188 190 192 200 205 213 222 228 229 234 238 242 243 248 254 261 267 270 279 280 283 287 296 300 307 315 324 331 332 338 341 346 354 357 365 370 373 380 389 392 399 402 406 408
5 8 14 20 25 32 41 44 45 47 48 52 55 56 60 62 66 74 83 88 95 96 105 112 114 119 128 134 141 145 153 155 156 160 162 169 170 172 175 179 181 188 190 194 200 204 211 215 222 231 239 242 244 247 255 263 271 274 281 283 289 290 297 298 299 300 307 311 319 327 336 342 347 350 357 362 368 376 382 385 387 390 391 392 400 403 405 406 412 413 418 419 426 435 442 447 451 458 466 467 468 474 476 479 483 492 494 500 508 516 520 527 532 533 536
4 9 14 19 24 33 39 47 54 61 69 74 79 83 91 99 100 106 115 123 125 127 133 142 151 155 157 164 170 172 179 181 184 191 196 199 204 213 221 228 233 239 247 248 257 260 269 278 280 281 288 294 300 301 305 310 313 316 324 326 328 333 338 344 348 350 355 358 360 364 368 377 384 390 396 401 409 418 422 423 431 434 435 441 444 451 454 455 463 468 473 479 487 495 496 505 513 518 527 534 538 544 553 561 564 569 572 574 578 582 584 591 598 599 607 610 615 616 617 622 625 634 642 648 654 663 668 677 686 691 693 699 708 717 723 725 726 730 732 738 744 753 756 764 771 773 776 784
3 12 14 21 29 36 45 50 56 61 67 76 84 87 94 95 98 101 102 108 112 113 122 130 137 146 155 156 165 172 174 178 187 193 195 198 207 209 215 218 227 232 240 245 247 250 259 261 265 270 272 280 282 287 289 290 293 297 302 308 312 313 316 318 325 330 333 342 347 350 352 354 357 365 370 377 381 386
3 11 13 15 23 32 35 44 47 56 62 71 74 77 78 85 92 99 105 108 113 122 131 133 141 146 153 154 155 156 164 170 172 181 189 192 196 204 208 212 221 226 229 233 242 244 251 256 260 261 265 272 273 279 282 287 295 302 309 318 319 322 326 333 336 345 346 352 356 358 359 365 373 379 387 394 395 396 402 407 413 422 425 430 434 437 439 441 449 458 463 471 474 480 488 496 505 513 516 524 533 541 548 556 564 565 571 576 584 588 595 598
1 3 7 14 16 17 23 26 31 36 42 43 50 55 58 64 67 73 77 85 93 97 105 107 111 115 116 125 130 132 136 140 143 152 157 165 172 176 177 184 188 195 196 204 205 209 217 220 228 234 237 239 241 248 257 262 264 270 277 278 279 287 296 303 310 315 322 327 329 337 339 340 342 347 355 364 372 375 379 387 392 396 405 412 418 421 429 431 439 445 450 459 466 469 474 480 489 491 495 499 506 508 513 516 523 527 533 539 544 547 551 560 562 564 565 567 570 577 586 595
8 13 22 30 33 34 36 45 53 61 67 75 76 78 83 88 90 97 104 113 121 124 132 133 139 141 142 146 150 151 152 153 159 165 174 177 182 190 198 204 208 212 213 215 219 228 232 233 237 243 247 254 255 257 258 264 266 267 276 279 285 288 296 302 309 311 318 322 325 327 335 340 347 352 359 364 366 369 372 380 385 394 400 401 409 411 417 426 427 435 442 446 449 455 463 464 469 470 474 476 483
9 11 14 15 20 26 32 35 38 45 54 62 63 70 74 75 82 86 92 100 102 105 111 117 123 127 131 138 140 142 150 157 164 170 178 186 188 190 199 203 207 215 216 222 230 235 242 247 250 254 260 262 270 277 284 291 295 297 301 309 315 316 320 329 336 343 344 349 358 361 362 370 374 376 385 388 395 404 408 409 411 420 427 436 444 451 455 457 465 474 477 485 487 491 492 501 505 508 517 520 527 535 537 538 546 550 556 561 564 566 570 571 579 586 589 590 596 602 611 614 615 622 626 631 639 647 650 654 658 664 665 668 670 672 674 675 678 683 684 686 690 695 699 703 708 713 717 726 735 737 746 751 753 762 771 772 779 781 788 789 793 797 803 810 811 819 822 825 834 839 840 841 845 847 852 861 863 872 877 880 884 890 895 903
8 16 24 29 36 40 44 50 58 59 63 67 73 75 83 84 88 93 94 103 104 112 119 122 130 133 134 138 143 149 156 165 167 168 171 174 177 181 185 192 194 200 202 210 213 216 224 227 232 238 240 241 250 254 256 259 264 265 272 275 278 281 284 289 292 297 302 303 311 320 323 332 338 340 349 352 354 355 364 368 370 375 378 383 388 392 400 402 406 414 421 426 433 434 439 442 450 455 458 462 470 479 481 484 490 491 492 498 503 512 517 518 526 532 533 536 542 543 550 552
2 8 10 18 23 27 36 45 48 55 62 63
5 13 17 24 29 35 39 48 54 59 61 66 72 79 86 89 91 95 103 106 115 121 129 138 143 148 152
9 10 12 19 20 21 24 33 42 43 47 48 57 63 69 73 77 82 88 90 92 100 105 113 122 130 138 144 152 154 161 167 170 177 181 183 186 188 189 190 194 198 203 205 212 217 218 220 229 234 237 241
8 11 13 14 21 25 26 33 39 48 51 57 64 67 70 72 79 80 87 91 98 104 113 114 116 121 122 123 132 139 145 150 154 158 159 163 167 171 178 187 189 190 194 197 204 205 206 214 217 218 220 229 235 238 243 247 249 258 263 272 280 287 294 299 300 302 306 312 320 324 332 340 341 348 349 357 361 368 373 375 380 389 398 399 403 409 416 422 427 432 437 439 441 449 454 455 464 467 474 477 485 490 491 498 503 511 517 519 528 529 530 538 541 544 551 554 557 565 566 567 568 574 578 582 588 597 606 607 614 620 627 635 638 646 652 656 659 664 670 674 683 684 693 700 705 710 717 719 727 733 742 751 759 765 766
7 11 12 16 18 19 26 35 40 44 48 54 55 61 69 78 86 87 88 92 96 103 107 112 119 124 126 130 132 137 139 148 153 161 162 170 175 178 184 193 197 205 210 214 218 220 226 230 237 245 252 255 260 261 265 270 272 278 284 289 290 291 295 302 305 311 316 325 330 331 333 341 344 351 356 362 371 380 389 395 398 407 412 418 425 427 434 443 446 453 455 460 466 470 476 477 485 491 493 494 502 506 509 510 514 517 524 526 528 535 538 545 549 555 560 561 565 571 577 584 591 599 605 614 619 626 633 635 644 652 655 656 660 665 667 674 680 682 690 694 697 703 705 709 715 716 722 728 730 737 739 745 753 759 763 769 770 776 780 782 788 789 795 799 807 809 818 820 827 834
2 4 9 12 15 23 25 33 38 44 47 52 53 62 64 69 77 81 87 96 104 111 118 123 125 133 136 139
2 10 16 23 31 35 38 40 44 49 58 64 65 66 73 80 82 90 94 100 104 109 113 119 126 132 138 140 142 149 154 157 160 162 164 165 171 177 179 186 191 193 195 196 201 210 219 228 230 237 238 245 252 253 259 260 268 269 273 275 277 278 285 289 291 300 303 310 312 315 320 322 325 331 340 347 354 363 371 380 382 388 396 404 409 414 423 426 429 433 437 440 441 443 446 449 454 458 459 466 473 480 483 488 494 495 503 509 517 520 521 525 533 535 541 547 555 562 571 576 585 589 590 593 602 607 616 621 625 628 637 646 650 657 664 673
4 7 10 13 16 22 29 30 31 34 43 51 58 66 74 82 90 98 103 112 113 121 130 139 142 144 150 158 160 161 163 172 175 177 180 189 193 199 204 207 216 221 226 234 236 245 248 252 259 264 268 270 271 280 289 294 301 309 318 322 330 332 340 349 352 353 358 361 365 374 377 384 386 395 396 402 405 407 410 412 420 428 434 442 445 448 455 458 464 468 477 481 484 488 490 492 501 503 508 515 517 522 528 529 538 545 553 557 560 567 570 575 582 590 595 596 597 606 615 616 623 625 628 635 642 651 658 662 664 672 674 682 685 689 693 694 703 712 720 721 726 735 739 741 743 752 757 761 766 770 777 778 787 792 797 802 809 817 824 832 838 844 846 851 855 858 866 870 875 880 882 890 896 904 907 912 920 926 932 941 942 946 947 948 953 954 956 957 966 967 969 977 980 987 988 995 1003
5 11 12 18 20 26 35 38 44 52 54 59 63 70 74 81 90 95 97 99 100 104 105 112 120 122 123 131 134 139 148 155 161 162 165 170 173 181 189 193 194 201 207 215 224 227 236 237 238 243 250 253 254 255 261 269 275 278 280 284 288 293 300 305 312 318 325 329 332 335 337 338 344 346 355 363 367 373 382 388 392 397 401 408 413 421 427 435 444 452 453 454 456 458 465 469 474 478 485 488 497 503 504 509 513 518 520 528 536 544 552 560 568 569 573 580 584 593 599
4 10 18 20 26 29 37 40 42 46 49 58 66 68 71 77 80 83 89 98 107 115 117 122 125 128 131 132 138 141 147 154 157 162 164 171 173 179 183 192 200 205 210 212 215 221 225 233 235 238 240 246 249 254 259 263 269 273 279 281 289 296 303 308 315 318 321 322 328 331 335 344 352 357 365 374 381 384 388 394 399 404 411 414 417 422 426 427 435 436 442 447 453 460 463 467 476 482 491 497 505 509 516 522 526 527 535 538 546 553 554 558 559 561 568 576 579 588 594 600 607 615 619 624 633 641 645 652 659 664 672 679 684 689 691 692 700 701 702 705 714 720 727 731 732 740 749 757 766 768 772 773 778 783 792 801 806 810 816 824 827 828 836 844 847 853 854 857 863 867 870 877 883 890 895 897 903 905 907 908 911 917 918 921 927 928 935
8 9 12 19 20 28 37 39 47 48 53 55 58 63 68 73 81 87 96 98 100 108 116 117 123 128 129 135 139 142 145 147 154 161 162 164 171 174 181 187 196 200 207 212 215 219 221 227 234 240 248 257 258 260 261 264 268 273 282 283 292 297 302 306 307 308 311 316 318 321 330 331 336 342 344 351 355 362 369 374 378 385 388 397 400 405 412 421 424 426 427 435 439 444 446 451 458 467 473 480 487 493 494 502 506 508 516 522 528 536 540 549 558 560 563 570 574 581 588 593 597 605 607 608 609 611 619 627 634 641 647 652 653 656 663 666 674 682 690 692 693 702 709 716 717 726 729 730 735 738 744 750 757 764 770 771 778
8 16 17 24 25 34 41 48 52 53 56 59 67 76 83 91 100 101 105 106 107 113 118 126 133 135 143 147 148 152 157 164 169 173 180 189 195 200 202 207 211 214 218 222 231 239 246 248 251 252 253 256 264 272 273 278 281 288 294 300 308 310 313 319 321 327 336 338 346 351 360 363 365 367 368 377 386 388 389 394 396 401 404 409 414 420 426 431 432 435 438 439 441 448 451 456 465 467 469 477 486 491 500 508 510 519 525 534 539 540 545 550 559 567 570 577 580 588 594 600 603 612 618 622 630 634 637 646 651 660 669 674 677 685 690 693 695 696 704 712 716 723 728 737 739 745 749
5 8 9 13 14 21 25 33 41 42 47 51 56 65 69 77 79 82 85 88 91 97 105 113 118 127 130 133 134 143 150 153 159 164 169 175 177 181 188 197 201 208 216 224 233 237 243 244 248 251 256 259 263 269 272 279 282 290 299 308 311 319 328 329 331
7 12 19 24 29 33 39 46 55 63 68 75 79 87 88 95 96 102 106 113 119 121 129 134 142 148 153 159 164 168 176 185 186 195 204 206 207 211 216 220 222 229 238 245 248 251 254 257 266 274 277 278 286 294 300 301 303 312 315 322 323 330 339 341 343 346 351 353 358 362 365 371 375 384 393 401 409 413 416 422 429 430 431 436 438 440 449 454 455
5 9 15 18 24 27 31 36 40 45 46 53 54 62 67 69 74 81 84 91 92 95 99 101 110 118 120 126 132 133 136 137 144 149 152 158 165 172 175 179 187 191 196 197 202 203 208 215 216 221 230 237 245 248 254 257 260 261 262 270 278 279 285 291 296 305 314 315 322 329 330 331 337 339 348 350 353 362 369 374 379 383 385 386 390 393 399 404 412 417 425 426 427 436 444 446 453 458 459 468 469 475 481 490 497 502 504 513 514 519 527 529 537 542 544 546 549 557 566 568 577 583 588 589 594 603 607 611 617 624 626 631 638 644 648 650 652 658 663 672 675 684 692 697 702 707 709 717 718 722 731 734 741 743 748 753 756 760 765 774 776 780 789 790 797 803 805 810 817 819 828 829 833 839 840 848 857 861 870 879 885 886 887 889 892 894 895 899 900 907 913 915 921 929
1 7 12 18 19 24 30 36 40 49 53 62 71 75 80 82 83 87 88 94 99 101 104 108 113 115 121 124 130 137 146 154 161 162 166 170 174 181 188 195 198 203 206 208 215 223 226 232 233 240 246 254 262 265 273 279 280 284 290 295 303 306 310 318 321 324 326 334 341 346 351 357 363 366 372 375 384 388 394 395 398 401 403 406 414 419 426 434 440 446 455 463 469 470 474 480 485 494 502 505 510 515 524 529
3 6 15 22 25 31 40 43 52
9 10 17 20 28 30 38 40 49
1 6 15 24 33 39 41 49 50 55 59 67 70 72 80 89 90 97 104 112 117 124 125 129 138 144 146 155 157 161 170 171 174 179 182 187 190 198 199 202 208 214 217 226 231 236 241 243 249 258 262 264 270 272 280 287 288 289 290 296 303 304 306 307 313 322 326 330 335 340 347 353 356 365 366 370 379 381 382 388 391 393 399 401 404 406 408 412 419 428 432 437 438 445 449 456 462 463 464 473 482 484 493 500 509 516 520 522 530 539 540 549 558 567 569 575 584 590 593 599 607 608 615 618 624 631 633 635 637 641 642 651 655 662 664 666 675 680 684 687 695 697 704 711 714 715 717 722 723 731 735 740 748 749 750 752 757 759 765 772 780 788 791 797 801 805 808 813 814 818
1 5 11 19 20 23 27 29 31 39 45 46 53 60 68 72 80 82 88 91 93 95 97 104 111 114 116 125 129 132 136 143 150 153 159 160 164 170 176 182 190 197 206 213 215 217 218 225 231 236 245 251 253 254 257 262 266 273 278 286 294 295 304
5 14 20 29 37 39 42 44 46 49 53 61 70 76 80 85 88 89 90 97 103 107 111 112 119 128 132 140 146 147 151 152 155 159 165 170 177 181 184 192 199 202 204 206 215 224 225 227 235 239 247 255 264 273 281 288 291 297 306 311 316 321 330 332 336 337 344 348 350 357 363 365 368 370 372 373 378 381 383 387 396 403 405 407 416 418 420 428 429 435 439 444 451 455 458 459 467 468 471 478 482 484 488 492 497 504 511 513 518 520 524 529 538 541 546 553 561 566 574 576 581 588 596 605 614 620 628 633 636 640 647 655 656 657 664 670 679 681 685 693 699 702 707 708 715 718 727 732 733 741 745 747 754 762 765 766 769 775 780 788 793 801
6 12 18 24 31 37 45 53 55 63 66 71 80 89 93 95 101 104 107 111 117 122 126 135 140 148 153 156 165 174 183 184 193 196 199 201 206 213 215 218 227 234 238 241 243 244 245 247 251 260 268 275 279 283 291 296 303 312 318 325 327 335 340 348 356 364 372 379 386 394 397
6 14 23 30 33 38 45 54 59 63 70 77 84 89 92 101 108 114 118 119 126 131 136 140 142 150 157 162 165 172 175 181 184 188 190 191 198 207 213 218 227 236 242 249 256 257 263 265 270 272 274 281 289 296 301 304 308 311 315 319 320 323 325 327 335 336 339 345 351 359 361 365 372 375 376 379 380 386 387 393 395 400 402 410 416 423 430 432 437 439 446 454 460 465 471
9 12 19 21 28 29 36 43 47 49 50 58 63 68 75 76 85 93 96 105 114 122 127 133 135 139 141 148 155 163 166 171 172 176 177 184 189 198 204 206 207 209 210 217 219 228 229 238 239 241 245 250 256 258 261 267 272 279 285 291 295 296 302 308 311 312 319 320 324 333 342 348 351 359 368 372
9 12 18 26 34 42 45 52 55 64 68 69 76 84 86 95 98 101 108 116 118 127 136 138 139 141 144 151 157 159 160 161 163 167 174 177 180 185 189 193 195 201 205 208 217 225 229 235 237 240 244 246 251 254 256 257 258 261 266 270 274 279 282 289 293 300 307 308 316 322 323 331 334 337 344 348 351 354 358 364 371 380 388 394 402 410 415 417 418 421 428 431 436 438 446 447 454 456 462 471 475 479 485 486 492 498 502 509 514 516 522 528 535 537 544 551 556 565 571 573
7 16 23 28 34 42 46 49 57 64 65 74 83 84 93 97 103 108 117 125 128 130 138 142 144 146 147 156 162 167 171 179 187 193 200 204 211 215 217 220 227 228 236 239 245 252 261 270 279 287 292 298 300 301 309 318 323 332 337 345 348 351 355 357 361 370 378 385 391 394 396 397 402 404 405 408 414 420 429 435 438 440 447 448 455 458 466 473 478 487 494 503 504 510 513 514 519 520 523 527 531 540 549 554 557 559 565 570 572 578 580 585 587 593 598 602 608 611 613 617 620 621 623 624
3 6 9 17 22 24 33 41 42 46 52 54 59 67 73 78 85 89 97 102 111 118 126 127 133 136 143 146 151 154
4 13 22 24 29 35 41 47 55 64 72 80 85 90 96 105 111 112 116 125 126 128 137 146 147 149 155 163 166 169 174 177 184 187 194 195 202 208 209 216 220 225 228 236
8 15 17 22 24 29 37 44 47 53 62 68 75 84 93 102 103 109 112 113 121 123 127 129 134 137 141 149 156 162 168 169 170 179 187 188 197 204 208 214 216 221 230 231 236 244 252 258 259 267 270 277 281 283 289 291 292 301 303 310 313 320 326 330 339 344 348 355 360 362 370 374 381 387 393 402 403 406 412 413 420 429 438 440 449 451 453 454 458 466 473 474 479 480 482 487 492 497 502 509 517 522 531 534 542 547 553 559 563 565 573 582 590 591 600 607 609 611
6 7 16 25 26 28 31 35 41 50 53 57 61 67 69 74 83 91 92 93 99 108 112 115 119 125 127 133 141 147 154 163 172 180 188 192 197 202 210 211 218 226 229 231 234 237 244 251 253 257 265 271 275 281 283 288 294 300 309 312 321 324 326 329 330
1 8 16 20 28 35 36 42 51 54 62 71 78 81 82 84 92 100 103 105 113 117 121 125 130 138 145 146 152 161 162 164 173 176 180 183 185 193 202 206 214 216 221 224 229 231 240 241 246 252 260 264 265 266 267 270 275 284 285 293 300 307 310 316 318 326 327 335 342 346 347 353 359 365 368 373 382 384 389 391 400 406 411 418 422 426 433 435 442 445 454 460 469 474 480 486 491 498 504 510 512 520 522 523 532 541 550 554 558 567 570 574 578 580 584 585 589 593 594 597 602 606 607 611 619 628 629 636 643 646 650 657 660 661 663 670 673 681 683 686 693 699 704 712 718 722 724 731 734 741 746 751 756 761 763 766 773 778 782 787 790 798 805 807
7 12 21 26 28 32 36 43 49 57 65 70 73 82 86 94 95 101 102 110 116 119 123 129 130 133 137 146 151 158 164 166 167 172 176 180 189 196 205 210 213 221 225 229 230 233 235 239 245 247 249 257 259 266 272 281 284 287 291 293 302 310 312 315 324 332 336 339 345 352 359 365 371 379 383 385 389 393 395 401 409 417 426 428 436 443 444 449 456 460 466 473 482 483 488 489 491 494 500 506 508 517 521 527 534 535 543 548 552 556 561 563 565 569 573 575 578 586 590 593 600 609 611 619 626 628 630 632 638 644 653 659 667 668 674 680 689
4 10 16 24 27 30 33 35 36 45 54 61 63 69 75 80 89 94 99 103 112 117 125 129 137 145 149 150 157 166 170 177 185 193 201 203 207 215 217 221 222 229 235 243 247 256 259 266 268 270 275 276 283 291 297 306 312 313 318 326 327 331 340 341 346 351 355 358 367 369 373 380 389 397 402 405 410 411 420 427 430 437 444 445 447 454 463 465 474 476 479 482 485 489 490 494 501 509 515 517 519 526 533 536 539 544 548 556 557 562 570 579 585 592 599 602 610 616 623 630 632 633 638 640 645 654 656 660 661 667 668 671 676 683 690 696 699 706 711 715 720 727 732 735 738 746 750 752 758 763 764 771 779 782 789 791 794 803 808 812 816 822 829 834 843 851
1 6 9 11 18 23 31 40 43 52 59 60 61 67 68 74 80 86 94 103 105 111 119 127 135 138 139 140 143 145 148 156 162 164 168 176 179 185 186 193 198 200 201 207 211 219 221 229 234 236 245 252 259 262 268 269 277 280 284 291 292 295 296 297 305 307 316 322 328 333 335 336 341 345 349 354 363 370 371 373 382 389 394 402 410 412 421 422 423 424 425 430 439 444 453 461 470 473 477 482 484 492 495 501 508 509 510 515 519 524 525 530 536 538 547 551 555 557 558
6 14 16 17 19 26 30 34 38 46 53 56 62 65 71 79 87 91 96 105 109 116 120 122 130 139 146 155 157 165 168 177 185 193 200 201 207 216 220 223 229 230 232 234 241 245 252 257 265 269 270 279 283 290 296 305 310 314 318 327 331 332 338 342 344 347 356 360 365 374 383 385 394 396 405 407 415 419 424 427 428 431 436 441 446 452 454 457 464 468 477 479 488 493 500 508 513 518 527 534 541 542 549 553 562 570 574 581 584 592 594 603 610 617 619 622 628 636 643 647 653 654 660 661 664 666 674 675 681 684 687 694 703 708 713 717 724 729 738 741 747
4 9 17 25 30 33 40 42 50 51 57 63 66 68 77 80 86 89 94 102 110 114 115 117 126 131 140 146 147 151 158 166 173 177 184 187 193 196 200 206 212 219 228 236 239 240 248 249 253 256 259 261 264 273 276 279 282 291 293 301 303 307 309 318 323 329 330 331 335 341 349 352 357 361 368 371 378 383 391 396 397 400 408 415 418 422 429 434 443 452 458 463 464 473 481 490 497 505 510 519 526 532 538 547 550 553 557 559 564 565 570 576 585 591
7 10 17 19 27 36 42 49 51 53 58 62 67 68 73 79 81 90 92 97 98 106 115 122 128 135 141 142 147 153 162 169 178 182 191 197 205 214 221 222 223 225 229 236 241 246 254 260 267 270 277 280 283 284 293 300 302 309 312 321 329 338 339 344 345 346 348 349 357 365 368 369 377 382 383 392 394 403 411 419 424 430 437 442 449 453 458 461 465 471 478 485 486 491 497 505 512 516 520 525 534 537 540 547 553 558 564 571 572 579 583 591 593 594 599 603 604 607 612 618
6 11 16 22 31 36 44 48 54 58 67 70 71 80 86 90 99 101 106 112 120 127 128 129 133 134 143 145 146 147 149 152 156 159 166 174 176 183 190 197 202 204 207 209 216 219 227 235 236 244 247 255 259 262 263 272 273 279 280 288 289 296 301 304 312 320 324 329 330 339 344 350 357 365 372 377 383 390 393 401 408 412 414 422 426 430 439 442 446 447 452 460 461 462 471 475 476 479 482 488 492 496 500 507 515 520 522 527 533 534 542 549 550 556 557 565 566 575 577 585 589 592 593
1 6 14 22 30 39 47 52 58 61
7 9 17 24 25 28
9 12 13 15 17 20 29 30 32 34 36 39 44 52 59 62 66 75 82 86 87 91 99 101 106 111 114 115 123 126 127 129 137 143 144 148 156 162 165 167 173 177 186 192 198 199 203 208 215 222 231 237 239 241 243 251 259 263 270 278 286 294 302 310 314 321 328 334 341 346 351 359 367 372 378 381 386 388 396 405 406 407 410 414 420 423 428 434 439 446 454 455 459 462 465 471 478 481 486 491 495 503 508 516 523 525 528 535 540 544 553 559 566 567 568 576 584 586 590 597 602 603 612 619 626 629 633 640 644 647 656 661 666
4 11 13 19 21 25
4 8 14 23 27 33 36 44 48 57 59 61 68 77 83 89
7 12 21 24 30 36 39 43 46 53 54 60 66
5 10 11 16 23 24 27 32 34 41 48 54 62 69 72 77 78 87 95
1 7 12 15 22 25 30 31 37 46 54 63 66 75 78 79 88 93 95 102 107 115 117 123 132 135 141 142 148 152 155 161 166 175 180 182 187 188
3 11 20 25 31 35 42 45 52 55 63 65 68 71 74 77 85 93 96 104 113 115 123 126 127 129 137 139 141 147 155 157 158 167 175 181 188 190 193 194 201 205 214 221 229 232 238 239 245 252 259 266 274 282 289 296 298 306 310 317 318 327 333 334 343 352 359 366 368 371 377 380 383
3 7 9 17 24 26 28 31 37 40 42 48 53 56 61 62 67 71 73 82 84 90 99 106 109 114 123 127 134 136 143 149 154 155 159 168 173 181 189 194 196 203 205 209 218 222 227 234 242 249 252 261 270 277 285 293 301 303
4 9 16 21 23 26 33 36 42 43 49 50 57 58 67 68 76 85 89 97 100 102 108 110 115 116 121 125 129 133 136 143 146 153 160 167 169 176 183 187 190 194 196 201 206 209 217 223 232 233 236 241 242 251 253 259 261 263 272 276
7 16 20 24 29 38 39 45 53 55 58 67 68 69 78 87 95 102 108 111 113 117 126 131 133 136 144 150 151 157 160 168 175 179 181 182 185 186 190 197 201 210 217 219 224 226 234 241 248 249 257 262 263 270 275 281 289 292 298 305 306 311 319 320 326 335 342 343 344 352 357 358 367 375 381 386 390 395 396 405 410 413 419 428 431 434 443 448 450 452 455 462 471 478 483 488 491 494 496 502 510 514 520 528 534 541 550 552 559 564 566 573 574 581 583 591 597 604 611 616 621 627 635 638 639 642 649
9 16 22 29 34 42 44 51 56 59 66 74 83 90 95 97 100 108 112 119 122 123 126 133 138 144 148 150 157 166 174 177 178 180 184 191 192 201 205 213 219 220 227 232 234 242 247 255 260 266 267 273 278 283 284 288 296 305 312 314 316 320 322 325 326 335 340 345 349 350 353 357 366 367 368 375 378 381 384 387 391 400 406 413 416 420 427 430 434 442 444 451 453 455 459 467 469 478 486 494 501 503 505 510 519 522 530 532 536 544 553 560 565 574 579 584 590 596 597 606 607 610 611 617 625 633 642 646 652 657 659 663 664 671 677 683 689 696 699 708 717 721 722 723 730 734 738 744 750
4 5 7 11 18 19 24 33 38 42 48 50 53 55 57 58 60 63 69 71 77 82 91 92 94 101 102 105 114 118 124 128 137 145 149 151 152 161 165 173 177 182 187 189 191 200 209 211 219 227 233 239 246 247 255 262 266 272 280 282 286 292 301 309 310 316 325 331 332 334 337 343 347 350 356 365 366 371 374 379 383 391 392 393 401 408 417 424 432 437 444 447 451 455 463 464 467 476 480 481 483 485 492 497 506 509 512 519 523 524 529 531 534 542 543 551 556 558 566 568 576 578 582 585 592 594 601 604 607 612
8 16 21 25 29 32 34 38 46 49 50 57 60 63 64 73 76 83 92 98 105 108 113 122 131 137 140 149 154 157 158 166 174 182 189 198 199 205 207 209 210 214 220 229 230 233 240 244 253 255 256 259 263 266 274 281 286 290 294 295 303 308 310 319 325 327 332 334 342 344 348 357 358 363 366 371 379 385 391 394 398 404 408 412 417 420 425 426 431 435 437 440 441 450 459 464 465 474 477 486 491 495 499 500 501 504 509 515 523 529 537 543 552 560 563 569 571 574 583 591 594 602 608 612 616 623 628 637 644 648 651 658 659 662 670 672 678 685 691 692 701 706 712 714 719 720 721 729 732 739 743 744 751 760 763 765 772 774 777 778 784 787 794 800 806 810 816 818
9 18 23 26 34 38 44 50 56 60 67 75 81 84 92 98 101 103 104 108 110 113 121 124 133 136 139
8 17 22 31 33 34 40 46 53 60 64 72 80 83 92 95 104 109 116 121 127 133
7 9 16 25 29 30 32 37 40 44 48 51 53 56 57 61 62 64 72 81 89 91 94 95 100 105 108 115 119 126 128 130 139 144 149 154 155 164 171 177 178 182 183 190 191 192 193 194 201 202 204 207 210 219 228 233 239 243 245 247 256 264 273 275 282 286 290 297 304
9 16 18 21 29 35 38 44 53 54 61 66 71 75 80 84 85 93 101 109 115 116 125 129 136 143 147 150 153 162 166 167 168 172 176 177 182 189 195 196 201 207 214 219 226 233 235 244 246 249 251 256 262 268 270 279 286 295 296 302 305 311 314 317 322 329 330 331 332 337 342 343 349 352 353 362 365 373 377 384 388 397 402 409 410 415 419 426 434 443 452 456 459 462 465 471 477 480 488 497 502 503 507 516 523 526 532 541 548 549 555 556 557 565 566 574 579 583 587 595 602 610 612 616 623 624 625 631 635 636 640 649 658 660 669 672 674 675 683 690 696 701 702 706 711 718 725 727 734 736 741 745 748 755 762 771 774 782 789 792 800 806 812 813 819 826 828 831 840 849 850 858 864 867 869 878 887 891 899 902 906 907 915 921 925 926 929 935 943 946 947 954 960 966 968 971
9 18 23 30 33 39
4 6 9 12 20 23 26 27 32 33 37 46 50 58 65 69 75 76
8 10 15 19 24 29 33 40 45 54 59 68 72 75 79 83 86 94 101 106 111 116 122 131 138 140 144 153 160 168 176 177 182 187 192 194 202 203 207 213 216 220 228
2 6 14 17 23 25 29 32 35 36 39 48 54 62 67 69 71 75 80 86 88 95 101 108 116 124 129 138 144 151 160 169 178 185 192 194 200 205
5 13 22 23 31 37 45 46 55 62 70 74 76 81 87 91 99 108 113 116 118 125 133 142 144 150 156 161 170 174 177 183 188 195 197 200 206 210 211 218 224 228 231 236 245 246 255 264 271 274 282 290 298 305 310 312 314 320 322 326 329 332 339 340 348 350 351 359 368 374 381 389 398 399 404 409 411 418 427 431 434 438 439 440 448 455 459 460 469 474 480 486 488 495 496 497 504 512 519 522 527 536 543 545 549 551 560 564 571 580 581 587 592 596 597 604 609 615 623 624 630 639 642 649 658 667 671 676 683 689 696 702 709 710 714 720 723 729 731 738 744 749 757 764 771 776 782 786 790 792
8 11 20 29 33 39 46 53 54 60 64 68 69 71 77 84 87 91 97 106 112 118 123 131
4 12 21 28 34 40 48 51 53 57 59 65 74 79 85 89 90 91 95 97 100 101 102 104 108 115 123 124 128 129 138 139 142 148 152 159 165 174 178 182 189 191 199 202 205 213 222 224 231 238 240 241 244 246 252 256 263 269 278 287 291 299 308 312 319 326 335 338 339 345 349 352 355 357 360 366 369 378 381 387 393 394 400 408 410 412 416 422
6 9 14 18 27 29 33 42 48 50 57 61 70 76 85 90 92 98 104 113 116 118 122 124 130 131 135 144 146 154 158 162 171 176 180 181 187 196 199 200 203 210 216 224 231 237 241 244 250 255 256 262 267 274 283 288 292 295 302 310 314 321 324 327 329 338 342 345 346 349 355 360 365 370 377 380 389 391 395 400 406 409 416 417 420 426 427 431 435 443 451 453 455 459 464 468 477 481 487 496 504 512 513 518 522 530 539 544 551 556 563 571 579 581 583 589 595 597 605 612 616 625 630 636 643 647 652 653 660 666 668 677 679 682 685 693 697 705 708 716 720 723 730 737 745 747 749 753 762 766 771 776 779 786 789 797 800 809 817 825 826 833 838 847 853 859 862 871 875 880 888 894 902 906 907 910 914 921 928 937
7 14 16 23 25 27 33 39 42 51 53 60 63 65 72 81 89 93 95 97 102 104 113 119 121 127 136 143 146 151 154 159 167 171 175 177 183 187 189 198 202 206 213 219 228 235 236 237 244 253 254 256 258 259 263 264 272 277 281 286 290 293 300 307 315 318 325 332 333 340 342 350 351 360 367 376 378 384 389 395 404 407 408 412 417 424 431 433 440 447 452 453 456 457 464 470 477 482 491 498 506 507 512 519 526 531 537 541 548 557 564 570 577 581 582 591 592 599 602 606 610 618 622 631 636 638 645 651 660 665 670 677 681 687 696 702 704 708 716 725 734 737 738 746 754 758 764 766 769 772 778 785 793 797 804 810 815 819 827 830 837 838 840 842 850 852 854 858 866 870 872 875 876 884 892 897 898 899 906 909 910 916
1 5 10 14 15 22 24 25 32 37 46 47 50 53 56 63 69 75 77 85 94 97 102 106 109 117 126 129 134 142 147 149 157 166 169 171 180 184 190 194 195 197 203 212 213 219 225 229 237 242 245 252 253 261 263 267 276 279 284 292 296 301 304 309 318 325 331 340 341 347 350 354 356 360 368 375 382 387 394 396 399 404 412 416 421 428 435 437 442 451 457 460 469 476 480 481 484 493 495 497 498 502 511 518 526 530 532 538 546 548 550 559 563 572 581 589 598 600 604 608 612
7 13 16 20 25 28 30 35 42 50 59 60 68 75 84 85 92 94 102 103 111 118 123 127 134 138 145 146 151
2 5 12 20 22 28 31 40 43 51 59 60 65 69 74 78 83 91 98 105 109 113 115 123 124 128 134 140 146 147 151 156 159 168 171 174 175 184 185 188 195 202 211 220 229 231 239 242 243 246 252 257 263 267 269 278 284 288 297 301 303 307 315 316 318 320 325 332 341 349 352 353 357 358 360 361 370 376 378 380 383 385 394 398 405 414 417 421 428 429 430 436 443 447 455 460 465 474 479 487 493 501 510 514 523 525
8 17 20 28 32 38 42 51 60 64 69 78 83 89 98 101 106 114 116 117 122 126 135 139 142 145 148 154 156 164 172 173 176 179 187 195 204 211 219 221 222 227 233
6 12 18 19 22 27 36 42 45 52 53 61 62 71 80 81 87 95 96 100 107 115 120 128 134 136 145 146 150 157 166 173 178 183 191 195 199 202 204 207 214 219 222 229 235 237 244 248 252 256 265 273 280 283 292 295 297 302 307 308 311 318 324 326 327 335 338 347 348 349 351 360 363 372 381 386 391 398 404 408 411 418 423 424 428 430 432 440 441 449 453 458 460 464 473 478 487 494 495 502 511 513 519 525 530 537 538 545 553 559 567 575 581 588 590 594 600 605 611 615 623 627 635 636 644 646 654 657 660 666 674 683 692 695 704 713 720 726 731 733 738 741 746 749 753 757 766 768 777 783 787 789 794 802 811 820 824 828 830 839 840 846 853 861 864 873 877 881 886 889 898 901 907 909 915 924 930
7 12 16 17 25 29 36 41 44 49 51 54 61 62 70 76 77 81 89 92 97 104 106 112 114 115 121 126 133 139 147 153 154 159 165 169 172 180 186 195 200 207 214 221 223 232 237 245 246 247 255 263 271 280 283 284 293 297 304 306 314 319 323 325 334 337 338 341 345 354 355 359 367 374 379 387 395 396 404 412 414 422 430 433 437 445 451 458 463 468 476
9 15 20 26 30 31 35 41 44 50 59 60 64 71 76 83 85 91 96 97 105 114 119 126 129 137 139 147 151 155 161 163 172 174 177 178 187 192 201 202 205 209 217 222 229 236 245 246 255 263 269 270 271 273 282 287 289 294 295 296 298 306 314 316 325 328 337 345 348 353 354 361 365 374 376 384 387 390 392 400 405 409 413 414 417 419 427 432 436 442 451 455 461 469 473 477 478 483 487 491 500 505 513 520 524 526 527 533 540 546 553 559 567 576 581 589 591 600 607 614 622 628 633 642 647 650 659 667 670 671 672 676 680 684 686 695 700 704 709 713 718 719 720 725 726 730 735 743 752 759 760 769 771 772 781 788 797 806 815 823 826 832 836 843 850 857 863 869 872 873 877 886 887 890 895 896 905 910 919 922 924 928 930 937 942 947 948 951 957 964 969 977 983 991 995 1001 1008 1013 1017
9 17 25 30 36 39 48 50
5 13 14 17 24 30 35
3 9 18 19 20 29 30 39 48 52 57 59 64 71 80 83 89 93 98 105 110 113 118 120 127 132 133 139 148 157 162 170 178 186 195 201 206 212 213 221 222 225 234 241 250 251 259 260 261 266 273 280 289 296 302 307 311 312 313 314 320 321 325 330 336 339 344 345 347 350 353 357 365 374 375 381 383 384 386 389 395 397 398 405 412 421 427 433 438 446 447 453 458 459 465 472 481 484 492 494 496
1 10 11 12 15 24 31 39 45 47 52 56 65 70 78 87 89 96 105 109 115 123 132 134 135 141 148 151 154 157 162 171 172 180 182 185 192 198 207 212 217 226 231 236 242 245 246 247 248 256 263 267 269 275 276 285 286 291 294 301 307 311 315 324 330 339 340 348 356 362 369 370 376 383 391 394 395 396 401 402 404 412 418 420 425 433 435 439 440 443 451 456 464 465 468 472 476 478 487 488 494 496 505 509 512 513 516 523 531 539 546 550 553 554 563 566 574 575 584 585 586 591 599 603 607 613 622 623 632 639 645 652 658 661 662 669 677 685
8 15 16 17 20 24 26 27 28 35 44 47 52 59 60 64 67 71 76 81 84 87 89 97 106 108 109 117 123 124 127 134 141 149 155 161 166 169 174 179 180 187 195 198 203 206 213 215 216 224 227 234 242 251 255 263 264 269 271 272 278 284 293 302 307 315 322 326 328 330 334 342 349 354 361 369 377 381 388 393 400 402 404 412 416 425 428 437 442 449
3 6 14 23 27 32 38 42 44 45 53 61 66 71 76 82 85 87 89 91 97 104 108 111 117 120 123 128 135 139 147 155 158 160 162 169 176 178 183 187 192 199 200 201 209 215 224 230 232 241 250 255 258 262 267 276 278 286 294 302 304 307 313 314 322 323 326 329 337 340 349 350 352 353 359 360 367 375 379 382 391 395 403 411 416 418
7 16 21 29 32 36 44 45 51 54 59 60 62 67 68 75 80 86 87 94 101 102 107 108 112 120 121 122 131 140 145 146 155 159 168 174 183 185 194 202 206 210 214 220 227 228 235 238 244 245 248 251 256 262 264 266 271 274 282 288 293 296 297 304 308 311 312 314 317 323 327 334 343 350 358 364 367 369 375 379 383 387 396 405 413 417 418 421 426 433 442 450
6 8 9 14 21 25 32 39 47 49 52 54 60 61 62 63 69 72 78 86 93 100 109 110 119 125 133 141 149 154 159 164 165 171 179 183 190 192 197 204 207 213 220 224 233 237 239 245 253 256 262 264 267 271 276 281 289 292 297 300 309 313 315 323 328 334 340 342 349 350 359 365 372 380 383 385 391 398 403 406 414 418 425 428 436 440 447 448 450 451 453 457 466 467 474 476 478 484 492 496 503 509 514 523 528 535 539 548 557 562 570 574 580 583 584 592 593 602 609 618 625 632 638 644 649 654 661 666 674 679 682 685 687 696 698 701 709 710 716 722 725 726 731 740
2 10 17 18 26 35 43 52 55 60 66 74 75 80 82 84 92 97 99 102 104 112 115 122 129 130 131 136 140 142 151 160 163 164 166 168 171 178 182 183 186 187 191 198 206 208 211 213 215 221 222 223 229 237 245 249 252 256 261 267 271 276 285 289 293 295 296 301 306 313 316 323 331 339 340 341 343 350 354 357 360 361 366 370 372 376 377 385 386 394 402 406 407 415 416 419 422 431 438 442 447 455 457 463 468 469 478 485 493 498 502 505 512 519 522 524 527 535 539 542 548 551 555 556 565 566 571 576 577 582 588 594 598 605 608 611 620 628 637 641 642 647 648 656 662 663 671 672 673 677 680 688 689 694 695 700 705 706 715 720 726 730 732 740 743 750
5 12 18 22 27 32 33 39 40 43 47 51 52 60 62 63 67 69 70 79 86 93 96 98 100 108 113 120 124 127 135 141 143 148 156 160 162 163 172 176 185 189 196 199 201 204 205 208 216 223 229 238 247 256 261 268 275 284 290 299 307 312 316 319 327 329 336 343 351 354 357 366 374 382 391 393 398 401 402 403 409 412 416 422 425 430 436 442 447
1 10 11 13 22 27 35 39 40 49 52 60 67 70 73 82 89 90 91 97 105 108 110 112 120 122 127 132 137 138 146 151 156 165 167 176 181 189 195 200 208 210 213 217 219 222 223 232 236 242 247 248 251 258 260 266 270
6 8 15 23 32 41 47 48 56 62 66 69 73 77 86 93 102 103 112 114 122 130 135 141 144 149 152 156 157 162 163 172 178 180 184 185 193 195 203 205 209 216 221 225 229 238 239 247 250 252 259 261 264 270 275 282 286 289 295 296 301 307 312 316 321 330 331 337 340 344 353 361 369 378 381 382 390 399 408 413 421 427 432 437 442 451 455 463 470 477 481 487 489 496 498 506 507 514 520 528 536 539 540 546 550 553 554 563 566 569
2 5 13 20 29 36 42 43 47 49 52 60 64 69 70 78 83 86 87 96 101 104 109 118 127 133 142 144 146 150 152 154 158 162 165 169 170 175 184 189 195 197 202 203 211 218 225 233 242 251 255 259 262 264 267 273 278 280 286 295 304 308 313 314 319 320 321 327 331 337 341 350 352 357 360 367 373 381 390 392 398 401 402 406 409 411 417 419 420 425 433 437 441 443 448 457 465 474 475 483 486 494 496 497 501 509 515 523 525 530 534 540 549 558 566 568 572 573 576 578 584 590 595 601 606 613 615 622 631 632 636 645 646 648 654 660 663 665 669 672 680 684 688 689 698 700 706 709 715 717 719 724 730 734 738 741 750 754 758 759 764 766 772 781 787 792 797 804 808 812 815 819 826 831 837 842 845 847 852 856 864 873 881 884 885 893
3 4 12 14 16 24 28 33 42 45 52 53 60 61 63 66 75 84 85 89 91 100 103 111 114 116 121 126 135 137 141 150 158 160 163 166 173 180 185 190 193 201 209 213 214 218 221 229 234 240 245 252 258 264 272 277 280 287 290 291 299 301 309 316 321 329 331 337 343 348 352 360 369 371 380 381 385 386 392 397 403 406 411 412 417 419 421 427 428 432 440 448 451 455 456 463 465 473 481 487 492 499 505 506 512 514 521 525 532 538 540 547 553 556 560 565 568 569 576 578 585
4 9 10 11 14 19 20 21 25 33 35 42 45 48 55 60 62 67 68 77 79 80 87 92 97 105 109 114 122 124 128 135 136 141 142 144 145 146 147 149 155 157 161 163 166 174 182 187 196 202 210 216 217 219 220 224 231 233 240 249 254 261 265 267 272 278 282 289 294 298 300 302 304 313 318 321 323 327 329 336 340 346 349 356 365 370 374 375 380 381 388 392 401 406 408 412 416 421 430 439 448 456 463 470 478 479 482 488 492 501 507 508 514 517 518 521 530 535 538 542 546 547 548 554 563 566 575 581 585 586 594 595 600 605
9 12 16 17 20 23 30
3 11 18 25 27 28 36 41 50 58 64 66 72 74 82 87 96 99 104 109 117 124 133 140 148 149 153 159 164 173 174 177 185 193 197 203 208 212 217 221 230 232 239 247 251 260 264 273 274 282 285 286 293 297 306 309 314 318 325 329 332 341 343 352 360 363 367 374 383 386 393 394 397 405 414 415 417 422 428 431 440 449 454 456 465 466 470 475 480 482 484 487 495 499 503 505 507 513 514 520 528 529 535 538 547 554 555 556 563 569 570 579 587 592 597 602 604 613 617 621 630
8 13 17 24 32 33 42 46 55 57 61 68 74 75 80 81 89 91 92 93 96 100 103 107 115 124 126 127 134 140 149 154 161 169 176 182 187 196 203 205 206 209 213 217 218 219 220 229 230 234 243 246 248 251 256 265 273 279 284 288 289 290 293 296 300 302 303 312 320 325 331 332
9 17 24 33 38 39 43 46 51 56 59 61 62 69 76 82 86 93 99 102 105 110 117 123 124 133 138 139 144 148 151 153 158 160 169 178 181 186 191 193 196 197 206 208 209 217 219 228 231 237 244 249 251 259 263 268 270 277 281 282 285 289 296 304 306 312 314 323 324 325 329 330 336 342 351 358 365 370 374 377 385 392 400 409 414 416 425 427 434 437 442
3 5 10 16 23 27 31 39 47 55 60 66 72 78 82 91 94 96 104 106 109 111 120 126 130 138 146 151 155 157 165 171 179 187 196 205 214 223 226 235 241 245 254 257 260 262 267 269 274 279 288 292 298 307 309 317 319 323 328 330 339 345 349 350 352 357 359 363 370 378 381 382 387 395 398 403 404 410 416 425 430 434 439 440 443 451 459 461 462 468 475 477 479 481 482 490 491 499 503 508 509 516 524 525 532 538 544 549 558 560 563 568 570 571 580 585 591 595 601 604 607 613 621 628 637 640 644 652 660 661 666 669 676 678 681 690 691 698 701 707 716 720 726 733 738 740 744 752 758 761 763 767 770 771 775 777 780 785 793 800 807 810 817 820 823 831 837 844 845 852 860 862
7 15 22 25 34 35 41 46 51 53 56 61 67 73 74 82 85 87 90 96 97 100 109 116 124 127 130 137 139 147 154 160 162 168 173 181 184 187 191 196 203 206 207 209 214 223 229 230 232 237 242 247 256 264 270 271 275 276 279 282 288 296 303 312 313 319 326 328 332 340 344 349 352 358 367 372 373 378 385 392 393 398 399 400 407 412 413 420 426 432 437 445 452 453 454 462 464 466 474 475 481 487 489 498 507 514 519 525 534 537 544 547 551 557 559 561 564 569 573 578 580 588 593 602 605 606 614 622 630 637 641 646 655 662 665 669 677 678 681 686 687 689 690 693 695 703 707 712 721 727 733 735 742 746 749 750 753 755 759 765 767
4 12 21 28 37 40 44 46 52 53 57 66 71 80 81 82 89 95 101 107 115 121 125 129 134 139 142 147 151 158 165 174 181 184
5 11 15 22 25 34 36 45 46 52 53 62 69 71 77 82 90 97 103 104 113 115 123 132 133 142 143 148 149 151 153 161 170 171 180 189 190 194 199 205 210 216 218 223 230 236 240 242 245 249 254 256 264 273 276 282 283 292 293 301 310 317 326 330 332 335 340 344 352 354 360 363 372 380 387 394 396 399 408 416 418 419 425 433 439 447 450 455 458 462 463 468 475 480 484 489 497 500 508 513 516 517 523 529 532 537 544 550 558 563 564 573 577 582 586 591 597 598 605 612 615 617 622 625 633 641 647 653 655 659 667 670 676 679 685 687 688 690 699 704 711 720 726 731 737 745 751 752 753 757 758 759 764 766 770 772
4 9 12 18 25 33 35 36 44 51 60 66 72 81 88 90 96 97 105 109 112 120 125 134 140 148 150 152 156 165 169 171 179 187 192 198 204 207 212 214 215 218 222 227 234 239 244 253 262 266 268 269 275 282 290 294 302 305 312 320 328 330 332 337 344 352 353 354 358 365 367 376 378 381 389 391 400 401 408 412 413 419 427 431 440 445 448 450 457 465 471 475 478 487 488 491 494 502 509 510 512 517 526 530 538 542 544 550 556 561 569 577 582 590 594 595 599 603 607 612 613 616 621 622 624 633 639 644 647 654 659 661 666 672 676 677 679 681 690 691 700 709 718 721 722
5 9 11 20 21 30 37 38 42 43 46 51 55 56 63 68 75 84 88 95 97 100 105 107 111 120 123 132 134 136 145 149 153 160 165 170 173 179 187 190 197 204 213 222 231 232 235 242 247 251 255 259 261 267 268 277 282 284 287 295 300 307 314 323 325 326 330 333 335 343 344 351 358 363 367 371 374 382 387 392 395 402 411 412 413 415 422 431 435 443 445 449 451 458 467 471 474 483 487 494 496 502 507 513 521 528 532 538 539 547 550 558 563 565 567 568 575
8 9 15 21 25 31 39 40 45 48 54 63 65 66 69 72 77 80 82 86 91 100 109 113 121 128 129 135 140 145 150 159 168 169 172 180 182 183 191 196 200 204 212 213 214 216 219 223 224 232 239 244 248 252 259 260 263 268 272 278 287 291 292 295 302 304 310 311 317 320 325 326 332 341 344 351 354 359 361 370 371 375 377
8 15 24 27 32 41 44 47 49 51 58 67 71 75 84 93 94 101 104 112 115 122 125 126 135 140 145 148 151 154 156 162 166 175 176 182 186 188 193 194 195 197 205 211 213 217 218 226 230 238 247 251 255 256 258 262 264 266 267 271 277 285 288 295 301 305 310 317 324 327 331 335 339 344 346 355 361 364 369 377 380 384 388 394 401 404 413 418 427 431 437 446 447 452 454 461 465 473 478 480 485 491 492 498 505 511 515 521 529 530 531 535 536 540 548 556 561 564 570 571 575 579 580 581 589 590 598 604
4 7 10 15 23 31 33 42 47 49 50 53 54 55 62 67 71 74 81 88 92 100 106 107 111 118 126 131 137 141 148 152 154 159 161 165 166 167 173 174 177 178 181 190 198 207 211 218 223 225 229 235 237 246 251 260 269 275 281 283 292 296 300 308 309 310 312 315 324 328 335 336 345 346 351 355 357 363 366 371 376 379 386 394 401 408 411 418 422 429 437 440 444 453 456 461 470 479 488 492 495 500 503 506 512 520 527 536 537 545 546 555 562 570 578 586 590 595 603 607 611 614 621 623 627 629 636 642 645 652 655 659 660 664 670 671 674 678 686 690 696 697 704 707 712 717 725 727 733 736 737 746 749 758 766 774 782 783 784 786 795 797 804 813 819 825 834 841 849 855 864 871 876 882 889 890 895 902 907 908 916 921 927 931 937 946 948 956 964 967 972 980 984 989 996 999 1005 1008 1012
9 12 20 28 30 33 42 47 56 62 71 73 75 79 81 86 91 99 103 109 111 117 124 131 134 138 146 148 153 157 165 174 179 186 190 195 202 208 210 216 218 219 225 234 239 245 247 250 254 261 270 279 280 285 289 296 298 299 307 308 313 314 316 317 322 327 332 335 341 344 350 359 364 373 377 386 391 392 395 399 406 410 418 419 421 422 430 434 441 450 455 459 464 465 469 471 480 484 486 494 497 498 500 505 507 514 516 521 529 534 537 541 547 553 555 561 567 573 580 588 590 595 604 607 610 613 614 619 623 630 637
1 4 5 10 18 24 32 37 43 45 46 47 53 61 67 76 84 91 99 105 110 114 123 127 135 142 150 153 160 169 178 181 182 184 193 196 199 202 207 213 220 222 223 224 232 233 234 242 250 257 259 268 269 277 278 280 284 287 290 299 302 310 316 319 325 331 332 338 346 351 360 365 372 377 382 383 392 399 403 406 415 422 423 432 439 445 451 459 464 472 473 477 484 490 494 503 511 513 522 530 532 534 535 538 546 548 555 560 568 574 575 576 578 587 590 599 601 609 614 617 618 627 633 635 637 639 640 645 653 659 668 676 681 688 695 702 706 715 718 720 725 733 736 738 742 751 754 756 758 760
2 4 6 11 19 28 29 33 38 41 46 52 54 61 65 71 72 79 85 89 96 105 106 114 120 125 131 132 135 144 146 151 157 163 167 170 176 181 184 187 195 202 204 206 212 221 224 226 231 238 240 245 246 248 255 263 268 276 282 285 288 289 294 302 305 312 315 323 324 326 334 339 348 357 365 367 371 374 377 381 388 389 391 398 401 404 413 417 422 428 434 438 445 447
7 16 20 21 30 34 39 41 48 49 56 59 64 71 80 88 94 103 110 116 121 129 130 136 145 147 148 150 156 164 167 169 173 174 175 178 186 187 196 198 200 205 208 209 212 221 223 230 239 244 253 258
4 7 10 13 19 20 24 32 35 39 47 50 51 60 64 71 73 79 85 87 91 97 104 112 114 118 127 133 139 148 153 156 165 174 183 185 189 195 200 201 208 215 219 228 236 243 249 252 257 259 261 267 268 271
4 6 9 11 14 16 18 24
2 11 15 23 30 38 44 45 48 53 59 61 62 70 77 81 89 91 98 103 108 110 118 123 125 129 132 137 139 141 143 147 153 154 155 157 166 173 178 183 188 196 198 207 210 211 212 215 220 225 234 243 246 254 261 270 271 274 278 280 282 288 290 293 294 301 305 312 316 317 323 325 326 329 333 342 345 350 358 362 371 377 384 390 393 394 395 403 406 409 414 417 420 421 423 426 428 436 444 447 451 453 460 462 467 473 477 483 488
6 10 17 23 29 37 40 42 45 52 61 65 68 77 78 80 81 90 92 97 103
9 17 23 27 34 42 47 54 57 64 68 71 72 76 84 90 98 105 113 114 120 128 133 141 150 151 159 165 169 172 181 184 193 202 205 206 215 217 223 227 228 232 238 247 254 261 262 268 269 273 279 288 289 298 299 305 308 310 316 321 324 325 326 335 341 342 345 349 356 361 365 369 375 384 389 391 399 404 408 414 417 419 422 426 430 437 443 446 453 456 464 473 482 491 497 499
6 7 10 14 17 19 26 29 37 39 41 48 55 57 58 67 74 77 79 85 87 93 99 106 114 123 125 128 129 138 143 146 154 155 160 167 171 176 178 180 183 190 195 199 205 207 209 218 222 223 230 238 241 248 255 263 264 267 274 283 292 299 302 307 315 323 327 333 334 340 342 347 355 356 359 365 370 375 381 388 396 401 405 411 419 427 428 430 436 444 452 458
5 10 12 16 22 31 33 34 43 45 48 56 65 74 82 90 93 98 102 109 118 121 125 126 134 137 140 146 152 153 160 169 176 178 186 192 195 199 208 215 220 225 228 235 238 241 248 256 264 270 275 279 286 291 299 300 306 313 315 317 318 325 327 329 332 338 345 351 355 356 364 373 379 385 389 394 401 403 407 415 421 425 433 440 447 451 452 461 468 474 479 480 488 496 502 508 516 517 518 520 524 525 527 533 540 542 543 548 554 558 561 564 566 568 576 585 587 596 604 608 617 622 631 635 640 645 651 655 663 666 671
7 14 23 29 30 38 41 43 47 56 59 63 69 74 77 86 87 90 95 102 104 107 116 122 129 130 134 141 150 156 164 170 178 185 188 190 199 203 209 211 212 214 222 228 231 239 242 247 248 249 252 254 261 268 269 271 280 283 288 297 301 310 317 320 329 337 338 339 343 345 354 363 366 375 378 379 388 389 395 398 401 403 405 407 410 416 425 426 431 437 443 449 453 455 458 459 462 463 465 474 478 486 488 491 492 500 505 506 515 520 524 527 531 537 543 549 552 560 565 566 571 577 582 584 586 587 592 597 601 609 613 619 622 625 634 642 650
8 11 14 17 22 24 32 33 39 43 51 58 64 65 73 79 83 92 93 101 102 109 117 122 125 130 132 136 141 148 149 158 162 166 170 171 175 181 183 192 198 206 207 211 214 215 217 220 224 231 236 240 249 258 266 267 271 275 278 280 285 290 298 300 309 310 314 321 324 331 337 341 343 345 350 357 359 368 372 378 383 385 389 392 401 406 407 415 420 423 432 434 441 448 453 461 463 467 472 474 482 491 496 500 509 511 520 523 526 530
4 11 13 15 23 27 29 36 39 48 53 57 64 67 74 81 82
7 11 19 24 32 39 42 48
2 11 20 23 29 37 44 48 55 63 68 73 79 84
2 6 14 15 21 27 31 36 45 49 56 58 62 70 76 81 90 93 95 100 109 116 118 125 131 140 143 145 147 150 151 155 159 160 165 169 174 177 183 184 185 194 203 205 207 209 210 218 221 225 227 232 239 240 244 251 256 263 266 273 279 281 287 288 294 295 300 304 307 313 318 320 327 331 334 339 345 351 360 364 369 370 376 383 389 390 393 401 410 415 421 422 428 437 442 448 457 458 466 467 471
6 14 18 22 24 25 33 41 46 52 53 56 57 60 61 63 69 73 76 78 85 91 95 98 103 112 115 119 128 130 136 137 139 144 151 157 158 164 173 175 178 185 189 193 198 204 205 211 217 221 228 229 231 240 247 252 260 267 274 278 280 287 296 305 309 314 316 321 322 327 329 330 335 338 344 351 352 361 365 368 369 370 372 373 382 384 389 396 403 412 417 425 431
4 5 8 13 14 20 24 29 33 42 43 44 46 53 62 63 70 71 76 78 81 82 91 94 96 99 101 110 115 116 123 129 133 141 147 156 157 161 170 173 182 184 193 196 199 208 211 217 218 220 224 228 232 240 246 249 252 261 268 274 276 279 288 295 303 309 312 317 324 325 328 329 331 333 337 344 348 354 362 369 374 380 382 391 392 401 404 407 416 424 425 429 437 442 446 452 454 455 457 458 460 468 472 477 478 484 491 497 504 509 514 517 522 528 531 538 541 550 558 567 572 579 582 589 595 600 606 612 619 628 635 644 651 658 665 669 675 680 681 690 698 699 702 707 709 714 721 728 730 739
8 14 16 17 25 28 31 37 43 49 58 62 70 79 88 95 96 103 108 109 116 124 130 131 133 135 140 149 152 155 164 172 178 185 194 203 212 218 223 224 233 241 247 251 253 257 262 267 273 274 282 289 297 300 304 311 320 329 331 340 349 350 354 358 362 369 373 374 379 383 384 389 393 395 397 403 404 411 412 414 423 431 432 441 442 444 447 452 460 464 471 473 477 480 488 492 501 510 511 517 525 531 532 534 536 541 542 550 559 565 569 576 583 592 594 599 602 603 606 609 616 621 628 630 637 641 648 653 658 665 674 682 687 693 702 704 711 712 721 728 736 737 739 743 748 753 762 764 767 776 782 784 790 794
2 11 14 19 25 26 30 36 38 47 54 57 62 70 79 88 97 100 106 115 122 128 137 141 144 148 149 153 155 157 164 173 179 185 188 190 193 194 201 207 212 216 219 223 230 236 242 244 251 259 260 264 266 267 272 276 283 285 287 292 301 307 308 311 318 323 329 330 338 344 345 347 352 357 362 368 374 381 384 390 393 397 401 409 414 422 428 430 432 435 438 440 446 449 455 463 467 471 476 479 482 488 496 498 501 510 519 523 530 533 540 546 555 558 566 571 576 579 586 587 596 597 603 604 605 608 613 622 630 632 639 641 649 658 663 671 678 679 682 688 697 700 703 708 717 726 733 735
1 4 6 11 13 19 25 34 40 44 51 59 64 65 67 68 70 77 83 91 99 101 104 111 116 120 125 133 138 142 145 149 150 152 157 160 166 169 171 179 185 187 196 201 208 210 216 224 232 234 238 239 240 242 245 254 262 263 268 276 282 291 295 300 307 313 321 323 328 333 341 342 348 353 358 363 370 376 381 383 388 395 401 407 410 419 423 429 437 440 442 450 459 466 467 475 483 488 495 504 506 509 518 520 525 531 532 533 535 543 548 549 550 558 565 569 571 576 582 583 589 591
3 7 15 24 32 37 43 46 48 51 58 60 62 69 70 76 83 89 97 100 103 109 116 121 125 132 136 141 150 155 161 165
6 10 18 23 25 33 38 44 53 61 64 65 70 73 78 80 87 96 97 102 105 107 110 115 123 124 132 140 141 150 152 154 158 164 168 173 182 184 191 198 201 209 215 218 222 223 226 233 235 241 245 252 254 261 264 271 273 278 284 285 291 295 303 309 318 321 330 337 339 340 347 351 358 363 368 374 378 384 391 393 396 402 410 417 425 431 435 440 441 446 447 456 458 464 468 477 480 489 492 499 500 507 512 515 521 525 530 532 538 547 550 551 559 565 571 574 580 581 588 589 591 593 601 604 613 618 625 630 633 638 643 650 658
1 2 7 8 15 21 26 35 37 43 47 55 56 65 66 74 83 87 91 92 96 103 104 112 115 122 129 130 137 142 147 152 156 158 160 162 169 172 180 186 193 200 206 213 218 222 229 232 233 237 246 254 258 260 267 270 279 288 290 294 295 303 311 316 319 320 329 332 340 349 358 367 375 378 380 388 392 394 400 406 415 422 430 435 439 444 452 458 467 470 474 478 479 486 491 495 502 505 512 516 524 530 538 540 547 555 564 569 571 578 585 591 598 603 610 615 623 631 634 638 642 647 656 657 664 668 671 679 687 691 698 707 714 717 722 728 730 739 740 742 744 753 762 769 770 776 778 785 787 794 801 802 807 815 818 824 830 832 839 840 843 849 857 865 869 871 874 875 876 881 889 892 896 903 904 908 913 922 923 931 939 940 947 950 952 959 963 964 973 977 983 987 988 994
3 9 10 12 17 25 28 30 31 40 47 51 60 62 66 75 80 88 93 102 106 113 122 126 131 137 144 148 155 156 162 165 173 178 184 185 189 192 193 200 208 211 216 224 231 232 236 245 253 258 262 263 265 266 270 271 276 284 287 294 299 302 310 313 315 321 330 332 337 344 350 353 354 356 365 371 377 378 382 387 390 395 397
5 7 10 18 19 27 30 35 38 44 51 53 56 60 62 63 65 67 69 78 85 91 96 100 108 117 120 125 126 128 130 137 141 143 152 160 161 168 173 182 188 189 194 195 200 203 205 211 217 220 224 228 232 238 241 242 245 253 261 262 264 273 276 279 286 287 294 298 307 310 318 321 324 326 334 341 350 351 360 365 373 380 388 396 399 406 413 416 421 429 437 442 450 456 459 460 463 469 478 487 488 490 491 495 497 505 511 513 521 529 532 540 544 553 560 569 571 576 585 589 595 603 607 612 615 618 619 622 630 636 642 650 654 663 667 674 683
7 16 17 24 26 29 33 40 44 45 48 51 55 64 67 69 78 85 90 92 96 102 106 108 114 121 124 126 133 137 139 141 143 150 154 156 162 163 172 173 177 179 183 184 185 188 191 195 204 208 210 216 223 227 231 238 246 250 254 260 263 267 268 274 282 288 290 292 301 304 308 315 320 327 330 331 334 337 339 343 351 360 364 371 377 383 388 394 403 408 417 422 430 434 438 444 446 447 456 463 472 479 481 484 489 494 497 503 508 511 516 517 524 528 529 537 539 547 551 552 560 561 565 566 570 572 573 574 576 579 584 587 589 597 600 604 606 614 623 629 632 634 640 648 651 660 669 671 672 679 684 688 692 694 703 708 712 715 723 729 732 740 741 749 750 755 759 767 776 777 786 795 801 806 814
3 11 20 24 25 26 29 34 40 46 55 59 63 66 69 78 82 83 86 89 93 101 104 112 120 125 129 130 136 140 144 149 152 159 166 173 174 183 187 196 198 200 205 214 223 227 236 244 253 258 262 269 273 279 286 295 297 304 312 321 323 330 335 339 343 350 357 366 369 372 378 385 390 398
6 13 17 24 31 38 41 47 53 62 71 72 74 82 85 93 95 101 104 105 113 122 123 124 128 131 137 142 151 157 159 167 172 180 183 191 192 198 199 208 213 222 226 228 234 235 241 246 251 257 265 274 280 289 291 294 301 302 310 315 318 319 323 329 335 340 345 346 350 352 353 360 366 367 374 381 389 397 399 400 404 411 417 426 432 441 447 452 456 463 466 475 484 493 497 503 509 511 517 525 534 537 538 539 544 551 555 559 568 575 577 579 582 587 595 600 608 615 616 624 626 633 637 641 645 649 650 652 655 660 663 671 673 676 678 683 690 691 695 700 701 710 713 722 731 739 743 752 756 759 765 768 775 782 785 794 803 812 817
5 8 16 23 32 34 42 43 50 55 64 71 76 84 93 101 102 108 116 121 128 129 138 145 148 153 162 167 168 174 176 182 184 192 196 202 210 215 219 225 228 230 237 241 249 257 261 262 265 268 273 275 283 290 291 300 309 313 320 327 332 340 343 346 352 354 359 367 369 374 375 384 391 392 397 400 401 403 409 413 420 426 432 441 449 450 453 461 469 477 481 490 498 499 504 505 513 520 522 527 528 529 533 535 537 541 548 557 565 568 571 576 577 584 589 591 593 599 602 609 611 618 626 632 634 642 647 654 656 664 670 679 684 692 700 701 702 710 715 720 726 732 740 745 747 750 754 760 763 766 770 774 782 786 789 798 801 803 809 812 817 822 830 833 839 845 852 861 870 875 878 881 886 894 898 905 910 919 926 931 934 936 945 951 954 958 966 972 978 981 984
9 11 20 27 31 37 40 48 54 60 64 73 82 88 92 93 99 103 106 112 117 123 128 136 140 147 155 163
6 13 17 21 27 29 38 43 49 54 60 64 72 75 79 82 86 93 97 101 105 109 112 120 128 129 130 139 142 143 146 148 154 159 165 169 176 180 186 192 194 201 204 209 217 224 233 240 245 253 254 259 262 263 266 271 279 287 295 296 305 314 321 327 332 337 342 348 356 361 370 374 383 388 394 403 405 407 412 415 418 425 430 436 437 441 443 448 456 461 464 470 478 479 487 496 502 509 514 519 520 528 534 535 540 547 549 557 566 571 572 575 578 587 593 594 595 603 612 614 623 631 634 643 645 653 658 660 662 671 680 688 692 697 699 707 709 711 718 722 727 736 738 741 750 756 760 762 769 774 779 784 791 797 806 815 820 821 829 833 841 845 852 857 863 866 874 882 889 891 899 902 910 916 922 929 932 939 946 955 961 968 976 983 990 991 995 996
4 12 21 25 26 29 38 39 48 51 59 61 67 72 73 82 87 88 90 96 102 106 111 116 123 126 133 138 142 149 156 161 170 177 186 194 199 206 208 214 222 231 234 238 239 241 245 249 256 258 265 270 271 274 283 286 291 293 302 309 315 320 323 326 332 333 341 344 351 352 354 358 361 362 364 366 374 377 381 387 396 399 401 408 413 416 425 433 437 445 450 454 455 461 463 469 471 473 477 486 492 495 504 513 520 521 523 528 535 536 538 542 551 553 557 558 564 572 581 584 588 591 600 603 611 615 617 626 632 634 637 643 644 646 655 659 660 662 664 669 678 679 681 687 693 695 704 707 712 716 718 725 732 741 747 755 761 766 772 776 778 787 788 789 792 793 797 805 812 818 821 823 830 839 844 845 854
5 14 18 27 29 37 46 55 61 64 73 78 83 88 95 96 100 108 116 125 134 143 146 151 152 157 161 168 169 170 174 178 183 190 199 201 206 212 220 224 225 228 231 235 242 249 253 256 265 271 277 281 289 298 304 311 315 320 329 334 342 348 351 353 357 361 364 373 376 380 382 391 393 399 408 416 425 428 432 438 447 450 459 460 463 469 477 484 485 492 501 504 505 508 512 521 529 530 532 541 545 554 562 571 574 581 583 592 599 605 608 609 614 621 625 633 636 640 644 649 653 655 662 665 672 674 676 677 678 679 685 690 693 697 700 707 713 716 719 723 732 733 739 746 751 752 759 763 772 781 785 790 796 800 807 814 820 826 828 831 838 842 850 855 859 860 864 868 869 874 881 887 893 898 901 910 912 917 921 926 927 934 938 945 949 956 961 969 975
2 10 16 23 28 30 31 32 33 41 44 45 48 56 65 72 78 80 81 82 87 90 98 101 106 114 117 126 134 138 145 149 153 155 157 160 162 170 175 181 189 196 199 203 210 216 218 222 228 230 231 238 241 243 251 255 262 271 278 283 285 291 300 306 310 313 322 330 332 333 336 342 349 350 356 361 367 371 380 383 388 390 393 397 401 402 405 414 415 423 428 431 433 435 437 445 451 460 463 468 475 482 490 497 503 510 519 524 529 534 538 547 550 556 558 564 571 579 585 588 595 603 612 618 626 631 635 641 646 651 656 658 666 672 678 686 692 693 700 702 707 709 714 722 728 737 738 744 752 756 757 758 767 768 772 775 782 783 788 789 791 799 804 812 820 828 834 836 838 843 847 848 855 864 866 871 878 882 884 891 900 904 905 907 914 923 924 933 942 947 949 952 954 959 964 973
4 10 17 18 20 29 32 34 35 43 49 50 55 56 60 68 72 80 89 96 99 101 104 107 116 117 120 127 131 133 142 149 152 159 163 168 170 174 179 185 186 192 195 199 201 209 216 217 224 228 231 236 240 247 256 264 271 275 277 285 289 297 302 309 311 314
3 5 9 16 20
2 7 9 15 22 25 29 30 38 46 47 52 60 65 72 73 76 78 82 87 90 93 99 107 113 116 122 125 127 132 140 145 152 157 163 166 170 175 179 186 193 199 203 205 214 223 225 229 235 236 245 250 253 262 267 268 273 277 283 289 293 300 302 304 306 314 315 317 326 331 335 340 349 358 367 371 378 387 391 394 400 404 411 418 427 435 441 450 459 460 468 473 482 488 492 494 497 501 503 511 516 523 528 537 541 547 548 551 558 564 572 578 582 591 595 601 608 610 613 619 628 637 642 645 654 655 660 664 667 675 683 686 694 697 703 708 709 716 720 726 730 732 741 744 749 753 760 766 767
4 9 15 24 28 36 42 48 55 61 68 77 78 79 88 90 94 97 103 107 108 115 122 127 128 134 143 151 152 160 168 177 185 187 193 199 204 210 215 218 226 232 239 242 250 254 259 264 266 267 276 279 283 288 289 293 295 304 308 315 319 324 328
5 13 19 20 28 32 36 41 46 55 64 71 74 81 88 97 106 112 121 124 133 138 139 143 147 156 160 167 168 174 175 184 190 196 200 201 203 211 217 219 228 229 231 235 241 244 251 254 261 265 269 274 278 284 288 290 291 298 302 311 312 313 317 321 329 331 334 335 341 342 343 347 349 355 358 363 369 376 385 393 399 401 404 407 411 412 416 424 429 433 441 444 445 454 457 459 460 467 475 482 487 496 499 501 509 515 517 521 524 526 535 544 547 551 557 564 565 569 577 582 591 594 596 605 609 610 612 616 618 621 624 630 632 636 638 644 651 657 660 667 676 679 686 689 698 703 710 714 722 729 735 738 746 747 754 757 763 770 778 782 785 787 789 796 799 804 808 809 812 818 825 826 829 833 835 841 844 847 850 859 861 864 868 875 876 885 894 897 903 907 908 913 915 918 924 930
4 9 14 23 32 36 44 48 50 57 58 67 70 75 80 84 92 99 103 108 110 115 118 126 131 135 137 145 154 163 164 173 175 183 190 199 206 212 215 216 221 222 223 226 230 232 234 243 251 255 257 261 262 269 271 277 286 291 294 303 305 312 315 318 319 324 328 335 339 341 342 349 352 357 366 371 375 380 382 387 393 396 401 407 411 418 427 434 440 442 451 453 454 461 463 466 473 474 481 488 489 493 498 503 512 518 520 525 534 535 542 544 553 561 564 571 580 585 592 600 605 614 623 630 635 641 648 655 663
6 14 19 28 34 40 44 49 57 61 62 66 71 75 78 87 92 98 104 107 111 112 118 121 126 132 139 145 154 159 162 167 168 173 180 187 190 194 201 205 206 207 212 217 219 228 231 238 242 247 254 259 267 271 280 289 296 297 303 307 311 315 318 323 324 332 335 342 343 344 350 352 353 358 365 367 375 383 384 390 396 400 402 407 415 417 418 422 428 432 438 444 446 455 463 468 476 483 486 495 501 502 505 510 512 514 516 517 525 531 538 540 542 550 559 564 570 578 583 587 594 600 607 612 615 621 625 630 635 639 646 650 657 663 670 678 686 692 693 698 700 706 713 720 726 727 734 738
5 9 10 16 19 23 31 35 37 45 52 54 61 68 70 79 84 87 92 99 100 106 107 116 119 124 125 133 137 140 146 147 153 157 164 165 172 179 186 191 197 203 207 215 219 225 232 241 246 255 256 257 266 274 281 284 285 293 298 299 308 315 320 326 327 329 336 338 345 349 351 353 354 357 358 360 368 374 380 386 395 404 406 410 411 420 422 423 432 439 448 449 458 463 470 472 473 476 478 483 488 492 501 510 511 518 523 526 532 538 544 549 550 555 562 567 575 578 584 589 597 601 604 612 621 622 628 632 637 641 647
6 8 10 17 18 26 33 40 43 46 55 61 63 72 75 77 78 81 89 92 95 103 104 109 111 119 120 121 130 137 145 153 160 165 167 176 182 188 190 192 193 197 199 207 216 225 228 231 235 244 245 250 256 260 269 278 283 290 291 299 307 310 314 315 316 322 330 337 338 345 353 354 363 365 370 376 378 385 387 390 398 402 409 418 422 425 428 432 436 441 448 456 461 469 473 475 478 486 494 496 505 513 515 519 523 526 528 537 543 551 556 559 560 568 571 578 587 592 593 599 603 608 615 622 625 630 637 646 654 662 670 673 674 682 683 688 696 700 707 710 712 720 726 729 738 742 746 753 762 770 771 772 777 783 786 793 796 803 806 807 814 819 821 830 839 843 848 853 858 863 869 873 878 883 884 893 898 906
4 5 14 20 26 30 35 42 44 52 57 65 66 68 75 79 84 92 97 103 104 109 114 118 120 128 133 139 146 153 162 165 173 174 183 190 198 203 205 212 216 222 224 226 234 239 241 248 254 255 262 271 277 285 290 297 302 309 315 319 326 331 333 340 348 353 355 359 361 370 376 382 383 392 395 402 403 408 413 419 425 427 430 436 445 447 454 459 465 471 476 482 483 487 495 500 504 506
3 10 18 23 30 34 42 45 49 50 57 59 66 75 80 81 86 88 95 102 110 111 116 119 126 129 131 132 135 143 146 149 153 156 162 164 167 172 176 179 180 184 185 187 193 202 207 215 217 226 231 238 239 246 249 257 258 265 266 274 275 284 292 295 300 304 305 313 320 323 328 336 340 348 356 365 374 378 382 383 389 398 400 409 412 416 425 431 437 439 448 456 458 466 472 479 482 486 493 502 505 511 519 520 526 532 534 535 537 539 545 554 555 560 568 573 575 584 592 599 603 609 611 613 617 625 634 636 642 645 651 657 659 662 663 671 679 684 686 691 700 701 702 707 709 712 717 721 722 729 734 742 748 753 757 761 764 773 780 784 793 801 802 807 813 821 826 831 835
2 5 6 10 18 26 30 38 39 44 52 59 68 76 85 86 93 94 96 102 104 107 116 124 127 133 136 139 147 156 164 173 177 186 194 195 203 210 217 220 223 226 229 230 232 235 238 245 254 257 262 263 270 277 282 289 295 298 301 306 310 317 326 333 341 348 352 357 364 369 376 380 389 398 404 405 412 419 425 428 434 436 443 445 447 454 458 459 467 472 478 487 496 502 510 511 520 525 528 531 538 546 547 554 555 561 570 576 578 579 585 587 591 599 600 608 616 623 627 635 644 646 653 658 661 667 669 675 684 688 694 699 705 714 723
9 18 23 25 29 34 39 40 49 50 54 63 67 70 78 83 89 98 101 105 109 116 124 125 131 138 144 151 155 164 167 174 177 184 192 201 206 214 216 220 223 230 234 236 245 254 259 261 264 273 280 287 296 299 305 311 315 318 327 336 341 347 354 356 363 366 367 372 376 384 392 397 399 404 412 418 420 424 426 428 432 433 438 444 446 447 452 458 465 473 476 481 490 493 502 507 515 523 532 536 545 554 562 566 571 575 582 586 590 593 599 605 612 617 622 625 627 635 644 645 652 661 662 664 672 673 680 682 685 693 700 701 706 711 715 718 722 725 732 740 746 752 753 760 767 768 771 773 775 780 789 798 805 812
3 5 9 12 17 25 34 39 45 52 59 61 62 69 75 79 84 93 96 103 109 116 124 128 130 139 142 143 144 151 155 164 166 169 177 181 187 193 200 207 213 218 226 235 243 251 257 264 271 276 282 289 292 295 303 304 313 317 322 330 339 345 348 354 359 365 368 376 378 386 393 397 404 405 409 411 418 426 434 437 439 446 455 457 459 465 469 477 483 487 489 496 502 510 515 520 525 533 535 539 548 556 564 566 570 578 584 593 599 606 614 619 627 633 638 639 644 651 656 660 661 666 669 673 674 683 684 689 692 695 701 707 715 724 728 737 743 746 753 759 761 766 769 773 779 787 792 796 798 800 806 809 815 824 832 839
2 9 15 22 27 32 36 43 52 58 63 65 68 75 76 81 89 94 97 98 100 109 117 121 128 131 136 138 145 151 156 165 169 178 179 180
5 9 11 20 25 30 39 41 46 47 48 56 58 64 73 81 88 97 106 110 114 115 119 125 133 137 139 148 153 157 164 173 176 183 190 192 194 202 204 209 214 216 224 226 227 230 231 235 237 242 246 250 259 262 264 267 271 280 287 288 290 291 299 302 304 313 314 323 325 331 336 341 349 353 357 358 367 371 376 379 381 388 391 400 403 408 411 418 422 424 431 440 449 458 461 469 476 484 489 492 499 502 507 516 517 522 523 529 533 539 545 550 554 556 557 560 562 565 574 577 582 584 591 597 606 607 612 613 619 625 630
7 12 13 18 25 29 36 37 44 49 56 58 62 68 70 78 83 85 90 91 99 106 115 121 124 128 135 142 147 151
9 13 14 20 27 28 30 36 39 45 49 51 54 63 67 74 78 80 86 88 90 91 100 102 106 107 113 115 123 128 134 143 149 151 158 166 171 174 178 186 195 200 205 207 212 216 217 225 231 239 243 250 253 258 259 263 264 266 275 278 281 284 290 298 303 311 316 319 324 329 330 335 336 344 353 358 365 371 373 379 387 395 404 413 416 421 429 437 438 441 448 456 463 471 472 473 477 482 487 488 497 502 505 514 515 524 533 541 545 550 557 566 571 578 579 585 593 596 603 612 620 626 633 640 647 651 652 656 665 673 679 680 684 686 692 701 704 711 713 718 726 731 739 743 745 746 753 759 761 768 777 779 786 795 801 808 809 813 821 829 833 835 840 842 843 852 860 868 874
7 14 22 27 29 36 41 48 57 65 70 76 78 86 88 95 101 110 113 119 126 129 133 142 150 155 159 165 173 175 183 184 186 191 197 199 208 215 217 226 228 232 236 243 245 246 251 259 261 264 265 268 272 279 285 287 294 300 308 312 321 326 331 338 345 352 355 363 371 374 382 391 394 399 407 411 420 425 430 433 434 435 439 446 453 458 461 470 473 476 481 485 492 495 504 509 513 518 523 532 538 541 543 552 555 560 563 572 575 582 591 592 600 601 610 618 619 621 623 628 630 637 638 646 654 662 666 668 671 674 679 680 683 687 695 698 705 712 715 719 726 735 738 741 746 751 756 762 767 769 774
1 5 8 13 15 19 22 25 32 40 44 48 51 56 61 68 73 75 80 82 89 94 101 107 109 112 121 125 126 133 138 145 147 149 152 154 155 162 163 169 178 184 193 195 196 198 207 209 211 213 218 219 223 228 229 231 240 241 242 249 253 262 267 269 273 281 289 292 300 306 313 322 328 337 340 347 353 354 361 362 368 372 378 385 391 399 402 409 415 416 419 423
2 6 14 20 21 30 35 44 45 50 56 58 61 63 65 73 82 86 94 97 102 103 106 111 116 122 131 133
2 5 11 17 19 22 23 30 31 40 45 50 55 63 71 80 89 97 102 103 112 116 117 125 128 130 131 134 136 142 145 154 162 165 169 178 180 186 191 199 207 211 219 220 223 224 225 230 237 243 246 252 261 267 276 280 286 289 294 299 308 312 314 318 322 330 335 344 345 348 352 361 368 374 381 388 392 395 401 403 409 411 420 426 428 435 438 445 447 452 455 459 463 470 472
9 10 15 16 21 25 31 36 42 49 54 62 65 72 78 80 89 92 98 101 103 112 117 118 122 126 129 137 139 141 144 153 158 161 169 178 182 191 197 206 210 216 224 230 234 238 247 248 255 263 272 278 280 289 297 302 303 311 319 323 325 326 331 338 344 351 358 359 364 365 373 374 375 384 390 396 404 411 413 415 422 430 438 442 445 450 457 464 466 470 472 479 486 490
5 11 20 24 28 32 40 49 55 62 66 68 71 78 84 91 93 100 107 114 115 122 124 128 134 143 145 147 153 158 166 173 174 177 186 193 194 202 211 213 218 221 224 233 242 243 251 259 261 265 271 275 283 288 293 299 308 313 315 323 330 339 340 344 349 358 360 366 368 374 377 385 394 403 412 417 419 428 431 438 447 455 460 461 468 474 475 478 479 480 486 491 492 501 503 509 510 511 515 518 524 528 537 543
6 12 13 18 20 29 33 41 46 49 57 59 64 73 75 84 91 97 99 107 114 116 120 129 130 134 142 145 154 163 164 173 180 184 186 190 194 203 211 220 229 237 240 249 251 255 264 271 279 286 291 300 308 315 322 329 338 339 345 354 357 366 368 377 378 379 385 389 398 400 407 415 419 420 427 436 444 450 453 460 461 468 476 481 488 493 499 508 513 518 526 531 539 544 553 555 560 564 573 578 585 586 591 594 595 603 610 619 624 628 632 637 643 645 651 660 662 670 673 682 689 696 705 714 716 725 732 734 738 745 749 756 758 763 766 772 773 776 782 789 796 804 812 816 822 827 835 842 845 851 855 856 859 866 869 872 873 882 885 886 895 899 904 912 913 917 922 923 926 932 934 942 945 948 949 953 957 964 966 968 970 977 986 993
2 9 18 24 28 36 43 51 56 57 66 70 77 83 87 92 95 96 100 101 106 112 120 122 126 129 138 142 145 153 158 164 166 174 178 183 188 197 201 208 214 220 226 235 236 243 246 252 255 258 264 266 271 278 284 285 288 294 298 306 308 309 315 319 325 326 331 338 344 345 349 354 356 358 367 373 378 387 390 393 396 402 410 413 416 421 424 427 432 440 446 452 459 461 466 474 477
9 15 21 29 31 35 36 39 46 52 60 65 69 70 77 80 82 85 87 88 95 102 110 112 116 121 129 135 139 140 148 157 165 171 178 179 187 195 201 206 210 215 222 230 235 243 246 249 258 261 264 266 271 277 280 286 287 296 304 310 311 313 314 323 325 334 340 348 357 364 366 372 379 386 394 398 403 405 406 407 413 418 425 434 436 442 444 452 455 459 461 470 474 477 486 492 493 496 505 507 514 521 526 528 534 535 544 545 547 555 559 561 565 571 576 579 587 593 600 602 611 619 627 633 634 637 640 648 655 657 666 670 676 682 684 689 697 699 702 706 709 714 717 723
1 8 9 15 18 23 31 37 45 50 53 58 67 73 80 81 89 91 94 97 105 111 113 119 121 129 130 131 136 140 145 148 149 151 155 160 166 168 172 175 176 185 194 195 200 202 207 213 218 221 223 226 231 232 234 237 242 244 247 251 257 258 261 269 275 279 283 286 294 298 305 313 321 324 327 330 337 340 343 348 350 352 356 364 372 376 381 384 386 394 397 400 406 413 421 429 434 436 439 447 453 460 463 470 471 479 486 493 494 495 497 498 507 512 513 519 521 523 529 538 542 544 548 549 555 561 566 575 582 585 593 602 603 611 619 622 624 629 638 644 645 654 661 663 667 675 681 685 686 688 691 692 697 700 709 714 721 725 731 740 745 751 753 759 765 772 779 782 788 796 803 810 814 821 830 833 842 850 853 859 866 873 880 885 889 893 899 903 906 915
9 13 15 16 17 22 27 36 42 43 48 57 59 63 64 67 68 76 85 91 96 98 105 112 121 125 129 132 133 135 137 143 144 147 149 150 153 154 159 162 171 176 181 186 190 195 204 207 208 212 221 222 227 230 237 245 246 248 255 257 258 262 268 276 278 284 291 292 293 298 302 307 310 318 326 333 336 344 351 356 357 358 367 370 379 382 383 388 396 397 398 403 412 417 418 427 429 431 432 440 442 446 455 461 462
4 6 8 15 16 23 29 37 45 50 57 60 69 76 84 93 98 106 113 114 115 124 125 128 131 135 137 146 148 156 160 167 168 175 177 179 188 189 197 200 208 215 224 231 237 242 244 247 248 255 259 268 271 278 281 283 291 295 303 305 310 318 326 334 336 344 345 350 356 365 366 373 379 384 390 393 395 401 402 409 410 417 425 429 436 442 449 453 458 465 474 479 481 487 493 494 501 506
4 11 18 19 27 34 37 46 52 58 60 62 66 74 76 77 85 86 88 90 91 93 100 109 118 122 126 127 135 138 142 146 151 158 166 171 179 182 183 184 188 194 197 206 207 213 217 221 228 230 239 245 254 256 257 266 273 274 276 283 288 295 303 311 319 321 323 331 338 340 341 348 349
9 18 22 30 32 39 47 56 64 69 71 73 80 86 95 99 100 105 106 114 119 125 127 136 145 146 154 156 162 171 173 175 182 188 195 204 211 215 217 220 223 228 229 232 236 245 247 249 257 263 265 272 279 281 290 292 301 310 317 323 331 334 339 341 348 354 361 362 366 368 376 377 381 384 386 392 401 407 414 422 423 430 433 441 449 450 454 459 466 472 479 483 490 495 498 505 511 515 517 522 528 530 533 534 536 538 542 549 555
5 12 21 30 38 45 53 56 64 73 82 88 90 95 104 106 109 113 114 119 122 127 133 136 143 147 148 153 158 164 165 167 168 172 174 179 185 188 194 200 202 205 207 215 220 221 225 232 241 244 253 259 260 263 264 272 280 283 291 298 303 309 315 318 320 324 327 329 330 337 346 355 361 367 373 380 383 387 392 396 403 406 407 414 417 423 432 440 445 449 453 456 462 468 474 481 490 498 502 504 506 510 513 522 526 534 537 538 545 554 559 564 568 577 583 588 592 595 603 606 611 614 618 619 623 624 631 636 641 647 650 654 657 661 664 668 676 683
7 10 18 23 27 35 37 44 45 48 56 63 69 75 80 81 83 87 90 99 107 114 119 126 127 130 139 140 144 148 154 155 161 163 171 178 179 188 191 200 206 213 219 221 228 229 230 234 237 241 244 247 251 255 264 265 269 275 284 286 289 292 299 305 309 318 327 331 340 346 349 353 355 358 361 370 379 388 397 400 402 409 413 414 419 423 432 437 446 450 459 463 472 474 475 484 487 489 494 503 508 510
9 15 20 23 31 35 38 40 45 52 55 58 67 72 80 87 91 99 100 101 106 110 111 115 124 127 131 133 139 142 147 149 151 153 154 160 164 167 168 173 179 188
2 5 8 10 18 25 33 40 43 51 55 61 66 67 74 79 83 85 93 97 99 100 108 116 123 124 132 141 143 144 148 157 164 170 176 181 182 187 196 202 204 206 207 213 214 218 223 224 232 237 239 247 252 258 262 269 274 282 283 292 296 298 302 309 311 320 328 329 332 333 339 341 350 352 355 361 362 364 365 374 378 385 394 398 404 410 418 421 428 430 434 435 443 450 456 464 467 476 477 481 483 490 495 499 500 504 508 517 522 527 529 536 543 545 549 553 559 567 574 579 583 591 598 599 606 614 615 620 621 623 628 637 642 649 651 660 669 676 683 691 697 698 706 712 715 724 730 731 736 743 749 753 757 758
2 6 14 23 31 39 47 55 58 67 73 78 87 90 92 96 102 108 109 110 118 127 132 138 147 150 158 159 164 171 173 176 178 180 181 188 191 192 197 200 204 207 212 214 219 228 236 244 252 253 261 262 266 271 278 280 287 292 300 303 306 312 321 327 336 343 346 353 358 364 372 377 381 385 387 392 395 402 403 410 414 416 424 429 433 437 445 452 453 456 465 472 473 477 485 489 496 499 506 507 508 515 523 532 533 537 540 548 555 556 561 564 567 570 579 587 595 604 608 611 612 616 622 629 637 639 642 649 651 659 661 666 670 677 679 680 684 691 692 694 702 708 714 723 732 735 741 742 743 745 752 753 754 760 766 767 774 779 780 788 795 804 813 814 822 826 828 833 842 847 854 859 862 870 875 880
2 9 12 21 23 25 34 37 39 44 46 48 52 56 65 69 72 78 80 89 92 94 102 105 110 119 127
4 5 9 15 24 27 36 38 40 44 50 58 60 63 70 73 74 81 90 91 96 104 108 110 113 115 122 124 126 135 144 146 150 157 160 168 175 178 180 183 186 193 202 208 215 218 219 227 232 240 249 257 265 269 275 280 287 288 290 292 301 303 304 311 319 320 322 329 331 332 335 344 347 354 361 367 375 381 390 397 400 402 411 412 419 420 421 422 429 437 438 443 446 455 457 461 462 466 469 470 473 478 481 484 486 489 490 499 506 511 519 524 531 540 541 550 552 561 570 578 585 593 594 600 609 618 623 632 634 638 644 651 653 656 664 671 676 685 686 695 697 700 708 711 712 716 725 731 733 737 745 746 755 763 771 777 779 786 787 792 796 805 808 813 820 821 823 832 838
3 12 14 22 27 28 32 36 42 44 46 52 61 67 72 77 83 84 88 97 100 103 105 112 121 129 130 132 138 144 153 160 168 174 178 181 187 196 202 204 213 217 220 226 232 235 239 241 247 256 265 267 271 277 284 292 300 304 308 312 316 322 323 325 331 335 340 341 342 347 355 357 366 370 375 379 381 386 390 398 407 409 418 426 431 440 443 448 451 455 456 465 473 479 487 490 492 500 506 511 514 516 524 529 532 533 541 549 553 562 567 569 572 577 579 581 589 594 599 608 614 617 621
8 10 15 16 24 32 37 38 40 42 45 52 58 66 75 80 83 92 93 99 105 110 117 119 124 129 130 136 139 141 143 149 155 163 171 179 188 193 200 201 204 207 213 216 222 223 225 227 229 233 242 251 253 260 262 264 265 267 273 275 284 293 294 299 302 308 313 314 318 323 329 337 338 344 347 352 360 367 369 373 377 384 393 402 408 413 414 415 419 424 433 442 444 449 453 454 459 464 473 474 479 482 490 496 501 504 509 515 524 531 536 539 545 552 559 563 567 573 575 584 589 593 599 600 602 603 609 615 616 619 627 629 631 635 637 640 646 653 656 660 668 675 677 685 692 698 706 713 719 727 730 738 746 751 755 759 764 772 781 783 785 794 797 799 802 808 812
4 8 16 24 30 39 43 51 57 65 68 73 74 79 86 89 95 102 104 107 111 116 118 124 128 134 137 139 141 150 151 153 154 157 163 171 176 184 187 196 204 206 211 215 217 223 232 238 242 245 253 262 266 273 279 282 291 292 300 302 308 312 317 323 328 333 338 339 345 353 359 362 366
4 11 18 19 25 26 30 34 38 40 47 52 55 57 61 70 76 81 85 87 88 89
4 7 11 19 24 27 29 35 44 47 55 62 64 65 74 81 87 88 94 98 102 103 105 110 114 120 127 136 139 147 154 157 158 161 164 172 180 183 188 196 198 199 202 209 217 225 233 237 244 251 252 256 264 273 280 281 286 292 295 297 302 304 312 319 327 332 335 343 345 350 354 359 364 373 382 388 390 393 395 403 409 412 418 421 430 439 442 448 454 460 462 465 474 479 481 487 494 497 501 506 508 516 521 528 533 542 550 554 561 564 567 576 585 591 598 602 608 614 617 623 632 636 638 640 645 649 653 661 667 676 683 688 693 695 696 698 706 713 718 720 728 732 740 749 750 759 763 768 777 782 789 790 796 801 809 818 822
5 9 13 21 28 35 40 47 52 59 60 61 66 73 78 84 90 96 99 101 110 115 123 125 126 127 133 142 148 152 160 169 171 178 183 187 191 194 196 198 200 202 210 213 222 226 227 230 237 238 244 248 253 256 264 268 270 278 286 289 290 291 295 304 310 315 320 325 334 339 344 345 350 359 366 372 381 388 389 394 396 397 403 404 406 413 414 416 419 422 429 438 446 451
3 4 5 8 12 13 21 26 30 34 42 49 52 59 65 67 68 70 78 84 93 94 97 99 103 112 118 120 126 128 135 136 137 138 145 154 157 161 165 173 174 179 181 184 187 193 199 204 206 215 219 227 228 236 243 250 256 258 263 264 268 275 276 280 283 291 293 299 307 313 317 318 325 331 338 344 346 351 354 355 362 366 371 374 380 389 395 399 402 410 417 421 430 438 443 445 446 453 457 459 465 466 467 469 477 484 487 495 498 501 508 513 514 517 519 523 531 536 538 542 545 552 554 561 566 568 577 582 590 597 604 605 613
6 9 18 27 34 42 49 57 60 68 69 78 87 91 99 104 112 116 123 126 131 139 146 150 159 167 176 181 182 188 195 196 205 212 218 220 226 230 237 245 251 256 261 264 265 266 270 271 276 285 290 297 298 300 307 314 316 324 329 330 334 343 350 355 364 365 374 375 381 383 386 395 398 402 407 415 420
9 15 20 26 34 35 42 49 52 57 65 71 72 76 79 87 94 96 99 103 104 110 119 126 134 140 148 156 162 165 170 172 175 177 180 181 190 198 200 206 207 214 223 232 238 247 251 259 267 274 275 283 289 295 299 303 307 309 311 316 322 331 335 344 353 360 369 372 374 378 381 388 394 400 406 412 417 424 431 437 446 449 458 462 468 477 479 486 491 496 503 506 511 517 521 528 530 531 537 538 545 547 554 558 567 575 579 585 588 595 603 608 615 623 624 626 630 634 639 640 641 647 656 659 660 664 671 676 681 686 689 693 700 706 710 716 725 731 739 746 747 754 756 765 771 773 780 786 791 799 806 812 820 822 823 831 839 844 847 851 852 854 859 861 867 872 879 886 895 904 912 919 923 924 927 935 942 945 953 958
8 11 12 20 29 31 33 40 47 49 55 58 60 67 76 82 84 92 93 100 105 109 112 117 124 133 137 145 148 154 155 159 165 167 169 172 173 178 180 183 186 187 196 200 208 215 222 227 230 232 240 249 257 258 265 269 277 285 294 301 307 316 321 325 326 327 328 329 337 340 348 355 356 357 364 373 376 378 379 382 391 400 404 406 415 421 424 430 436 441 443 451 453 454 458 461 463 470 475 476 478 486 495 496 503 506 509
8 9 17 22 24 31 36 38 45 53 55 58 65 69 71 73 77 85 86 91 97 100 105 112 119 123 131 133 139 143 150 152 156 157 166 171 176 183 191 194 195 197 203 205 208 212 213 214 222 223 225 233 239 248 256 264 266 268 276 282 283 286 293 297 302 305 309 315 319 320 327 329 333 336 341 344 348 353 359 363 364 369 378 386 393 401 407 410 419 420 428 429 433 441 448 450 454 455 463 465 470 472 479 488
6 7 9 17 23 32 37 43 52 60 66 73 74 83 88 91 95 96 98 107 109 114 121 129 137 143 147 148 157 158 166 168 173 181 190 197 198 203 212 214 222 226 227 231 232 236 243 246 255 264 267 268 270 272 276 277 286 294
6 15 22 23 32 34 37 41 49 54 61 65 66 74 78 84 91 94 101 104 109
5 9 12 17 22 31 38 47 49 51 59 65 66 73 82 83 92 100 105 113 116 117 120 121 130 134 142 144 150 152 156 159 165 173 180 187 196 200 209 215 221 229 236 245 253 261 268 271 273 282 285 293 298 299 301 303 309 318 324 328 331 336 343 347 353 357 363 367 375 376 379 381 387 396 401 404 407 409 414 423 425 432 439 447 451 457 459 467 475 481 489 495 504 505 506 513 516 520 521 530 537 538 544 546 552 560 567 570 573 577 586 594 602 609 612 617 618 624 628 637 640 644 652 659 662 669 677 679 684 690 695 701 709 710 713 718 726 735 743 745 750 752 754 759 763 764 769 775 782 790 794 795 799 807 816 821 825 831 840 846 848 857 860 868 875 884 886 892 897 905 914 922 926 927 934 936 938 941 943 946 951 954 957 963 965 968 974 979 982 988 990 991 995 999 1000
6 11 17 20 23 27 36 42 43 47 49 55 56 64 71 76
9 10 13 19 21 28 31 38 46 50 58 64 68 73 75 76
7 13 19 27 34 36 42 51 59 64 72 77 86 89 91 93 98 102 103 107 111 117 119 127 134 139 142 143 144 149 158 164 166 175 183 189 197 202 203 206 215 218 226 235 239 243 250 254 255 259 266 275 277 283 290 297 300 308 313 319 323 327 332 340 343 347 354 363 370 374 382 385 386 390 394 399 401 410 415 419 422
9 14 15 22 24 32 39 47 56 59 62 64 66 72 73 75 82 83 92 99 103 106 109
5 14 18 19 22 28 34 37 43 45 52 60 67 72 73 78 84 90 96 99 103 106 111 120 128 133 140 146 153 154 155 157 160 164 173 176 178 181 183 185 192 195 197 205 209 218 226 230 239 246 248 252 257 263 266 275 283 284 291 296 302 309 317 321 326 330 338 341 342 348 355 362 368 375 384 391 394 399 403 411 415 422 428 437 438 440 449 450 454 457 464 465 474 479 488 496 501 508 512 520 522 523 526 529 533 538 542 547 553 556 560 563 565 566 574 579 584 586 590 592 597 605 606 615 616 620 621 624
6 14 19 20 25 31 36 41 45 47 52 55 62 69 76 82 84 87 90 91 100 102 108 109 115 121 130 139 147 150 157 166 173 181 187 189 195 204 209 216 217 219 227 234 236 245 254 258 261 263 265 274 282 290 293 294 295 296 305 313 314 320 326 334 335 344 351 358 362 368 374 378 380 382 383 387 391 396 404 407 414 420 424 433 441 442 447 456 459 466 469 478 482 485 490 491 496 499 501 506 511 512 517 525 533 538 541 545 551 558 560 569 573 581 590 592 599 608 617 622 630 637 640 645 654 662 666 668 675 677 682 689 696 702 711 715 723 730 732 739 748 753 756 762 769 771 772 779 782 787 796 803 804 805 811 813 818 822 824 825 829 831 839 848 855 863 871 874 878 884 892 893 899 907 916 923 929 934 935 937
1 10 18 19 27 36 40 41 46 52 53 62 64 69 75 78 81 86 91 93 99 107 116 117 121 124 125 129 131 136 142 149 151 154 163 167 174 180 188 197 203 205 206 215 222 228 229 235 244 249 256 259 262 270 273 278 284 285 286 294 297 301 304 309 310 316 322 325 329 330 333 335 336 338 339 346 353 356 363 372 381 384 392 397 400 408 410 415 422
3 4 5 11 20 27 28 34 43 45 46 48 56 62 68 74 76 82 85 90 95 103 112 115 124 132 137 138 144 152 155 160 161 163 171 176 177 183 186 195 198 203 206 214 218 224 231 238 241 243 250 254 263 271 275 276 279 282 290 294 302 304 313 318 326 332 336 343 348
3 6 9 13 18 22 30 38 44 50 55 56 63 67 72 81 88 89 94 102 108 112 114 121 127 131 140 143 146 148 153 162 168 170 176 182 187 190 199 202 208 214 220 224 230 235 242 251 260 269 273 275 279 283 287 288 292 301 307 309 310 313 319 325 334 339 340 346 347 350 351 355 356 360 366 375 384 385 387 396 397 406 408 409 411 416 422 425 434 438 442 450 459 464 471 474 483 487 490 498 500 502 508 515 523 529 530 536 540 549 558 567 573 577 581 588 597 598 600 602 611 612 620 628 632 637 643 646 648 652 655 659 664 667 670 675 678 687 688 692 696 703 712 713 720 722 729 735 744 748 751 752 759 768 772 778 786 789 792 800 807 812 816 820 821 825 834 838
3 7 9 10 17 19 27 33 34 40
6 10 15 24 28 29 32 36 37 39 41 47 52 58 66 71 74 75 82 89 91 93 101 107 115 122 125 132 136 143 150 156 163 171 180 184 187 196 200 204 211 220 221 228 232 233 238 240 245 250 259 262 264 269 274 281 287 290 298 302 307 308 313 316 321 324 325 326 328 335 337 344 347 355 356 363 370 371 376 379 385 386 393 395 400 409 411 413 419
3 12 20 21 22 28 37 43 49 58 65 67 72 78 79 83 88 89 94 98 106 107 112 120 125 132 133 136 142 150 153 157 166 172 176 180 186 190 196 198 207 215 219 224 232 233 235 239 242 243 252 261 266 274 275 281 290 295 298 303 312 321 322 329 333 337 345 351 352 361 363 372 381 386 394 395 401 404 411 413 418 426 427 428 429 433 440 443 447 453 456 462 466 471 476 483 486 488 494 502 504 508 513 522 523 525 532 536 538 544 548 549 557 558 565 566 572 576 585 589 595 604 610 616 622 629 637 644 650 655 663 668 674 683 688 695 699 708 717 722 731 732 733 742 744 748 754 758 760 761 763 768
3 6 7 10 12 16 18 19 22 28 29 31 39 48 54 56 59 65 69 76 77 80 88 93 101 107 109 112 114 115 120 121 122 128 131 132 141 142 149 157 165 167 168 177 182 187 193 199 200 209 215 216 224 230 236 242 244 252 260 263 268 274 276 278 285 288 294 295 299 305 309 311 318 326 330 337 340 346 354 358 364 372 374 381 388 391 393 397 403 404 406 415 421 424 428 431 439 440 441 447 448 455 462 465 474 479 484 493 495 499 505 511 516 522 531 540 543 549 556 563 564 573 581 582 588 597 598 600 609 616 624 625 628 630 638 645 646 647 651 654 662 663 672 675 682 686 694 701 709 717 722 731 733 734 739 743 751 754 758 762 763 765 770 778 786 794 799 805 813 816 819 827 836 841 844
3 6 13 22 30 39 44 45 53 62 67 71 79 80 81 83 89 91 93 101 109 112 120 128 129 137 144 151 156
8 13 22 31 39 45 54 59 68 76 85 91 98 103 108 116 118 127 135 143 149 150 154 162 169 176 183 186 189 193 201 203 206 215 222 224 231 240 249 257 266 275 276 281 284 286 289 292 295 296 297 298 302 305 314 316 320 328 331 340 342 349 357 360 361 366 374 379 386 395 400 405 414 417 419 427 429 437 440 442 451 460 461 464 466 470 476 485 491 500 509 510 511 512 516 520 526 529 531 540 543 545 554 563 568 576 585 594 602 611 618 622 631 633 642 647 656 658 662 664 669 672 678 685 689 696 704 710 717 720 723 725 731 732 741 748 753 754 760 769 770 772 781 782 786 788 794 795 797 806 814 821 825 830 839 847 856 858 863 869 878 885 894 900 905
7 12 16 20 26 30 34 40 42 49 53 54 61 64 72 75 82 83 88 97 106
4 5 8 12 18 25 29 36 45 52 54 61 67 71 72 76 85 91 94 99 107 110 119 127 128 136 141 149 156 165 174 183 185 191 199 202 209 218 221 230 231 236 241 245 247 253
7 10 17 26 30 32 38 44 53 61 67 71 75 83 90 91 99 100 105 106 114 121 126 128 129 135 136 145 147 150 157 165 166 174 180 189 198 203 211 213 218 222 229 233 239 240 244 249 252 259 266 267 272 275 278 285 287 289 296 302 308 314 319 322 323 328 334 340 348 357 366 369 370 379 381 390 396 401 409 410 413 417 423 428 436 440 448 452 456 464 467 468 473 481 489 498 505 510 511 515 517 521 526 530 534 537 538 541 547 549 553 560 563 566 573 577 586
9 11 15 23 31 40 49 51 59 68 69 74 79 82 83 85 94 103 112 115 124 130 132 133 135 138 140 147 154 163 171 176 180 189 194 203 211 219 220 228 236 245 247 256 263 267 274 277 286 294 296 299 301 310 316 318 319 321 326 329 337 343 352 355 362 365 368 374 382 388 396 399 400 402 410 417 426 434 442 451 454 456 461 467 472 477 478 480 483 486 495 500 504 508 516 521 527 533 534
2 6 14 16 17 18 22 30 32 35 39 43 46 50 53 60 63 66 75 84 88 89 93 99 105 107 109 112 114 120 124 133 141 143 147 156 164 172 181 187 191 198 200 201 204 212 219 221 224 226 232 234 242 251 253 260 264 266 267 272 275 284 289 297 305 311 315 316 318 319 326 333 342 344 346 352 360 367 372 377 382 389 395 400 409 414 418 420 428 436 445 453 455 463 464 468 474 476 479 483 489 491 498 503 510 517 519 527 532 534 535 543 545 552 559 567 571 575 580 583 588 592 600 606 611 619 624 629 630 635 642 643 647 653 656 661 665 673 678 682 690 697 698 703 704 711 715 717 721 729 738 741 742 745
8 16 21 26 35 36 43 47 50 51 54 58 63 65 70 76 82 90 91 93 95 99 103 107 116 122 127 136 141 149 157 159 166 171 177 179 181 183 187 191 196 199 205 206 210 215 223 225 233 238 247 255 256 263 270 272 273 274 282 289 294 302 310 319 327 331 336 341 350 352 353 356 357 361 368 372 378 384 390 399 402 411 417 426 429 432 438 439 442 450 455 456 464 467 473 477 485 490 498 499 508 510 512 513 514 517 519 526 533 536 539 546 555 563 568 577 582 585 590 596 598 601 610 613 622 627 636 645 653 661 669 672 676 679 685 689 690 697 698 702 703 711 713 714 717 719 725 727 736 741 744 752 754 755 759 767 771 773 778 785 787 789 794 799 804 811 818 820 825 827 834 840 842
1 3 12 13 18 23 31 40 42 49 51 56 62 71 74 76 79 84 88 95 102 107 113 114 115 118 125 127 132 140 143 146 149 151 160 167 172 175 178 184 193 201 202 211 219 225 231 234 235 239 246 249 257 260
5 13 21 25 27 30 34 35 39 44 51 54 58 66 73 77 83 91 96 103 107 112 119 124 133 139 148 149 158 164 172 173 182 187 193 199 204 205 207 208 216 224 230 237 239 243 248 250 257 266 268 274 277 283 286 288 293 300 306 308 315 319 324 331 335 337 344 347 355 359 368 373 376 380 389 394 401 410 411 414 423 428 436 442 451 457 464 467 473 474 477 485 494 495 499 502 503 504 507 510 511 513 522 530 536 539 548 550 559 561 569 577 579 580 588 595 601 610 612 616 618 620 628 633 637 642 648 649 650 657 666 668 673 677 680 686 691 697 700 701 706 707 715 724 732 739 746 747 749 757 760 764 766 771 780 788 794 795 797 798 799 800 803 808 810 819 820 823 826 830 836 845 853 861 866 867 876 885 887 895 896 903 907 913 916 923 931 936 939 942 944 948 955 958 959 962 965
7 16 23 25 31 37 39 44 45 49 58 62 66 75 79 84 92 97 106 108 111 112 117 126 135 136 144 148 149 152 154 158 165 168 171 176 182 186 195 202 207 212 220 222 228 236 245 248 256 265 271 273 278 284 290 297 304 307 310 316 321 323 325 331 337 346 350 353 357 363 367 373 381 387 391 400 406 414 417 425 432 441 444 453 456 458 466 474 483 492 494 495 497 498 507 516 519 523 530 533 541 548 551 553 559 566 569 571 574 583 592 598 607 616 624 633 635 638 644 648 649 653 655 658 660 666 675 676 683 692 694 698 699 704 709 715 722 723 731 739 741 746 753 762 763 765 774 778 779 781 789 790 799 800 805 810 812 814 817 818 821 822 825 832 838 843 844 850 851 854 855 862 863 865 869 876 881 887 893 894 897 900
3 6 11 14 18 22 30 36 41 46 54 62 66 75 77 81 84 87 96 103 110 111 114 123 132 135 139 144 146 152 159 168 171 180 184 192 195 198 201 210 213 216 220 224 227 232 237 243 246 252 258 261 263 271 274 277 286 293 295 303 306 308 312 320 327 335 336 343 349 352 357 362 371 373 378 383 386 387 393 397 398 399 401 410 414 416 417 422 425 428 435 440 443 448 452 453 456 464 472 478 480 483 484 491 494 496 504 509 516
6 14 17 20 26 29 38 39 41 42 46 53 56 59 65 67 69 72 81 84 92 97 102 111 112 113 116 121 123 125 134 140 142 146 154 155 160 168 173 176 181 182 189 195 196 198 204 212 220 227 234 237 241 248 252 255 256 260 262 269 272 274 277 279 283 287 291 292 301 306 308 313 319 328 332 338 340 341 346 347 355 356 364 369 372 375 382 389
9 17 20 22 29 31 32 33 40 49 51 55 59 63 65 69 73 80 86 92 101 108 110 115 122 127 134 139 148 154 161 164 170 174 177 184 191 199 204 207 212 214 217 224 231 237 241 243 246 249 253 261 269 273 281 282 288 292 296 299 303 306 307 310 317 324 330 338 347 348 350 352 356 363 370 374 375 384 385 390 393 396 405 406 412 421 423 426 428 430 434 435 438 443 445 454 461 469 476 480 485 487 496 498 502 510 514 519 524 531 535 544 547 549 552 560 562 565 571 578 584 593 598 607 609 618 625
5 11 16 21 24 32 38 44 47 52 54 55 62 65 67 70 72 75 83 84 88 91 93 97 101 108 109 110 116 122 124 131 134 142 150 159 167 170 171 177 179 183 190 198 207 211 220 229 232 240 241 245 250 258 261 270 279 281 282 283 285 286 293 299 302 307 314 322 328 332 335 340 342 343 352 353 357 360 366 374 376 381 384 387 392 401 407 416 425 427 430 435 439 441 442 450 458 466 475 478 482 489 494 498 499 503 504 506 512 513 518 523 525 528 529 530 538 542 545 547 548 552 557 560 564 570 574
4 11 18 25 30 32 33 35 36 37 42 47 55 63 69 71 77 82 86 92 101 107 110 111 116 122 125 132 140 147 156 158 164 168 176 179 186 193 195 204 210 219 222 228 232 234 238 240 245 251 253 262 268 275 276 284 286 288 296 299 308 311 318 324 328 337 344 347 356 365 368 370 378 386 395 401 406 411 420 428 434 437 446 455 457 458 462 468 477 486 492 496 503 508 516 522 529 530 535 543 549 552 554 556 557 558 566 573 575 577 586 587 594 599 600 605 610 618 619 620 629 630
5 11 19 26 34 43 50 54 63 66 67 75 82 85 87 94 100 108 113 115
1 6 14 20 26 32 36 43 47 51 59 61 70 75 84 92 96 97 106 107 112 121 130 138 142 145 146 151 154 155 158 164 167 171 180 181 186 195 198 204 210 211 218 224 226 230 231 237 240 246 252 254 258 267 275 277 284 287 296 297 300 301 303 306 312 316 322
4 11 12 14 18 26 29 36 38 47 52
1 10 14 17 24 29 32 37 42 47 52 53 61 62 65 66 69 75 81 84 86 87 92 97 106 110 111 120 127 133 138 143 146 151 155 160 169 175 180 189 192 198 203 209 213 218 226 227 233 242 246 251 256 257 258 267 272 274 275 282 284 288 292
6 10 16 18 25 32 35 36 43 45 46 53 57 64 66 71 73 74 83 90 95 98 103 112 113 122 124 131 134 137 141 147 156 161 164 168 169 175 184 189 191 192 200 207 210 213 219 224 225 234 243 250 257 264 269 274 277 283 290 291 292 295 296 303 304 305 310 314 317 318 320 328 335 341 342 345 353 359 361 365 373 381 383 391 392 395 402 409 416 422 430 435 437 440 446 452 461 469 472 480 485 491 499 508 509 511 513 522 527 529 538 541 550 558 565 573 581 590 595 596 605 614 617 618 622 630 633 635 643 644 648 651 652 655 662 663 668 677 683 688 697 699 700
7 9 11 15 23 27 29 36 38 44 48 50 56 62 66 74 75 80 89 95 103 107 110 117 125 129 136 137 145 154 159 160 169 172 174 179 184 190 194 201 205 212 220 229 230 232 237 243 251 253 258 261 269 270 275 283 285 290 293 299 304 311 315 319 327 334 342 345 347 352 356 361 368 374 378 383 392 396 404 407 408 410 417 426 432 440 443 446 455 461 462 469 477 485 493 500 505 511 514 518 525 533 537 538 539 546 550 557 564 565 568 569 574 583 590 593 595 601 609 612 615 621 624 632 634 642 646 655 664 669 675 677 680 687 688 692 700 706 708 715 721 726 727 728 737 741 749 755 764 772 781 787 796 802 805 812 816 820 822 831 840 843 850 859 866 872 880 883 892 895 899 900 908 910
3 7 12 20 22 25 28 34 38 44 51 54 55 62 65 74 75 84 93 100 104 106 112 118 127 135 136 145 147 150 152 154 163 167 171 172 173 176 181 186 192 194 195 201 208 212 216 225 228 231 239 242 246 251 255 257 258 260 268 269 275 281 286 289 290 298 301 306 308 315 322 326 332 338 346 354 361 368 374 375 376 381 382 385 393 401 410 413 421 426 435 437 445 449 453 455 461 465 466 467 471 472 473 482 490 493 494 501 507
3 6 11 20 25 29 38 43 45 53 56 62 64 73 80 87 92 94 95 97 100 109 110 115 119 123 132 133 134 142 149 152 161 165 169 176 185 191 192 194 196 199 204 213 214 215 217 221 225 232 236 243 246 247 252 255 257 258 260 268 276 284 293 302 306 309 314 320 328 336 343 352 355 356 365 369 378 384 389 398 400 405 410 416 423 430 438 443 448 451 458 466 471 478 483 491 496 497 498 499 500 507 515 523 529 530 534 543 548 556 561 562 567 570 572 573 576 577 585 586 589 598
5 7 14 16 18 27 30 37 41 48 51 54 61 66 69 73 74 77 86 95 99 103 104 111 118 120 121 126 130 134 136 138 147 148 155 163 164 172 173 174 178 187 192 199 203 205 213 219 225 227 231 238 247 252 253 259 260 268 275 281 284 292 300 301 304 312 316 318 325 332 335 339 343 345 347 350 354 358 366 372 381 390 392 396 404 407 413 418 425 427 435 439 442 447 453 456 457 463 466 471 480 484 493 500 506 515 516 523 524 531 534 542 551 556 562 563 570 576 580 588 595 600 606 614 621 629 635 637 644 646 652 654 658 659 665 673 676 680 684 688 690 697 699 705 714 718 724 731 736 742 743 745 746 749 750 758 763 765
8 13 20 27 35 42 51 53 60 61 66 71 75 80 85 86 91 95 103 105 114 116 117 123 124 131 136 140 142 146 148 156 163 172 177 181 182 186 195 202 203 205 213 222 230 235 242 250 251 253 255 261 263 270 279 281 286 294 300 305 307 310 313 320 325 329 333 335 341
2 3 8 16 23 24 29 31 39 46 50 58 62 66 68 69 72 73 79 85 88 90 97 102 103 109 118 122 127 131 136 141 146 151 155 161 166 168 173 177 180 181 183 184 192 201 202 203 204 207 213 216 217 222 223 227 231 236 237 243 248 255 264 269 271 278 280 283 290 297 306 307 314 322 326 329 338 346 352 361 365 367 368 376 385 392 396 404 407 412 414 422 430 432 433 441 447 451 460 469 473 482 485 486 495 502 508 517 526 527 530 533 535 539 542 545 552 557 561 563 569 577 583 587 593 602 605 609 616 617 621 623 628 631 637 639 643 649 658 667 669 672 675 684 691 700 704
9 15 18 19 22 25 30 33 37 45 48 56 63 69 72 74 78 87 95 98 101 107 115 118 126
9 17 26 27 29 36 40 49 58 66 72 78 80 86 94 101 104 108 113 115 119 122
1 5 8 13 17 26 28 36 40 48 57 63 71 75 83 87 93 102 110 113 115 121 129 132 141 142 146 148 157 160 161 169 173 177 181 187 188 193 202 206 211 213 214 218 220 223 227 231 238 245 253 258 266 269 272 277 284 286 295 304 312 315 318 319 323 331 338 345 353 361 368 372 380 384 393 394 395 396 397 398 404 412 413 414 415 423 428 430 439 441 444 448 450 455 458 460 467 476 483 491 497 506 508 509 513 519 525 532 534 539 543 552 557 563 565 566 570 578 582 583 586 594 597 606 614 623 631 640 647 656 660 664 670 677 685 687 693 694 699 700 703 712 718 726 731 736 745
6 15 18 27 32 39 42 49 58 63 69 78 82 88 92 94 102 105 109 112 113 122 125 130 136 145 149 150 151 160 162 170 172 173 180 186 191 200 201 203 211 215 218 221 224 227 232 241 248 257 264 269 275 284 293 301 309 312 320 322 330 339 347 354 357 366 370 379 380 388 396 402 410 419 423 432 438 442 449 457 465 471 480 486 489 493 494 496 503 511 516 519 523 525 534 542 551 560 564
9 13 22 30 33 39 40 42 43 51 56 62 63 68 76 79 86 90 91 96 97 99 106 111 112 118 126 127 130 138 146 155
8 13 20 27 32 38 44 47 53 58 60 69 77 82 91 100 105 107 112 116 124 127 131 133 140 142 146 147 151 154 158 159 165 172 174 176 182 191 199 204 206 213 217 221 227 236 243 246 252 260 262 269 278 282 284 285 289 294 302 311 318 326 327 330 336 343 351 352 353 354 361 366 374 380 388 391 397 399 408 417 422 426 427 433 435 442 449 450 455 459 465 468 469 475 479 485 487 494 503 506 515 518 526 532 536 541 542 543 544 551 557 561 563 570 574 579 585 591 596 600 603 604 610 614 615 621 626 630 637 643 644 652 660 662 666 673 674 682 687 696 697 701 707 709 715 721 729 734 735 738 739 742 751 756 762 767 772 778 780 784 791 798 802 809 818 824 831 833 835 844 852 854 857 858 861 869 876 877 880 884 889 896 899 902 904 912 916 920 927 931 934 938
4 8 12 15 18 22 23 24 29 34 42 48 49 58 63 70 72 74 80 85 89 97
2 7 8 16 23 30 39 44 47 55 62 69 78 80 84 86 92 95 98 100 105 109 112 121 126 130 135 142 146 155 156 165 170 178 181 185 193 197 204 212
1 4 13 19 22 24 27 30 38 46 48 51 55 63 65 70 77 79 83 84 88 95 100 105 106 112 115 116 121 127 135 139 147 152 154 156
7 12 15 16 22 30 31 36 41 47 54 60 69 73 77 83 87 95 97 98 99 101 103 105 114 118 126 134 137 145 154 158 162 166 171 175 183 188 189 193 195 203 210 217 225 233 237 243 251
3 12 19 21 27 34 39 42 49 51 54 58 59
2 7 8 10 15 24 26 30 32 36 45 46 52 53 59 65 68 70 73 79 83 91 100 105 109 118 124 127 131 133 138 142 146 149 151 157 162 171 179 181 184 187 189 195 198
1 10 13 15 17 26 31 40 44 50 55 61 67 74 82 89 95 98 99 104 106 109 113 122 127 134 140 141 146 149 155 162 170 179 186 194 195 197 200 201 210 214 218 225 228 230 236 238 246 255 262 263 267 274 279 281 290 298 302 306 310 315 316 324 328 332 334 336 344 352 353 357 365 371 379 388 396 403 412 416 423 431 435 444 445 451 460 461 463 466 474 475 478 480 488 489 490 498 500 502 503 507
7 11 16 23 32 40 49 56 58 61 67 73 79 82 89 93 97 103 105 110 115 121 123 129 133 140 145 147 155 161 162 171 180 183 187 190 195 200 202 203 212 221 226 228 234 235 238 240 242 249 255 257 258 264 273 280 283 284 291 296 301 302 303 305 311 313 315 320 324 327 328 336 343 351 355 360 362 366 370 379 386 387 388 392 396 399 407 410 416 425 430 432 436 442
6 15 17 18 27 33 35 43 46 54 55 63 67 68 74 77 79 87 92 96 101 104 111 117 125 132 137 146 154 155 159 168 173 175 177 186 193 194 199 207 208 210 214 221 226 229 237 242 250 258 265 273 277 281 283 291 299 300 307 310 318 319 324 333 339 340 343 348 355 359 366 371 377 384 389 395 396 399 408 409 414 416 424 432 440 448 453 454 461 463 470 475 476 484 489 498 503 504 509 510 511 513 516 521 530 535 541 550 553 556 558 564 568 572 580 581 583 587 589 590 593 596 601 604 610
7 16 25 28 33 39 45 54 55 60 66 73 82 88 95 104 106 111 113 116 118 126 127 136 140 147 156
9 12 15 18 22 28 34 37 41 49 55 56 62 70 75 76 80
9 18 26 35 43 44
1 8 12 16 19 24 32 40 42 46 55 61 66 75 81 84 89 90 94 97 105 110 117 118 122 123 131 138 139 147 153 157 162 163 169 172 181 190 192 196 200 202 204 213 220 228 236 237 239 241 247 252 261 263 265 270 277 285 293 298 299 301 302 309 313 320 326 330 337 341 345 347 348 356 363 369 373 380 382 385 389 398 402 406 409 415 420 422
5 8 15 20 22 24 26 34 37 46 52 53 56 63 66 67 73 75 77 78 84 93 95 104 109 113 116 119 128 134 140 144 149 154 155 157 159 165 174 177 183 191 194 196 198 200 208 209 212 218 225 227 236 245 246 250 255 260 264 266 275 280 287 292 298 306 307 310 312 319 326 331 340 347 354 357 358 362 369 377 382 387 393 394 400 402 407 411 417 425 428 436 439 447 454 460 462 464 473 477 480 487 493 496 502 507 513 515 523 524 531 538 545 554 555 562 565 566 570 573 582 586 589 598 602 609 617 621 626 630 639 647 653 657 663 667 675 680 689 691 700 707 709 712 715 717 721 728 734 737 743 745 748 755 759 760 764 769 771 772 777 778 780 783 791 795 804 813 815 821 823 827 833 836 844
6 14 19 22 30 39 47 48 55 59 65 69 78 83 89 97 103 111 119 127 130 134 143 150 159 165 168 174 183 186 191 199 207 211 212 217 223 224 225 228 237 238 244 249 251 260 265 266 275 281 290 298 303 306 311 320 322 330 332 339 348 350 351 352 353 357 364 369 370 372 378 384 390 391 397 399 405 406 414 422 425 433 440 442 445 449 455 463 465 473 476 478 481 482 483 492 499 504 512 514 523 526 535 537 545 546 548 552 561 566 571 576 583 590 592 598 604 613 614 621 630 636 643 651 654 661 667 668 671 678 680 682 689 698 701 704 707 709 717 718 722 726 730 733 742
2 4 8 10 15 19 25 33 38 47 48 51 52 59 63 70 73 76 78 86 89 90 92 98 105 111 113 119 121 124 128 132 135 139 140 144 149 152 153 155 161 167 168 169 174 181 183 190 194 203 207 212 221 230 238 244 253 260 265 266 274
8 17 19 20 24 32 38 43 49 55 63 65 70 72 81 82 84 86 91 95 98 106 109 117 120 122 126 128 137 138 147 153 156 165 173 176 177 180 182 188 195 197 198 202 205 206 215 224 232 234 237 244 251 257 264 265 268 269 271 280 286 291
3 4 8 12 20 26 33 41 47 48 53 56 62 71 75 78 86 88 95 97 98 103 112 118 120 121 123 128 137 145 152 153 156 160 166 169 176 177 178 183 185 190 195 199 201 210 214 221 228 234 243 252 254 261 263 265 272 274 279 284 286 288 291 296 299 300 301 303 307 312 314 318 323 331 333 336 342 346 348 355 361 367 373 378 382 389 393 397 402 406 413 414 416 421 427 429 436 438 446 454 460 464 467 471 472 474 482 483 484 493 500 504 505 509 514 523 532 540 543 545 546 549 551 557 560 567 569 574 581 589 592 599 604 606 608 616 623 625 626 628 636 641 648 657 665 668 676 684 688 690 699 707 712 719 726 734 743 745 747 750 755
8 17 22 25 34 39 43 47 51 59 62 71 74 79 82 87 88 92 94 95 102 109 115 119 124 133 142 150 157 164 173 175 182 184 188 194 203 211 216 223 228 234 235 240 243 245 253 257 259 265 268 269 275 280 288 293 294 295 298 306 313 317 324 325 328 334 338 347 348 350 351 354 355 360 368 375 384 385 387 388 395 404 409 417 421 425 429 435 439 444 451 458 467 469 478 485 492 498 505 509 517 526 532 539 546 554 555 562 568 572 577 585 586 588 596 605 609 610 613 618 620 627 632 641 645 650 658 662 671 675 678 686 691
6 14 16 17 21 24 27 29 30 32 33 34 38 40 47
5 6 8 12 16 24 32 34 40 49 56 60 61 63 70 71 80 86 88 91 97 106 109 118 120 126 135 142 144 150 154 162 170 176 181 182 187 195 202 207 214 220 224 225 233 242 245 251 254 263 267 272 273 282 283 286 290 292 294 299 304 310 316 323 328 334 343 350 358 360 363 370 372 375 383 384 393 395 396 404 411 420 422 423 429 436 444 450 455 458 463 470 474 479 482 486 487 493 494 498 501 509 516 522 530 539 544 553 559 562 563 564 568 570 572 576 579 583 589 590 595 596 600 606 610 617 623 632 638 641 646 648 649 655 660 662 668 671 673 674 677 684 689 693 699 701 704 706 714 722 727 730 731 732 737 741 742 744 747 755 764 771 779 785 789 791 793 796 800 804 807 809 817 823 824 827 832 841 843 847 848 856 862 864 868 877 882 889 890 895
9 17 21 28 31 34 37 41 50 51 59 63 71 80 89 93 97 105 113 122 129 135 142 144 151 154 156 160 167 176 179 184 188 197 198 202 211 215 219 222 228 236 242 247 255 264 271 272 278 286 291 295 300 302 304 305 312 318 326 333 335 339 341 345 346 347 352 359 364 366 370 374 382 390 397 404 408 413 418 423 427 433 440 445 452 454 463 466 472 474 481 483 487 488 493 498 503 506 511 512 516 517 523 530 535 543 549 554 555 560
8 14 20 25 31 33 38 45 54 56 63 64 67 72 75 78 81 83 90 96 102 111 117 123 125 132 141 145 150 151 159 164 172 177 180 183 185 187 191 194 198 199 202 205 210 214 216 222 226 230 238 241 244 250 252 259 265 271 274 283 290 292 294 296 304 307 308 312 321 328 335 341 346 352 357 366 370 375 378 384 388 395 403 406 409 413 415 422 424 428 432 441 448 456 459 468 474 483 489 494 496 497 501 508 514 518 522 524 526 531 538 545 546 548 556 558 566 574 576 585 590 599 603 610 613 614 622 625
7 16 18 26 31 37 45 53 58 62 63 71 76
8 15 18 26 31
7 16 17 25 32 35 36 43 45 49 52 58 65 67 73 78 83 92 96 101 108 114 121 130 135 139 143 148 153 154 162 169 170 172 179 188 197 205 209 213 214 220 223 232 241 243 250 253 259 261 262 267 269 272 275 279 285 290 293 302 305 307 310 318 319 324 332 334 335 339 344 350 352 354 361 370 378 384 387 393 394 396 402 405 414 423 427 433 438 445 451 452 460 469 474 476 485 489 492 493 501 505 510 514 522 524 533 539 545 554 556 562
7 9 18 23 27 34 40 45 48 57 63 66 69 70 77 83 89 95 102 110 118 121 122 127 132 136 144 148 154 157 166 171 175 182 187 193 200 205 206 211 217 225 227 233 235 239 241 248 254 261 268 274 283 291 295 296 299 308 309 314 319 327 336 342 348 352 356 364 367 370 374 381 387 389 397 398 401 410 418 421 422 430 433 440 444 453 457 459 460 468 476 483 491 495 504 509 513 516 524 526 527 532 540 548 550 557 560 569 574 578 581 590 599 604 608 611 618 622 624 633 636 645 650 651 654 655 659 665 674 675 680 686 694 695 700 708 712 715 719 725 731 740 747 755 764 768 772 776 779 784 788 789 793 797 799 807 815 817 820 822 830 837 842 849 854 861 866 867 870 873 876 884 886 888 891 898 903
7 12 18 23 32 41 48 55 64 70 72 74 75 81 87 92 98 100 107 109 112 115 122 125
8 10 14 17 26 28 29 37 41 43 51 53 54 56 58 61 62 69 74 83 90 92 95 100 103 104 109 110 118 124 132 139 141 142 147 154 157 161 170 171 172 179 180 188 192 200 201 208 215 223 229 230 239 247 255 262 265 271 277 278 286 287 290 298 299
6 9 12 18 25 32 40 49 50 54 62 71 73 82 90 95 104 106 110 115 118 122 128 132 134 139 146 149 155 159 163 171 177 185 186 188 189 193 202 209 215 223 230 232 240 245 254 256 265 274 282 283 287 289 290 293 300 301 308 309 315 317 325 331 333 342 348 352 358 363 364 369 373 378 386 389 395 397 406 410 415 422 427 434 440 448 449 450 459 464 473 477 484 487 490 496 499 500 508 512 519 526 532 538 547 549 556 562 568 571 575 581 590 592 596 602 611 616 622 624 626 633 642 645 647 656 660 668 671 678 681 687 695 703 707 715 717 720 728 730 732 741 742 749 750 757 763 764 765 769 773 781 783 784 786 790 794 796 801 809 812 815 819 827 831 833 842 850
4 13 19 21 26 30 37 42 47 48 50 55 62 64 66 67 68 74 82 87 90 92 93 102 111 117 122 124 126 133 137 140 142 147 151 153 155 162 163 165 169 170 178 185 186 190 193 194 203 209 216 217 225 234 235 236 239 245 254 260 268 277 282 288 295 296 299 303 310 316 323 325 333 334 342 347 354 361 365 373 380 383 384 393
5 7 9 17 26 30 33 34 41 43 48 52 57 63 69 71 79 86 95 100 101 109 112 114 121 130 137 140 147 150 154 161 168 172 181 183 189 196 204 210 215 224
2 8 12 15 16 23 26 33 35 42 49 50 57 65 67 73 77 85 90 95 104 108 110 119 126 127 134 138 142 148 155 164 172 174 182 186 188 190 195 204 207 216 221 230 235 238 246 248 249 258 263 270 276 281 288 297 302 310 314 319 325 330 333 335 342 343 350 355 363 366 375 383 384 385 387 395 402 405 412 421 425 433 440 446 453 457 466 469 473 480 487 493 502 511 516 519 527 531 538 541 545 548 553 554 562 569 572 576 584 591 592
5 6 7 11 19 25 28 30 31 32 37 43 47 50 53 55 57 65 74 78 81 85 92 96 100 105 113 122 128 136 139 145 146 151 155 163 171 177 178 183 189 195 204 210 218 226 229 235 244 248 249 251 258 263 268 271 278 279 285 287 289 291 294 298 306 315 322 331 339 343 346 352 358 361 366 369 371 379 384 392 397 399 400 408 415 423 425 428 437 445 446 455 458 466 470 476 480 489 490 492 497 505 513 519 526 529 533 538 545 550 557 560 565 568 570 578 585 594 597 604 611 612 621 630 633 638 644 648 655 658 660 661 668 671 679 682 685 692 698 706 715 718 727 733 735
3 11 12 13 16 20 23 28 34 42 46 47 51 56 60 63 72 74 79 81 90 92 95 99 104 113 122 127 132 137 146 148 149 152 159
7 14 21 28 32 33 40 44 53 56 64 70 76 84 89 97 104 105 113 117 126 133 142 148 155 158 161 168 173 175 176 180 186 187 192 198 206 208 210 218 224 229 237 238 240 248 249 257 261 270 274 283 288 289 296 299 308 316 325 329 335 341 343 347 356 365 372 376 382 384 393 398 406 409 418 426 430 433 442 447 450 455 458 463 466 472 476 479 485 488 489 492 500 502 510 512 513 521 529 536 540 545 549 551 555 556 565 567 569 573 574 579 586 591 596 600 607 609 610 611 616 622 625 626 631 638 646 652 656 663 667 676 683 692 697 701 704 712 714 719 724 732
4 10 15 23 24 32 37 42 45 50 53 62 71 80 84 86 90 92 94 97 99 106 110 117 118 123 130 138 147 155 159 160 164 165 173 181 187 193 198 204 213 218 219 220 223 232 235 241 245 247 254 263 268 272 278 280 281 290 296 303 309 312 320 321 326 334 336 339 345 346 347 354 355 361 365 367 370 378 387 391 399 403 406 407 410 413 420 427 429 431 433 438 445 446 453 459 466 472 478 485 494 495 504 511 513 516 524 532 539 548 550 558 567 568 570 572 578 583 585 594 600 601 603 604 608 617 618 626 631 636 644 651 652 656 661 665 666 674 675 682 684 690 693 695 700 707
5 6 12 16 23 32 33 35 43 52 54 58 61 65 73 79 88 89 95 102 108 110 114 118 121 123 124 127 132 133 141 142 149 154 160 162 166 167 169 176 180 183 186 193 196 205 209 216 222 226 228 229 230 234 239 240 246 250 255 259 262 270 271 274 283 285 291 300 305 310 311 319 325 329 333 338 345 351 355 364 367 369 375 378 387 393 401 406 408 411 417 421 425 426 433 435 444 445 453 458 459 463 472 479 486 493 501 505 506 509 512 516 519 528 537 545 552 556 564 570 575 578 579 580 588 591 598 599 600 604 611 614 620 624 628 629 633 634 643 647 650 651 656 661 670 679 688 691 697 700 704 710 719 720 728 731 735 742 749 756 761 769 777 781 785 786 793 799 803 806 815 816 822
5 11 12 17 26 28 36 42 50 52 55 64 73 81 87 95 100 106 112 121 127 129 135 143 144 153 154 156 163 171 178 179 181 190 197 201 203 210 212 213 215 217 224 231 235 240 244 253 255 260 262 267 271 280 286 290 295 297 301 302 307 308 312 314 322 329 335 336 338 345 353 361 366 375 380 386 393 394 401 403 412 416 421 428 432 436 445 448 449 453 457 466 467 474 477 478 485 490 497 501 505 513 514 516 524 528 530 531 536 542 546 547 551 558 560 561 563 564 571 577
4 12 20 21 30 33 40 44 48 55 57 58 65 68 69 77 84 91 98 106 111 116 117 122 125 131 132 141 145 151 153 160 163 170 176 183 188 191 200 202 209 210 219 222 224 227 229 232 235 244 248 253 258 262 271 273 275 281 287 295 297 299 301 307 311 314 322 326 329 333 342
1 7 14 20 25 26 34 42 45 52 54 59 68 77 80 85 87 89 90 92 100 101 109 116 123 128 134 140 149 155 156 161 169 176 180 188 196 201 209 218 220 224 226 227 234 241 243 246 247 254 260 262 270 271 280 281 290 293 295 300 308 314 323 327 335 342 343 344 352 358 364 372 375 376 379 388 389 390 395 396 403 405 414 417 425 434 437 441 446 450 454 463 464 470 476 481 490 499 508 510 515 518 524 527 535 539 543 546 551 559 562 570 579 585 588 597 604 610 617 624 627 635 637 646 653 659 666
7 16 24 27 33 42 51 57 59 61 69 78 86 88 95 104 111 117 123 124 126 132 136 137 143 144 145 150 157 163 169 172 177 186 195 201 207 211 215 221 225 233 241 245 252 256 260 262 270 279 288 295 300 302 306 313 320 321 323 325 332 333 338 341 348 349 356 359 360 369 377 384 390 393 394 401 409 414 419 428 433 435 444 450 452 454 462 470 475 479 488 491 499 500 501 504 505 510 511 515 524 527 531 536 543 551 557 563 566 571 572 579 581 585 586 590 591 594 603 608 611 615 622 627 632 638 642 647 649 655 657 663 671 679 680 682 685 690 692 701 704 708 711 717 720 725 734 738 747 748 756 763 765 773 774 775 778 787 792 793 799 808 812 819 823 828 836 843 845 851 857 859
1 8 13 20 22 24 28 36 39 48 51 60 64 66 69 71 74 75 82 85 93 95 96 103 107 115 121 126 130 136 138 140 146 150 155
7 12 20 24 25 27 29 30 37 38 46 52 57 61 69 74 82 85 87 89 95 98 103 105 110 119 120 124 132 140 143 151 157 163 170 179 184 191 196 203 208 216 224 232 238 243 247 250 258 262 270 277 282 286 291 299 303 307 312 321 328 334 339 344 352 355 363 364 370 373 378 387 392 399 401 408 413 414 415 421 430 431 436 437 442 448 453 458 461 464 470 474 479 481 488 497 506 508 515 518 520
5 9 11 18 27 35 37 44 48 50 58 67 73 77 84 91 95
7 16 24 31 35 37 40 49 53 58 61 70 75 76 79 83 90 93 97 105 107 114 120 126 135 143 146 153 160 165 166 173 180 187 193 194 200 204 207 211 219 222 225 230 233 242 250 251 256 260 261 262 267 270 271 278 279 282 290 297 298 305 310 317 322 325 332 338 345 348 350 354 355 362 364 372 374 381 385 389 392 398 403 409 410 415 417 421 427 428 434 435 443 447 455 462 464 467 471 475 477 486 490 495 496 501 507 514 520 525 534 543 544 552 557 566 568 576 583 592 596 605 614 618 624 633 638 644 645 652 660 667 675 683 685 691 696 704 706 711 714 719 720 722 725 728 729 738 740 746 750 757 764 768 770 776 779 781 790 798 804 805 811 820 829 831 837 838 842 844 853 854 856 865 871 876 877 886 890 894 903 912 914 921 925 934 936 937 945
7 8 11 18 24 28 29 37 45 50 57 65 69 71 72 76 79 81 87 91 93 96 101 103 111 115 116 120 122 128 137 143 150 157 166 173 179 186 195 198 199 205 206 211 214 215 217 218 221 230 239 243 250 252 253 255 264 270 273 280 281 285 288 296 300
6 14 21 22 29 37 38 47 52 58 67 75 78 81 85 88 90 95 103 107 113 122 125 127 130 136 138 145 154 159 161 166 174 181 186 192 197 205 210 216 223 227 233 242 245 252 253 259 267 272 275 281 288 290 292 299 305 311
3 10 15 19 26 28 35 43 49 53 56 65 66 68 74 77 86 95 99 104 112 114 120 127 132 133 142 143 144 152 153 162 168 171 173 181 190 193 199 207 215 220 228 232 235 243 252 258 267 274 283 288 292 298 303 307 316 324 330 337 341 347 355 362 368 371 376 377 383 388 394 395 404 407 412 414 421 429 430 439 441 442 443 447 449 455 456 460 466 475 482 483 484 490 493 498 504 509 510 514 517 523 532 535 538 541 543 547 554 561 570 575 580 587 595 601 608 614
6 12 20 27 33 40 43 50 58 59 65 71 78 79 87 88 97 100 107 110 114 122 125 130 135 140 149 150 158 160 167 172 176 177 186 188 196 205 214 216 224 227 230 234 241 242 247 255 260 262 263 270 279 286 288 289 292 298 305 310 318 327 333 338 347 352 359 368 373 380
4 5 8 16 23 24 30 39 45 50 52 59 64 69 76 81 88 97 102 107 110 112 113 120 127 128 135 141 150 154 155 156 158 165 170 177 184 193 196 198 205 206 210 213 222 224 231
1 6 10 13 21 22 27 28 37 39 43 51 53 61 65 67 73 74 81 90 94 99 103 111 118 127 129 135 136 142 149 151 155 156 158 161 166 175 177 184 186 188 193 198 203 208 212 213 219 225 233 240 248 256 258 266 273 281 289 296 298 307 314 317 321 325 334 341 350 354 358 364 367 370 374 382 390 393 395 403 412 418 420 429 437 440 443 449 458 466 469 476 481 488 492 498 502 504 513 514 518 524 531 532 535 536 540 543 544 552 559 562 570 573 577 584 591 598 601 606 607 615 620 626 635 637 641 646 652 657 666 670 678 681
9 13 21 30 39 48 50 56 57 58 64 68 69 75 82 89 90 99 107 116 118 125 127 129 135 137 141 147 156 158 160 165 173 174 176 179 187 193 196 199 206 209 212 221 229 236 237 239 242 249 254 262
4 6 11 15 17 19 20 29 33 41 47 48 52 60 62 70 73 77 80 82 84 87 90 99 105 110 115 120 125 128 137 145 149 151 159 160 169 175 178 181 187 189 197 202 209 212 219 222 226 227 235 243 251 258 259 261 268 277 286 289 292 295 304 313 315 322 331 337 343 346 349 355 356 360 362 370 374 379 385 391 397 404 405 410 413 417 422 428 432 441 444 445 446 451 452 460 463 468 472 473 481 484 490 499 507 512 521 524 525 528 533 540 544 551 553 558 567 570 571 572 575 581 588 597 599 601 605 610 619 625 628 632 639 644 653 657 658 666 675 677 683 689 693 702 711 718 723
3 11 19 24 27 33 37 43 45 54 55 58 66 69 78 79 88 94 97 99 103 106 114 115 124 131 135 144 149 155 161 165 166 174 175 181 185 187 188 191 197 200 208 214 221 226 235 238 247 256 263 267 272 279 286 293 294 303 308 309 316 321 323 330 336 343 349 355 362 370 376 378 387 396 398 405 412 420 429 430 439 440 446 451 453 454 457 462 464 468 477 485 494 498 507 512 519 528 537 540 541 542 548 553 559 561 570 575 581 585 588 597
1 3 7 13 14 21 27 32 40 48 49 50 51 59 65 66 75 84 92 95 97 105 107 113 121 129 138 144 146 147 148 149 152 159 166 168 177 182 186 194 195 197 206 211 214 222 231 238 243 248 255 264 268 269 278 280 285 286 289 297 304 312 316 323 326 332 340 348 355 361 366 370 374 377 386 395 396 399 408 410 414 423 430 431 436 444 446 453 459 464 468 470 471 472 476 482 483 492 495 498 501 507 511 514 521 528 536 537 546 553 561 566 569
4 7 14 23 30 32 37 39 46 48 56 58 60 64 68 72 81 82 88 93 96 100 105 113 119 127 132 137 140 146 150 155 163 165 169 176 183 186 189 198 199 208 211 220 227 228 231 239 247 253 261 266 267 275 278 281 282 291 293 299 301 305 308 313 316 324 328 337 342 346 352 360 369 370 377 382 391 396 401 404 406 410 412 414
3 4 9 11 13 20 29 31 35 38 40 43 46 52 53 59 66 74 78 82 88 94 101 108 110 114 120 122 126 135 138 143 152 155 159 165 168 174 182 186 189 190 198 199 200 209 212 216 221 226 232 237 242 245 247 252 255 260 263 265 269 278 280 288 296 298 299 302 304 306 308 316 323 329
5 8 12 19 21 27 30 33 36 39 45 52 58 67 70 75 84 87 96 97 103 107 116 122 124 131 136 142 148 157 162 165 167 175 177 179 183 191 199 202 206 209 218 223 229 236 237 239 247 250 252 257 262 266 273 275 276 277 278 284 291 296 304 307 310 316 322 324 333 334 335 338 346 354 358 366 370 373 381 384 392 397 399 406 413 422 423 432 433 434 435 438 439 443 448 450 459 464 469 473 480 488 495 501 507 514 520 524 532 540 544 553 558 566 572 581 582 584 587 589 593 599 606 614 620 627 630 636 644 646 654 660 665
5 11 15 18 25 31 38 45 53 62 67 74 75 77 79 87 94 101 110 115 121 123 128 134 143 152 155 163 165 172 175 178 182 189 191 199 206 209 211 217 218 223 232 235 238 245 252 259 263 266 267 269 273 279 281 289 298 307 311 318 323 327 333 338 343 348 349 357 366 369 377 384 391 400 402 404 409 413
1 9 16 17 23 29 38 44 50 59 61 67 74 80 83 90 91 100 106 110 116 118 127 131 135 137 142 149 150 154 156 164 169 173 182 184 185 191 197 199 206 208 215 223 232 237 238 243 245 249 253 261 266 271 277 282 285 294 301 303 306 308 315 316 324 325 329 334 339 343 344 353 359 363 371 379 388 391 395 403 412 419 423 426 434 439 442 450 451 454 461 468 469
3 7 13 18 25 27 36 45 49 52 58 65 71 79 83 86 95 104 111 114 122 128 136 141 147 152 161 164 165 170 175 182 189 196 203 207 209 214 218 224 227 235 239 245 250 253 255 262 267 274 282 287 294 295 303 312 315 320 329 334 341 347 351 355 361 365 373 376 383 390 392 398 402 408 416 417 423 425 433 437 445 449 452 460 464 473 474 482 483 484 486 490 494 495 504 506 511 518 521 529 534 542 546 553 555 557 559 563 569 570 579 588 597 603 612 619 625 630 637 642 646 654 655 658 661 666 669 675 681 685 687 695 704 709 715 721 724 729 738 744 751 754 755 762 767 771 774 779
2 11 15 17 23 29 35 40 44 52 54 57 63 71 79 84 92 94 103 110 111 120 124 127 131 138 147 151 153 157 166 170 173 180 187 189 198 206 213 218 225 226 229 236 244 245 249 251 256 264 272 278 283 285 291 296 302 308 309 315 322 325 326 331 334 339 341 343 345 352 356 360 366 375 384 389 391 397 404 408 414 419 423 426 434 439 440 443 452 458 467 469 478 483 485 491 492 493 500 507 512 518 519 526 535 538 543 550 555 562 570 578 579 583 590 593 600 606 613 614 623 631 639 643 645 651 658 663 665 670 677 679 688 695 703 709 712 714 723 729 736 739
6 15 24 27 36 45 49 54 61 63 70 74 75 76 82 83 91 93 99 106 108 110 119 128 136 140 145 153 158 167 173 175 177 183 191 198 207 213 215 220 222 223 232 236 238 241 247 255 261 263 264 272 278 279 283 290 297 299 308 316 318 327 336 342 345 350 354 361 362 365 371 379 380 385 394 398 402 410 419 428 430 439 440 443 448 455 464 465 468 472 478 481 488 490 497 498 502 509 511 519 523 525 534 542 543 546 551 553 560 566 568 574 581 588 594 596 602 609 615 616 617 621 630 633 635 641 646 647 651 652 660 663 670 676
7 14 21 22 28 37 46 49 52 54 62 63 67 68 71 80 85 93 100 102 110 115 122 131 135 136 138 142 145 149 154 163 171 179 188 195 196 200 205 206 208 216 217 226 232 236 240 249 253 258 261 267 270 275 280
6 12 16 20 29 34 43 44 47 50 54 60 65 66 74 75 83 91 100 108 113 118 124 130 137 143 147 152 154 157 159 164 166 170 179 182 183 191 194 197 203 211 212 214 216 219 221 225 226 228 233 236 242 249 253 262 270 271 275 281 290 292 299 306 312 316 325 333 335 339 341 349 355 359 363 369 372 380 387 390 394 399 401 402 409 417 420 427 433 436 444 451 455 461 465 470 472 479 481 489 495 504 507 508 510 515 522 524 527 531 532 535 540 541 544 552 557 561 567 570 571 572 575 577 584 586 588 592 599 600 608 614 621 627 628 637 646 653 655 657 666 670 676 681 687 688 697
8 17 24 29 34 36 38 46 51 53 58 62 70 74 78 86 88 93 99 100 108 113 120 124 130 137 146 152 154 156 158 167 171 177 183 188 196 203 207 211 217 219
9 13 21 29 35 38 41 50 52 57 61 62 69 70 79 82 89 90 91 96 105 113 117 122 129 132 140 144 145 152 160 161 168 170 177
9 13 15 24 32 33 39 42 47 49 53 54 55 57 60 69 71 80 86 88 97 106 114 121 125 128 136 137 142 150 153 155 159 162 169 178 180 184 185 189 191 195 203 211 212 220 222 231 238 245 248 251 257 265 266 270 274 280 287 291 300 302 308 312 321 326 327 335 338 344 347 349 356 358 365 368 374 375 376 384 391 399 407 411 414 416 423 427 435 441 449 453 458 463 465 472 475 477 485 494 497 501 505 507 511 516 519 525 533 538 542 545 553 557 564 566 571 575 584 591 595 596 605 607 611 612 621 627 636 640 641 649 655 658 659 664 665 669 670 675 676 680 688 694 697 701 705 708 711 715 716 718 724 725 730 738 743 750 756 758 759 765 768 770 772 775 779 787 796 805 811 819 825 834 839 845 850 854 857 858 860 862 870 871 877 878 887 894 902 911 914 920 922 927 928 933 938
4 7 13 18 22 29 31 40 49 54 63 65 69 76 79 80 84 90 95 101 104 109 114 122 124 132 139 146 152 160 169 173 180 184 187 189 194 199 205 214 215 217 223 224 231 240 241 242 251 258 265 273 279 285 289 296 303 308 311 315 323 325 326 333 338 339 340 341 347 356 361 367 371 378 385 394 396 403 409 416 420 425 432 433 434 438 446 450 456 465 467 468 471 476 478 483 486 495 499 502 505 506 513 518 520 521 529 533 541 542 548 554
6 11 20 26 28 34 37 45 49 55 60 66 74 77 85 86 88 94 100 109 110 118 126 132 136 145 148 152 154 157 166 174 175 176 183 192 201 210 218 219 220 224 226 233 237 239 242 245 247 255 258 267 272 274 283 287 291 295 304 307 312 315 319 321 330 338 344 350 358 362 371 379 385 392 399 407 410 411 413 414 419 424 430 437 438 442 447 451 455 464 469 476
8 14 21 25 29 36 42 49 51 52 59 60 61 64 66 74 82 83 84 88 96 103 107 111 116 121 130 132 136 137 139 144 150 153 154 157 166 172 178 183 186 191 193 202 204 205 212 217 223 232 233 235 242 243 251 260 269 277 279 281 285 294 302 305 307 315 316 322 326 332 338 345 347 351 360 361 370 372 376 385 386 391 395 396 402 408 410 418 421 426 428 429 433 440 449 452 454 457 461 463 468 471 480 481 489 495 504 505 509 518 527 532 535 537 544 546 553 557 561 565 571 572
5 9 16 21 23 24 32 34 39 46 47 51 53 54 57 59 68 69 71 74 79 86 89 90 94 96 103 107 109 116 122 123 125 128 136 140 147 148 155 158 165 167 175 176 178 180 187 189 190
6 11 18 27 30 39 43 51 60 67 71 79 86 92 93 95 96 100 109 116 122 126 133 134 142 151 160 162 163 166 167 172 176 185 194 201 204 207 212 214 218 220 229 232 239 240 249 256 262 271 279 284 292 295 302 310 319 327 333 335 344 346 352 354 355 363 367 374 382 388 390 398 403 404 412 417 423 424 431 433 439 442 450 453 454 455 462 468 469 471 472 474 481 484 492 496 505 514 522 530 531 538 543 548 555 558 566 572 579 581 590 599 602 608 615 617 618 624 632 638 641 642 649 652 654 662 664 666 675 678 684 693 699 705 707 710 718 727 735 737 743 745 746 755 759 760 764 772 778 781 785 794 801 806 812 820 825 832 839 843 848 853 859 864 873 875 883 887 895 898 906 915 921 922 925 933 937 945 952 957 960 961 964 971 980 986
6 12 20 24 29 35 38 44 51 52 54 62 68 70 78 79 88 97 99 106 112 118 119 123 130 136 138 142 148 155 157 163 164 169 176 183 185 192 193 197 203 207 210 218 219 226 227 232 240 244 245 247 248 250 251 254 260 268 270 272 275 281 283 286 287 295 303 307 316 317 320 322 327 329 338 343 345 353 355 362 370 375 383 388 390 397 406 415 418 421 428 429 430 434 436 439 440 449 453 460 462 463 470 472 475 478 486 492 493 502 508 509 518 523 527 531 540 542 545 553 559 565 572 575 576 582 585 592 593 595 600 605 608 611 616 620 622 625 629 634 640 648 657 664 670 675 681 684 686 689 693 701 705 713 715 724 732 740 746 748 750 756 763 772 776 780 786 787 788 792 797 799 805 810 814 817 820 822 824 825 828 831 837
4 9 14 22 31 39 42 43 48 56 65 67 76 84 89 94
5 6 12 21 24 30 38 42 44 53 55 59 64 71 77 81 87 91 92 97 103 112 116 121 130 135 142 148 150 152 158 166 174 180 185 190 194 195 202 205 207 208 210 212 214 219 221 225 233 240 243 246 253 254 259 261 270 271 278 284 290 294 295 303 306 308 311 312 317 324 333 339 345 352 356 360 366 369 372 378 386 394 403 408 417 418 424 433 439 442 445 450 451 454 455 458 464 469 477 481 489 498 504 509 514 521 522 529 534 540 543 547 553 554 556 560 563 568 577 579 581 584 587 589 595 603 608 616 619 625 631 638 639 642 646 650 656 662 667 672 677 680 683 688 693 701 710
6 15 17 20 26 34 40 45 47 53 57 60 68 71 79 80 82 90 94 97 103 108 112 114 122 123 126 129 133 137 138 144 145 151 152 155 164 171 180 187 189 194 198 204 209 215 217 222 223 224 229 234 237 241 249 251 259 262 264 273 281 285 291 298 303 308 316 324 332 341 344 347 348 350 352 353 359 364 366 368 371 380 381 383 385 388 396 404 412 421 427 435 444 450 456 458 460 466 470 471 474 478 481 487 488
2 9 13 18 19 22 27 28 36 41 46 54 62 64 71 78 83 90 94 102 106 110 111 116 123 124 128 134 138 144 145 147 153 160 161 165 172 180 183 192 200 201 207 211 220 226 233 242 244 247 256 257 261 266 271 272 278 280 282 285 293 295 304 309 310 315 323 332 340 342 350 355 362 371 373 380 385 392 395 400 405 413 422 429 438 442 443 448 457 461 463 471 475 478 483 488 494 501 506 510 516 525 534 539 545 550 553 555 561 567 569 578 580 582 584 588 597 598 599 601 610 614 617 622 630 637 643 646 650 654 660 662 663 665 674 681 683 689 698 703 710 718 725 727 733 737 741 746 752 760 762
6 8 17 25 27 34 40 43 49 56 64 68 70 78 80 83 84 90 95 96 105 111 119 121 122 123 131 138 143 147 154 157 159 165 172 176 185 190 195 201 203 204 213 221 230 232 234 237 242 247 251 253 259 265 272 274 275 284 293 298 303 308 315 320 324 331 339 342 344 346 353 360 368 371 379 388 389 397
9 13 18 19 27 36 37 39 42 48 49 55 58 62 66 71 73 75 76 84 89 93 101 108 114 121 125 126 134 139 147 153 161 166 169 176 185 189 196 204 212 215 217 223 232 234 241 243 247 251 256 257 266 272 273 277 286 288 289 290 296 302 303 308 310 318 327 328 329 330 337 342 348 351 354 355 364 370 374 377 386 388 389 392 395 399 402 404 409 418 422 430 435 438 440 448 452 453 454 458 460 466 473 475 479 481 486 487 490 494 500 504 511 520 526 531 538 543 545 554 561 563 568 569 574 582 586 594 595 598 606 614 621 627 636 637 645 648 653 661 662 663 672 679
2 5 6 8 17 25 30 36 41 50 53 54 58 65 73 76 85 91 98 105 107 110 115 119 121 129 135 142 147 156 162 167 172 180 181 189 196 201 209 215 222 230 235 242 244 251 256 263 270 276 285 289 291 299 308 309 311 318 320 327 331 340 346 351 356 363 364 365 368 376 381 385 394 398 401 405 409 416 423 430 437 440 442 446 453 459 461 466 473 481 487 496 498 502 503 508 512 518 522 526 528 531 539 548 554 561 565 568 571 580 588 592 598 604 607 614 621 623 626 635 636 638 639 643 647 655 661 668 672 677 684 686 693 701 702 708 710 714 722 724 728 736 745 748 754 762 769 772 776 781 784 789 792 795 800 803 807 816 823 826 830 833 842 846 851 852 857 859 863 871 876 880 884 890 898 905 913 917 925 933 938 947 951
5 6 10 15 19 24 29 36 41 45 47 49 58 67 74 77 81 84 88 90 93 98 105 111 116 122 130 134 142 144 151 153 154 160 162 169 177 183 185 188 190 192 200 204 209 213 221 227 229 232 236 238 241 250 255 261 266 275 281 286 287 291 295 304 306 307 314 317 318 319 320 321 329 330 337 345
6 11 12 15 20 23 32 33 39 45 51 56 62 68 70 75 76 78 83 87 93 97 101 104 107 108 113 116 121 123 132 140 141 142 146 149 153 156 158 161 168 172
6 10 11 18 19 26 32 39 44 47 50 55 64 66 74 79 87 90 97 105 114 121 129 136 143 149 154 162 170 171 177 186 187 192 198 201 209 218 220 229 237 241 250 259 267 273 278 283 284 286 291 299 307 310 314 323 328 331 339 343 348 351 354 356 361 362 363 367 368
4 10 12 17 19 21 28 31 35 40 45 54 63 69 70 73 79 80 84 89 90 91 96 100 108 114 117 126 129 135 143 146 151 154 161 170 175 183 187 194 198 205 212 221 224 231 235 240 241 247 252 259 263 270 279 287 288 293 298 301 307 316 320 326 334 342 348 349 358 360 367 371 376 384 385 387 390 391 398
6 15 23 31 37 39 42 43 49 58 59 64 67
6 7 9 14 22 25 28 34 40 44 50 56 60 63 70 77 85 87 89 91 96 104 113 117 123 130 138 141 150 154 161 162 167 174 182 189 193 196 200 207 211 212 220 226 231 240 242 250 251 255 263 268 275 279 284 290 298 306 311 316 318 324 330 339 348 353 359 361 369 376 381 390 395 403 404 406 407 410 411 420 429 438 440 449 457 458 467 470 476 478 481 485 488 490 493 499 506 514 515 521 522 524 526 533 534 539 543 551 556 565 567 568 571 576 577 582 583 584 585 589 591 596 598 599 600 603 608 613 618 622 629 633 634 639 643 644 648 650 652 656 664 671 674 677 682 689 693 698 701 710 714 720 725 731 740 746 748 751 760 762 767 775 781 790 793
3 4 5 8 11 13 22 31 35 44 47 50 54 61 65 66 67 73 81 90 93 100 107 115 116 124 130 138 140 143 144 145 150 154 156 163 171 173 174 181 183 188 191 198 202 206 214 223 226 227 234 239 245 248 253 261 269 270 278 283 285 292 298 302 303 311 315 318 322 328 337 338 339 348 354 355 363 366 368 371 373 379 383 388 390 391 394 402 408 409
7 11 13 15 22 31 39 47 55 57 62 64 70 73 77 84 91 94 97 102 107 110 117 119 126 131 134 141 143 148 152 154 162 169 170 173 182 186 190 196 198 201 202 210 212 219 225 234 242 245 253 257 264 265 270 271 275 281 283 291 293 300 303 305 309 314 323 329 336 341 348 352 357 366 370 373 375 383 389 390 397 406 408 412 413 415 417 425 432 436 438 440 444 452 457 460 463 466 473 479 487 493 502 503 509 517 525 527 531 535 541 546 553 554 560 567 575 578 585 592 598 599 604 606 609 612 621 628 629 632 640 647 649 657 664 670 674 677 678 681 690 695 696 704 706 709 717 726 733 738 743 745 747 752 754 761 764 768 775 779 786 792 794 795 798 805 811 816 817 825 827 830 837 840 849 856 865 873 876 880 882 888 896 897 905 914 923 930 936 945 949 954 959 968 972 979 986
1 10 16 21 28 30 37 40 43 49 54 62 70 74 75 82 84 93 98 104 109 111 112 117 125 130 131 133 135 138 141 147 156 165 170 176 179 180 188 193 196 205 207 211 218 219 228 232 233 237 245 252 259 263 265 273
5 11 13 17 23 25 26 34 40 42 48 52 56 61 70 76 82 87 95 99 101 103 105
3 4 11 16 18 21 24 33 36 41 46 50 57 65 70 79 85 91 100 108 112 119 126 127 131 140 146 152 155 156 163 165 170 173 175 178 181 183 187 188 197 200 201 205 206 211 213 222 226 228 233 240 249 251 260 266 268 271 278 283 292 301 303 310 313 315 316 321 322 330 338 343 350 352 361 367 369 375 383
1 8 14 19 23 24 27 31 33 37 44 47 53 56 57 66 72 78 79 85 92 94 97 104 105 113 120 123 132 135 137 143 147 150 159 161 168 177 179 187 196 200 206 209 215 224 227 235 244 250 256 259 268 269 277 278 283 291 300 303 312 321 330 338 345 353 361 366 370 375 380 386 391 396 399 402 405 412 421 424 425 430 431 432 441 443 452 457 463 466 470 472 474 477 478 481 488 490 497 501 504 507 511 514 522 528 530 539 547 549 552 555 560 561 566 572 573 579 583 590 596 598 602 603 605 609 613 622 631 632 638 645 647 654 660 664 670 674 676 680 685 687 692 697 706 709 714 715 720 726 735 741 746 750 752 760 762 766 771 777 782 783 784 789 797 804 809 817 826 827 831 836 841 842 850 858 867 876 880 884 893 895 902 904 905 909 916 917 925 932 933 937 938 943 948
8 9 12 21 23 32 36 40 46 53 59 61 70 71 75 79 80 81 89 91 100 109 110 112 113 120 127 136 137 140 144 147 149 154 162 170 174 182 189 195 198 204 209 210 217 218 225 230 231 238 241 243 251 256 257 265 268 274 283 289 297 302 304 305 313 322 329 336 342 344 352 355 362 369 377 379 382 390 398 407 413 422 430 438 445 450 452 455 463 469 478 482 487 490 495 501 503 511 518 522 528 537 541 548 555 557 559 563 570 576 577 586 591 599 600 601 603 605 608 614 615 623 624 632 637 638 644 647 649 652 659 666 674 679 685 689
6 13 14 21 23 27 31 40 44 51 57 59 65 72 77 85 86 95 102 104 106 109 117 121 126 130 136 137 144 151 153 157 164 165 168 171 178 184 188 195 197 198 207 209 213 219 220 227 229 237 246 248 251 256 262 265 272 276 278 285 291 297 306 307 308 310 312 319 323 331 335 337 346 350 351 360 369 376 385 390 397 406 411 413 419 427 436 438 444 448 452 454 463 469 474 479 484 486 493 502 504 506 508 512 521 524 528 533 540 543 550 557 558 560 569 576 583
3 10 11 17 26 27 36 39 44 50 51 58 62 68 70 73 74 83 87 88 93 96 100 109 112 119 122 129 134 140 146 153 157 161 169 170 172 173 174 175 179 187 188 190 198 205 209 218 225 234 243 248 253 260 265 268 277 283 290 296 303 306 315 319 326 328 330 331 337 346 353 354 355 360 365 374 382 386 390 392 396 402 407 412 421
2 9 16 23 24 32 38 43 49 53 56 63 68 76 84 86 93 98 103 109 112 120 127 130 134 140 144 147 149 152 154 156 160 165 173 179 186 187 193 200 206 213 214 219 223 227 232 236 244 250 254 258 263 269 274 276 279 287 288 292 293 295 298 302 311 313 319 328 330 332 337 342 347 349 350 353 354 362 367 371 378 387 390 398 402 409 413 417 418 424 433 434 442 448 455 458 466 470 477 481 482 490 491 499 506 513 516 518 526 531 540 547
1 6 12 18 22 26 31 37 43 48 53 58 64 73 76 82 83 92 97 103 109 112 118 122 131 133 141 142 145 149 152 160 165 174 177 186 195 200 201 203 205 213 218 220 222 226 231 233 242 250 251 253 256 261 265 269 271 272 273 282 283 287 290 299 303 309 317 321 324 331 339 348 355 358 361 369 373 381 385 393 397 403 404 412 421 426 435 437 445 446 453 457 461 465 473 479 480 481 490 498 507 512 514 523 527 535 538 542 545
8 9 14 15 21 23 24 33 36 41 48 56 57 62 66 75 80 84 91 93 95 104 109 116 124 133 134 136 139 144 147 153 158 159 166 175 182 188 189 194 197 202 209 212 214 215 216 220 221 227 230 231 239 243 245 249 255 261 269 275 282 285 290 296 297 305 308 310 311 318 320 329 336 341 342 348 357 358 363 364 369 372 381 389 390 394 397 403 405 408 410 411 418 419 421 426 430 434 436 440 442 447 452 458 461 468 476 481 482 491 499 500 504 512 521 529 530 534 539 546 552 561 570 571 573 576 579 587 596 605 609 616 625 632 637 639 645 654 660 668 670 677 678 686 688 695 701 704 711 718 722 726 730 733 737 739 748 752 761 770 778 779 782 786 792 800 803
2 7 9 17 20 29 37 40 47 54 59 63 64 69 73 80 82 84 92 95 100 105 109 118 121 126 127 128 129 132 138 147 154 160 164 169 173 176 183 185 189 195 197 201 202 206 208 213 222 226 235 236 241 246 255 260 261 267 275 279 282 291 297 304 313 319 325 331 335 339 340 348 351 356 360 362 363 367 375 377 382 386 393 394 402 404 408 417 425 427 428 430 436 438 446 450 453 454 456 463 469 477 484 489 494 500 502 509 512 521 528 537 540 541 549 554 561 562 567 573 577 585 592 601 606 613 620 622 631 635 636 642 651 660 662 669 672 674 678 687 694 698 699 702 711 716 725 731 734 741 746 752 754 763 770 776 778 780 784 787 794 796 800 807 812 820 829 830 831 835 839 845
1 2 9 17 25 32 36 42 47 56 65 71 80 87 88 95 104 108 116 120 127 132 141 150 155 163 171 175 182 189 191 198 202 206 210 217 218 224 230 236 237 246 254 258 265 270 273 274 282 283 288 297 303 312 315 318 320 322 325 329 331
5 11 14 19 22 30 32 39 40 44 45 51 55 56 58 61 62 64 65 67 69 73 77 78 87 90 95 104 112 115 120 129 138 141 150 153 160 161 169 176 183 189 190 199 202 204 209 217 218 227 229 237 240 244 251 256 264 270 271 272 277 286 288 291 294 301 310 317 325 326 329 332 337 343 346 350 354 363 368 376 380 383 392 398 407 411 419 425 434 439 448 452 461 466 470 473 477 485 486 490 498 499 504 512 521 523 531 539 545 551 554 560 565 570 578 581 590 596 603 608 615 621 623 625 631 640 641 650 652 657 658 659 662 664 670 675 679 688 694 701 703 704 713 719 726 727 734 739 740
1 6 13 15 21 27 35 37 40 41 49 52 61 68 76 80 87 94 95 100 105 112 116 125 132 137 144 148 149 155 156 165 168 170 179 181 189 191 193 194 196 204 213 214 218 224 231 233 238 246 255 260 262 266 267 275 278 283 284 289 294 298 307 309 317 325 329 336 344 351 359 361 368 371 378 384 390 394 401 408
6 13 21 23 26 30 35 42 48 52 59 67 73 81 88 92 98 107 111 118 126 134 137 145 146 153 162 167 169 174 175 181 185 191 198 207 210 219 221 223 224 228 229 233 235 238 244 249 258
5 10 11 12 20 22 28 34 42 45 49 50 59 63 64 65 72 77 81 85 91 98 99 106 110 119 124 131 134 139 142 149 156 158 167 176 183 189 192 194 200 202 210 217 224 233
7 13 14 20 24 25 33 39 43 49 58 60 66 68 77 78 81 82 84 88 90 91 94 97 98 107 116 123 132 138 140 143 152 160 163 168 170 175 176 185 188 196 201 209 211 216 222 231 236 243 248 256 265 271 280 287 294 300 303 304 313 322 326 328 334 338 346 351 358 367 368 372 376 384 386 388 392 401 410 415 420 429 433 436 439 442 447 454
3 7 13 16 24 31 37 42 44 46 53 56 58 64 71 77 79 83 90 99 105 109 111 114 121 122 123 124 129 134 139 142 150 157 161 168 174 178 184 189
4 8 11 12 20 25 33 34 38 44 52 58 61 67 74 83 87 89 91 96 105 109 116 121 125 134 137 143 151 156 158 159 167 172 179 187 192 200 207 210 217 222 228 237 244 251 255 263 271 275 284 285 290 295 300 303 312 316 320 322 325 331 338 343 346 352 359 368 372 375 377 386 390 399 408 410 414 419 428 432 439 440 447 450 452 458 461 465 474 477 485 489 495 502 507 509 517 524 529 535 542 550 552 557 564 572 576 583 590 591 592 601 604 612 615 622 628 635 639 641 642 648 657 662 664 666 668 672 681 689 692 694 696 698 704 711 718 720 729 733 741
5 6 14 22 26 34 43 46 48 56 60 67 68 73 75 77 83 89 92 93 95 99 106 110 114 121 123 131 140 149 150 159 160 166 174 182 189 194 197 202 205 207 215 223 225 228 235 239 240 248 253 254 257 258 262 269 270 278 279 285 289 293 295 297 298 303 308 311 315 317 318 320 326 333 334 341 346 349 352 353 355 356 357 358 366 371 378 382 387 396 404 410 419 420 425 434 439 447 448 452 456 459 464 473 481 483 486 489 490 495 497 498 500 503 507 510 516 525 534 538 546 547 554 561 570 577 580 587 592 593 597 599 600 607 615 618 620 622 631 637 638 644 647 656 659 664 673 679 685 686 688 692 695 701 702 711 717 725 732 735 736 741 745 747 749 757 760 764 771 774 777 784 793 795 800 809 814 815 818 823 832 836 843 849 856 857 864 866 868 877 878 885 892 893 902 911 912 917
3 9 14 21 22 27 36 44 46 47 54 55 60 68 70 72 77 82 87 92 97 105 107 108 112 113 118 127 131 139 148 152 158 164 170 171 175 178 185 190 198 202 203 210 213 221 222 230 236 240 242 243 251 252 256 259 265 269 271 279 288 293 297 299 305 310 316 317 321 323 325 326 330 337 341 342 350 358 367 369 373 379 387 395 403 408 416 424 429 437 439 444 452 461 466 469 474 476 480 482 484 487 488 490 492 494 497 503 508 516 521 524 531 532 533 534 540 544 546 548 557 563 569 577 586 592 599 606 607 608 609 616 623 625 630 636 638 645 649 652 654 662 665 668 672 676 679 682 690 698 702 706
2 5 9 16 19 28 32 35 43 46 50 56 62 67 72 73 79 83 91 99 107 110 118 126 130 134 138 139 143 150 153 156 158 164 173 180 188 189 194 198 207
9 12 20 23 32 36 44 48 49 55 60 61 65 68 77 80 86 91 95 97 104 105 113 122 130 133 136 142 149 155 156 160 167 174 180 189 197 204 208 214 222 231 238 243 252 253 260 269 270 272 274 283 285 294 303 304 308 314 317 324 331 337 338 347 351 353 360 362 367 368 376 380 387 391 392 400 401 404 408
4 11 12 18 21 30 34 39 46 54 63 67 73 80 84 87 90 92 100 104 107 108 117 122 128 130 139 144 152 154 159 167 169 178 181 183 184 192 198 201 204 211 219 221 223 228 235 236 241 246 254 259 260 268 273 279 282 289 291 300 306 310 311 316 320 323 327 333 337 341 345 346 352 354 362 369 373 375 380 384 389 394 400 404 409 418
7 8 16 21 29 37 41 50 51 53 61 67 70 75 77 83 90 93 101 108 111 119 123 130 134 135 138 141 146 148 150 152 157 166 175 176 183 190 194 195 204 212 214 219 226 234 238 244 249 254 261 262 269 274 282 289 295 304 305 309 318 320
7 13 22 26 29 37 44 51 58 65 66 69 74 75 76 77 86 89 92 96 98 101 109 113 114 117 121 126 130 137 143 150 159 164 172 174 182 184 190 192 196 203 205 207 213
5 7 13 15 22 23 24 28 35 39 46 51 59 63 66 72 77 84 91 99 107 108 115 119 121 122 128 134 136 140 144 145 150 158 166 168 176 177 184 187 192 198 201 206 211 219 228 237 245 248 254 258 267 274 276 279 287 295 300 304 310 318 325 326 332 333 335 342 344 351 356 358 362 368 370 374 377 383 391 400 405 406 408 409 413 414 418 423 424 430 433 434 437 444
8 14 22 26 32 41 45 48 51 53 57 61 65 66 75 77 78 80 86 90 93 96 104 108 109 115 117 124 127 129 130 136 143 144 148 152 153 162 166 173 180 187 194 203 210 218 219 227 228 236 239 240 243 249 252 258 264 271 276 285 288 296 305 309 311 317 319 325 332 335 336 345 353 357 364 367 374 382 391 396 398 407 410 411 413 417 422 428 436 437 439 442 444 451
7 8 14 15 22 23 26 29 36 44 48 49 58 66 72 81 84 93 97 100 109 112 120 123 127 130 134 143 151 160 165 170 171 178 186 191 195 198 199 204 213 220 222 227
5 12 13 21 28 34 35 38 44 52 55 62 70 73 82 89 95 99 108 114 123 130 134 143 149 150 157 158 162 170 172 173 180 182 185 189 192 193 200 206 208 211 213 222 223 226 234 238 240 246 255 262 266 270 272 280 285 292 299 305 311 318 319 323 328 336 337 343 347 355 362 371 380 384 389 394 403 411 419 424 431 440 442 451 457 460 469 478 479 480 484 490 497 499 506 515 523 529 535 543 545 553 555 559 560 569 576 583 587 595 597 598 602 605 606 615 623 631 637 643 646 651 653 661 663 664 669 670 674 681 685 686 694 701 707 708 710 714 718 725 729 730 736 737 743 748 753 754 757 762 763 772 773 781 790 795 802 807 811 813 814 815 824 828 829 830 835 843 849 857 864 873 882 890 894 902 903 908 913 914 920 929 938 942 945 948 952 955 961 964 967 973 977 985 993 996
5 14 20 27 28 30 31 34 38 45 53 62 67 71 76 77 82 89 93 99 106 111 117 122 131 137 143 144 148 157 158 165 169 170 177 181 188 194 199 205 210 213 222 229 238 240 246 249 250 254 258 266 271 279 288 290 297 305 308 313 317 322 329 333 341 350 354 359 367 372 375 379 384 390 393 396 403 408 410 419 422 423 430 431 440 445 451 455 457 459 465 470 476 484 486 494 500 501 506 507 516 521 530 538 546 552 555 562 567 572 579 585 590 591 592 594
6 13 16 18 26 30 39 42 44 51 60 64 73 80 89 95 102 110 113 116 119 126 129 132 138 147 149 150 153 155 156 158 164 168 175 177 182 183 184 189 197 202 208 216 220 224 231
3 9 17 18 22 28 35 36 45 53 54 63 70 79 88 94 96 101 109 118 127 136 142 151 160 168 175 183 188 189 194 200 201 206 207 210 213 214 223 230 238 245 250 253 256 259 266 268 277 283 288 292 294 297 299 306 309 310 318 323 329 330 334 340 343 348 355 364 369 375 382 386 393 402 406 410 417 422 427 432 433 437 438 439 445 452 454 463 465 470 474 481 489 490 493 494 501 505 507 510 512 515 518 527 534 538 547 552 555 561 562 567 570 574 578 584 589 593 596 598 600 607 608 616 619 624 631 640 642 649
4 6 9 18 23 28 32 33 38 47 51 60 69 76 82 85 87 89 95 102 107 113 117 119 126 135 141 142 148 154 159 165 169 178 181 185 188 196 203 212 216 220 221 225 231 233 234 236 245 250 258 261 262 269 278 286 292 296 297 304 306 310 315 320 322 329 333 335 341 349 355 359 361 368 372 373 381 382 383 386 390 391 395 396 405 409 417 424 426 434 438 439 448 457 459 465 470 478 486 489 497 506 507 512 515 519 524 532 539 548 555 563 570 572 578 582 585 588 593 599 608 616 621 622 624 630 639 643 651 652 660 667 673 674 678 684 693 700 704 706 711 715 724 725 727 735 741 748 756 765 769 775 777 785 786
9 12 16 20 21 22 26 27 36 39 46 54 58 60 65 68 74 81 90 92 99 107 112 113 121 122 128 129 136 144 147 156 158 165 167 175 177 182 190 195 204 209 218 220 227 236 241 249 251 254 261 263 266 269 277 281 284 291 293 300 306 315 316 325 330 331 339 345 349 356 359 368 377 385 387 389 391
6 8 11 15 22 23 27 35 44 48 53 56 59 61 66 67 76 83 91 97 102 110 119 125 134 135 136 144 146 155 162 170 177 181 190 199 200 208 216 221 222 228 234 242 245 249 256 265 267 268 274 277 278 280 288 289 292 294 299 306 309 317 322 325 332 341 345 348 349 356 360 368 371 378 383 384 393 395 397 398 405 414 422 425 428 435 438 440 442 446 450 454 461 464 472 478 482 491 496 502 511 518 520 523 529 534 537 542 548 556 562 570 575 582 588 592 599 605 612 618 623 630 637 645 648 652
5 12 15 20 29 38 40 44 46 55 64 72 74 82 83 90 97 99 104 110 119 124 127 130 132 136 142 148 153 157 165 167 170 176 180 188 193 197 202 209 214 221 223 229 232 233 234 243 247 249 251 252 260
4 13 18 27 33 40 45 49 50 52 54 55 58 63 68 69 78 86 90 93 101 103 109 110 115 121 122 130 136 138 140 142 148 150 153 159 160 164 165 167 172 177 186 188 189 190 191 192 198 207 213 219 228 237 246 251 254 262 267 269 277 285 289 296 299 304 308 310 316 319 325 327 331 339 348 352 360 368 369 375 382 390 398 405 413 422 423 430 431 432 441 445 446 454 462 469 471 475 480 481 487 493 499 502 509 516 525 526 528 533 534 538 543 550 554 555
3 8 13 14 18 21 22 23 32 33 38 41 48 49 56 61 65 72 81 89 96 97 103 112 116 123 125 134 141 142 146 152 158 165 171 180 183 188 190 197 203 212 213 215 218 227 231 239 247 253 256 257 263 265 270 278 286 293 294 297 300 308 317 322 329 333 341 348 353 354 361 364 370 378 383 386 394 395 396 400 407 412 413 416 423 430 435 437 444 446 451 452 460 462 465 468 471 478 482 489 494 499 502 509 512 518 526 527 532 537 539 542 545 552 553 562 567 576 584 586 593 600 608 616 619 626 627 628 635 637 642 651 655 659 665 666 674 675 677 681 684 686 689 698 700 703 712 713 716 723 727 728 730 735 743 747 752
4 11 18 20 25 29 30 36 44 50 57 62 66 72 81 88 95 97 105 113 120 127 133 135 142 150 156 161 164 173 175 177 184 188 192 199 207 209 216 220 229 232 237 238 245 247 253 257 260 268 274 282 284 285 290 297 304 312 313 317 322 326 328 333 337 343 349 353 356 360 365 372 373 377 385 393 396 405 412 419 426 431 440 442 447 450 457 465 467 469 472 477 485 491 493 495 497 503 505 508 512 517 519 528 529 538 540 546 549 555 562 563 564 567 572 573 580 589 595 604 609 615 619 622 623 627 630 636 638 643 648 656 665 668 669 677 683 690 694 696 698 700 701 707 713 719 725 731 736 739 741 750 752 753 760 763 765 768 777 784 792 794 801 806 814 821 822
7 13 22 31 36 37 44 46 47 56 57 66 70 78 80 89 94 97 101 105 108 116 121 122 125 129 134 140 143 147 152 158 162 166 172 177 181 190 192 196 197 205 209 218 222 225 231 233 237 244 253 254 256 260 261 269 270 276 278 286 290 296 301 304 305 312 313 322 331 339 348 352 359 368 375
5 13 17 26 27 35 39 45 47 56 59 60 62 70 76 82 89 94 101 107 115 122 124 127 128 131 138 143 150 153 162 168 174 183 188 195 197 204 206 207 213 220 225 229 233 241 246 252 259 261 270 273 276 277 286 294 302 303 307 308 313 317 325 331 333 340 345 350 354 361 366 372 373 381 386 393 399 402 406 408 409 414 415 420 426 427 429 430 435 441 448 457 458 462 465 473 478 487 493 494 499 508 512 513 520 527 532 539 545 552 554 556 561 567 572 576 581 583 590 595 596 599 606 611 618 621 628 634 637 639 640 649 654 656 664 668 669 671 680 683 684 692 701 702 706 709 715 721 726 727 731 737 738 740 743 750 759 760 763 764 765 768 774 782 784 789 795 803 807 816 818 823 830 837 846 849 854 861 867 874 877 878 884 889 898 905 912 917 925 933 938 947
8 13 17 25 28 35 37 40 42 43 44 51 58 64 70 78 87 91 100 108 117 124 132 134 136 142 149 156 163 172 174 179 183 187 192 193 197 199 200 205 206 210 218 219 222 223 231
3 5 7 16 25 30 33 35 42 47 48 50 51 56 64 72 78 81 87 92 95 99 104 108 113 120 129 135 144 152 154 155 156 159 166 174 175 177 183 190 191 192 196 198 199 208 214 215 218 226 231 235 242 251 260 266 271 280 281 290 291 296 297 303 310 318 327 334 340 347 355 358 362 366 368 374 376 380 388 395 396 397 406 409 410 415 420 421 430 437 440 444 453 461 464 473 481 487 494 495 501 503 510 518 526 534 542 544 545 551 552 556 561 562 563 567 576 577 585 590 598 603 611 615 623 627
2 10 12 13 18 19 21 23 32 33 42 45 49 51 58 64 72 78 86 95 99 102 104 108 110 114 118 121 126 132 138 139 140 146 151 157 158 159 168 177 183 192 201 206 209 213 220 227 233 242 244 248 250 256 264 268 271 279 288 292 293 301 303 310 318 323 324 330 335 339 342 347 349 358 359 365 373 377 381 383 390 396 401 403 412 414 415 418 424 430 435 436 444 452 454 458
5 9 18 20 27 36 45 49 56 60 66 71 78 84 89 96 99 105 108 112 114 120 126 128 132 138 142 145 149 150 159 163 164 168 173 178 185 189 192 193 198 199 208 213 216 218 227 235 239 248 252 253 262 271 277 278 282 287 294 302 311 317 322 323 331 333 339 346 352 355 363 364 367 376 382 383 389 391 392 399 402 411 418 427 434 441 445 452 461 470 472 479 488 492 501 503 506 507 516 522 528 537 546 549 556 558 559 564 570 574 583 587 595 596 604 612 617 624 628 633 635 641 646 655 663 670 677 683 688 695 704 707 714 715 723 732 734 735 738 746 754 758 760 763 770 776 783 787 792 793 801 803 809 815 821 822 824 830 838 840 842 846 854 861 862 869 871 880 882 887 890 894 895 903 910 915 922 931 934 935 937 939 940 943 948 957 959 967 970 971 976 977 979 981 987 995
5 14 18 20 28 30 34 39 42 44 49 51 55 62 63 70 79 86 94 102 111 114 119 120 129 135 144 146 147 153 161 167 169 174 177 178 183 186 195 200 204 205 212 213 214 216 222 223 227 235 236 244 251 259 266 269 272 276 279 283 284 285 294 298 307 308 315 317 325 328 336 341 350 352 357 362 364 365 366 372 375 381 388 389 396
2 10 14 22 29 33 42 43 52 57 62 68 74 79 80 82 89 98 101 103 110 117 121 129 130 132 135 144 152 153 161 165 174 180 189 196 200 205 209 217 219 224 225 232 234 235 244 252 254 256 257 260 269 273 276 279 287 293 298 301 307 314 318 324 328 335 338 347 348 357 359 365 374 381 385 390 396 397 400 405 414 418 422 425 434 437 446 455 459 461 465 466 468 477 480 483 484 491 493 500 501 510 513 514
2 9 13 17 21 29 38 43 44 50 53 58 61 66 69 75 83 89 91 93 96 105 114 123 125 134 135 142 144 150 153 162 164 165 167 170 175 176 182 188 189 193 194 196 200 206 209 217 224 230 234 242 251 258 260 261 269 277 286 293 301 303 305 308 316 324 325 329 336 345 347 352 354 356 358 361 364 373 375 376 385 388
1 2 3 7 15 16 17 24 25 31 36 41 43 48 51 53 61 69 76 85 94 102 111 120 128 133 139 144 150 151 158 160 164 171 175 184 186 195 199 203 206 210 215 217 222 227 230 233 239 240 241 249 255 259 268 277 281 288 290 295 300 309 317 323 329 332 338 347 353 361 366 371 378 385 386 387 392 401 403 412 414 416 422 431 440 447 451 454 458 466 473 480 483 489 494 501 503 506 512 520 527 536 542 546 554 561 569 574 583 590 595 596 599 608 611 617 618 621 630 636 645 648 655 660 669 678 679 687 688 695 704 707 713 716 724 728 736 745 749 751 755 758 767 771 772 781 787 796 799 806 811 815 817 820 823 830 835 841 842 848 852 859 868 873 880 882 887 891 899 901 902 906 909 916 924 927 930 934 940 945 947 953 959
9 14 21 28 31 37 41 49 52 57 65 66 72 79 87 93 99 106 109 115 123 128 130 131 140 141 143 150 151 160 168 172 178 179 184 190 194 198 202 211 215 224 228 232 237 246 253 260 267 275 284 288 295 300 309 311 320 323 328 337 341 348 350 357 358 359 368 374 379 384 392 395 401 405 409 417 422 430 439 443 452 460 465 474 481 483 490 493 501 504 505 514 522 531 539 547 555 563 564
6 10 15 18 27 35 44 53 62 64 69 71 73 76 82 86 89 94 98 99 102 107 110 112 120 121 129 131 135 142 146 152 156 163 167 175 176 182 189 196 199 205 207 212 216 221 230 237 244 247 254 257 266 273 277 284 292 297 304 312 313 316 319 320 329 335 338 346 353 357 364 370 371 372 376 383 384 387 389 396 397 400 404 409 418 420 425 427 429
5 9 15 21 30 37 43 45 54 59 67 70 76 85 87 94 96 99 100 104 113 115 120 128 137 139 148 157 163 166 169 170 175 181 187 190 199 206 207 208 212 221 229 237 246 255 259 261 263 266 271 277 278 279 282 287 295 296 300 308 311 318 324 329 333 338 342 350 352 358 365 368 370 375 380 381 385 390 391 394 397 403 412 415 424 431 439 445 446 447 449 454 458 460 465
2 9 12 16 21 25 28 29 33 36 40 47 52 60 69 71 75 76 85 94 98 104 107 110 115 116 124 130 138 139 145 148 155 157 159 166 170 174 175 182 184 189 191 199 202 205 206 213 220 221 223 231 235 243 251 259 260 268 274 275 278 286 287 289 298 301 306 313 322 324 333 334 338 340 343 348 351 360 366 372 373 379 381 386 395 401 403 412 414 419 424 426 435 443 451 457 463 466 471 473 481 483 490 496 500 507 509 518 523 529 532 540 547 553 560 569 578 585 586 592 601 602 608 615 624 625 634 637 641 642 650 652 654 663 664 672 677 682 687 688 691 693 698 705 711 716 724 732 741 747 753 762 770 776 782 788 793 796 804 807 809
4 11 20 22 26 28 32 41 44 46 52 59 67 75 76 84 85 93 101 108 115 124 127 129 136 141 144 145 152 161 169 170 175 178 186 194 196 197 205 209 211 212 221 222 224 228 231 233 236 237 239 248 254 263 272 278 280 284 290 291 292 295 300 306 312 319 326 330 338 344 350 354 360 368 377 382 386 389 391 392 394 401 407 416 420 425 431 440 444 447 450 455 462 470
3 12 17 22 31 37 39 43 44 49 53 61 69 73 77 84 87 88 95 101 106 107 116 125 133 141 150 158 163 169
5 12 20 21 24 28 32 33 41 45 50 52 61 67 70 74 82 84 91 96 101 110 117 121 129 136 144 149 153 154 160 163 166 169 172 173 182 187 192
9 12 20 25 31 35 44 52 56 65 69 72 79 82 84 86 93 102 105 109 116 123 127 131 139 148 149 152 155 161 163 170 179 188 191 200 207 212 220 227 233 235 237 239 241 243 249 258 259 261 266 273 275 279 284 290 292 299 303 308 313 318 323 327 331 337 342 351 359 365 368 376 383 386 387 390 396 398 401 406 415 417 426 430 437 441 449 451 455 458 459 460 462 467 469 478 481 487 494 501 505 510
8 17 18 26 31 33 42 46 54 58 63 69 77 80 84 86 89 98 100 101 107 110 118 124 128 131 134 138 143 146 153 160 162 164 170 178 179 185 187 190 194 197 205 208 209 211 212 219 223 228 231 235 241 247 253 260
2 8 15 18 26 34 40 41 45 48 57 58 65 71 76 83 90 93 100
3 10 15 19 24 26 27 34 37 45 54 63 70 75 78 82 89 94 97 103 110 114 120 124 127 133 140 141 144 150 158 165 168 176 180 181 190 198 201 210 213 214 217 223 228 232 235 243 248 254 261 263 272 279 284 292 301 304 312 318 320 322 324 331 333 341 349
9 12 13 14 17 24 27 33 36 38 40 41 44 52 61 68 69 74 75 76 81 90 95 97 105 111 114 116 117 125 127 136 137 142 146 149 158 162 165 171 175 177 185 190 198 207 211 216 218 219 221 226 230 232 237 238 247 249 250 257 259 268 276 280 286 290 291 300 309 312 315 316 324 333 334 336 340 341 346 347 355 363 365 370 377 382 386 389 398 407 413 417 419 424 429
1 7 10 13 22 25 32 38 47 48 56 60 66 67 76 83 84 86 95 100 109 111 119 125 127 131 140 142 150 155 163 169 176
3 12 15 20 26 33 36 41 43 44 47 51 56 64 67 71 72 77 86 92 99
9 11 19 25 34 42 49 55 64 70 73 81 89 97 104 110 112 118 124 127 131 132 133 134 139 146 151 155 161 165 171 172 179 185 190 194 203 209 216 223 227 231 234 240 247 251 252 259 266 272 279 281 283 287 293 300 301 306 307 313 318 323 324 331 336 342 351 356 361 366 375 379 380 386 390 399 401 404 411 414 420 428 435 442 444 445 450 457 462 464 473 480 481 483 485 491 500 506 507 512 521 524 525 527 529 535 538 546 548 551 559 565 568 575 581 587 594 600 602 607 616 617 622 627 631 639 640 641 647 656 665 672 673 681 683 685 694 702 706 711 714 719 720 722 725 733 734 743 747 750 756 759 765 770 775 784 791 792 798 799 807 816 820 829 834 840 847 854 855 863 864 867 876 885 888 894 899
6 12 21 22 30 38 46 55 57 64 67 74 81 85 92 94 100 109 116 118 125 131 139 143 144 149 155 158 166 172 178 183 190 194 197 204 210 215 218 219 227 229 238 247 252 259 262 268 269 276 279 283 287 292 297 301 307 309 311 317 326 332 334 341 347 349 350 355 360 364 369 378 380 382 391 394 400 401 408 414 419 426 435 436 445 450 459 460 464 471 478 486 489 492 496 502 506 512 521 523 524 530 531 537 541 547 548 552 560 562 564 570 571 575 577 579 586 594 602 604 609 610 619 625 627 634 636 645 648 651 652 657 659 664 668 669 674 682 690 693 700 701 704
1 4 7 15 23 32 38 41 50 54 58 60 62 64 70 75 82 85 93 99 100 106 112 120 123 127 132 140 148 156 164 168 170 175 178 187 196 201 205 213 216 220 228 229 238 247 255 260 269
2 10 13 16 24 25 29 33 36 39 42 51 53 56 59 61 65 72 80 84 87 90 92 97 98 106 108 113 122 126 129 130 137 143 152 161 167 170 178 185 190 193 194 196 200 202 208 211 213 220 224 227 231 232 234 237 240 242 246 254 258 260 263 269 278 280 281 290 294 300 309 317 319 320 325 334 343 346 349 353 355 357 361 368 371 374 375 379 381 382 385 389 395 404 406 411 412 420 425 431 433 435 436 444 449 451 457 464 466 475 482 483 492 498 499 501 506 513 522 530 533 535 540 541 544 552 554 562 563 565 567 572 576 580 581 583 590 596 600 606 610 615 618 626 635 644 653 660 666 669 678 680 685 687 693 698 705 712 717 718 721 730 736 740 744 752 754 755 760 766 771 774 783 785 788 795 797 800
8 17 25 32 35 36 45 52 60 67 68 77 83 87 89 95 101 107 112 115 123 132 140 142 145 146 155 164 166 171 176 184 186 195 201 209 215 216 221 225 228 234 241 245 247 255 256 261 268 273 278 280 287 295 303 307 312 318 319 323 325 330 334 338 345 354 356 365 372 373 381 386 389 391 395 403 410 415 424 431 436 441 444 450 452 458 466 468 477 479 484 486 487 490 498 504 513 521 529 532 534 538 542 544 550 555 564 573 574 577 583 584 588 597 604 612 619 622 623 624 629 635 639 647 656 660 661 670 673 674 677 681 689 693 696 704 708 714 717 723 732 735 738 741 744 746 750 752 758 763 768 769 776 785 792 798
4 8 10 17 24 30 36 40 48 50 58 66 67 76 81 82
3 10 14 22 26 27 28 31 33 41 47 56 61 69 72 75 82 84 86 90 94 99 103 111 118 125 128 134 142 145 148 155 163 170 171 173 179 181 182 187 195 202 203 204 207 210 211 218 227 229 234 240 249 252 259 267 276 280 285 286 295 296 298 304 307 313 318 320 326 327 331 332 336 338 345 352 359 368 376 383 386 391 392 400 403 408 410 411 416 418 426 433 435 436 440 445 446 454 457 466 470 478 482 483 491 492 493 495 503 509 513 518 524 530 538 541 544 550 558 566 570 575 583 592 599 600 609 615 616 617 625 634 643 644 650 656 660 665 672 680 688 689 692 701 703 709 710 711 716 725 727 729 734 739 745 753 758 767 771 779 784 792 795 803 804 806 811 815 820 826
5 11 18 27 33 36 43 49 56 61 70 79 88 90 96 98 107 114 122 126 128 131 138 143 149 150 152 155 163 169 172 181 182 191 195 202 207 212 220 225 232 239 240 243 249 256 261 270 271 272 281 286 294 299 307 311 317 318 321 323 329 331 337 338 347 349 356 359 361 363 370 372 381 390 398 406 410 415 423 430 436 439 443 447 449 450 451 457 465 470 471 477 486 494
5 10 15 24 32 39 42 49 56 62 68 69 77 81 82 90 95 98 105 112 113 119 125 131 133 139 144 151 156 165 169 171 175 180 185 186 190 196 201 209 212 217 218 219 221 227 233 239 248 255 261 268 271 276 283 290 295 298 302 311 319 320 324 327 328 337 342 348 351 358 365 367 372 380 384 388 397 405 410 419 427 428 434 436 444 453 454 455 458 460 466 475 483 492 501 508 512 518 520 528 529 537 539 544 552 554 559 564 567 575 584 586 591 598 607 609 612 614
6 10 11 16 17 26 32 35 43 51 58 67 76 81 84 88 96 97 105 114 116 122 127 136 143 144 147 152 156 165 174 177 184 185 186 191 198 199 205 212 213 216 219 224 229 235 241 244 245 252 258 263 265 274 278 284 291 295 302 303 309 317 326 329 336 341 348 356 361 365 366 374 382 388 397 402 404 405 407 412 420 421 428 432 437 446 449 450 455 464 473 474 482 491 500 507 512 517 519 522 527 534 537 541 548 549 550 551 553 559 561 565 574 581 586 589 591 592 601 610 614 615 622 627 628 632 638 639 644 651 660 664 668 677 685 688 694 701 704 712 713 721 723 725 726 731 734 740 746 752 754 760 763 769 773 776 785 794 798 800 801 803 806 807 814 815 822 824 825 832 838 840 841 843 847 851 853 860
2 7 16 19 28 37 46 49 57 60 66 68 72 76 84 87 96 102 104 109 112 116 117 125 128 137
7 8 11 13 19 21 30 38 46 54 61 65 68 71 73 79 88 90 94 96 97 101 106 115 122 126 129 136 145 146 152 160 166 173 174 176 182 191 195 203 212 221 225 227 234 239 240 242 248
6 11 12 17 22 23 26 32 37 43 51 57 63 68 71 76 82 91 95 99 106 113 120 123 128 129 130 138 147 153 154 161 164 167 169 175 184 188 191 198 205 211 213 215 221 230 233 235 240 244 247 254 255 263 267 270 276 282 285 294 297 306 312 320 323 326 330 331 332 339 345 351 352 356 360 365 367 374 377 382 383 387 390 391 399 402 406 414 415 418 421 427 428 434 440 444 452 459 467 473 479 486 493 497 501 508 514 516 525 530 535 542 546 548 549 556 564 573 580 586 591 600 602 610 614 619 622 628 630 633 636 637 645 650 655 656 661 670 677 685 694 699 700 703 705 710 717 721 722 728 732 741 745 752 758 766 769 771 774 775 777 782 783 786 794 799 804 806 815 819 820 822 831 840 845 849 855 860 868 871 875 882 888 894
1 8 17 24 28 34 35 38 40 41 42 44 50 57 58 64 66 67 76 85 87 90 93 102 106 109 111 119 125 131 132 134 139 143 145 149 153 158 160 166 168 177 183 190 199 205 214 215 222 228 237 246 255 263 270 271 274 277 283 286 289 290 293 295 296 297 303 310 318 319 320 323 325 327 333 338 346 351 360 363 364 366 371 375 376 381 385 392 398 403 405 407 411 416 419 423 427 430 437 439 448 454 463 467 474 478 487 492 493 495 498 505
7 14 23 32 35 37 43 51 53 54 61 62 65 73 82 86 87 91 93 102 106 111 118 123 129 136 145 147 151 156 160 161 162 167 168 174 175 183 187 195 200 205 207 216 222 230 238 246 248 251 254 261 264 269 276 279 283 287 291 293 302 309 315 316 321 329 331 335 338 340 341 346 348 350 359 368 373 381 388 391 398 403 404 411 413 418 422 428 436 445 451 456 460 467 472 481 485 487 492 495 504 506 508 511 514 522 527 531 538 541 545 552 555 563 569 573 577 584 590 595 599 604 610 615 624 626 630 639 644 647 656 657 659 664 666 670 673 675 682 683 691 699 700 707
2 3 9 17 22 30 37 42 50 55 61 62 64 66 67 74 76 77 84 92 95 104 108 109 116 122 128 137 140 145 154 157 165 166 167 169 173 176 183 191
7 8 17 23 31 40 46 51 58 66 69 77 86 93 97 98 106 110 114 115 122 126 133 136 145 147 153 154 160 162 165 166 175 182 187 193 195 200 208 213 214
1 4 12 15 24 26 27 36 38 45 50 51 59 62 66 68 69 75 84 88 95 100 108 110 117 118 119 123 132 134 135 138 145 147 155 157 162 168 174 181 189 192 195 197 198 200 201 208 216 221 223 232 234 241 250 259 265 268 272 279 285
8 16 22 24 29 37 44 51 59 60 69 76 77 84 89 94 99 108 113 118 119 126 129 131 140 144 147 148 149 158 163 165 169 178 183 190 193 197 204 205 207 208 209 212 213 222 231 233 239 240 245 250 259 260 265 272 273 282 288 292 301 307 314 317 321 325 334 338 344 350 353 355
3 7 12 21 26 28 34 39 47 50 53 58 62 71 80 85 92 100 102 106 110 112 117 122 123 125 130 139 142 147 154 157 164 165 171 179 188 196 202 204 212 215 222 228 231 237 240 241 244 248 250 251 254 262 267 270 278 284 287 289 294 295 304 311 313 314 320 325 333 335 343 347 356 362 369 371 375 378 379 382 390 399 405 410 419 424 428 435 441 442 447 454 457 464 466 471 479 483 488 494 501 506 508 509 515 521 530 532 540 547 555 556 562
4 8 16 21 25 28 32 35 36 40 47 54 61 69 77 81 82 85 87 88 92 100 107 116 122 124 128 137 145 153 154 157 158 166 170 177 183 187 188 189 190 192 199 200 204 206 208 214 221 223 224 227 236 245 253 256 260 262 266 269 273 276 279 282 291 297 301 304 305 314 318 327 330 331 333 338 345 354 355 359 362 369 371 372 375 382 391 396 403 407 411 420 425 430 435 436 445 449 457 463
8 12 14 17 18 25 29 34 41 44 48 49 53 61 66 74 80 86 92 99 103 107 110 115 121 124 131 137 139 142 148 150 152 160 169 173 179 181 189 194 202 206 208 209 212 214 223 227 229 235 238 244 248 257 265 266 275 284 291 297 301 303 312 321 329 335 338 344 351 354 356 357 358 360 365 369 371 379 381 389 394 397 399 408 411 412 421 429 434 441 448 449 454 461 465 467 474 475 479 481 485 491 497 500 504 511 517 519 524 530 538 544 548 554 560 566 569 578 582 585 588 595 602 603 604 608 609 612 614 621 622 631 632 637 639 643 645 648 653 654 655 657 661 670 675 677 678 686 690 692 697 706 711 717 725 728 733 740
4 8 10 17 25 27 30
6 7 13 20 28 33 40 46 54 56 57 61 65 74 76 83 90 94 96 97
6 14 17 20 25 28 32 34 38 40 49 58 65 68 75 84 93 98 101 110 113 115 119 128 135 141 148 149 158 163 168 172 180 186 195 197 201 202 206 214 222 227 231 240 247 251 259 266 267 274 281 282 287 295 298 302 310 311 315 319 328 332 336 337 345 346 348 353 356 357 360 369 371 374 382 390 395 403 404 406 409 414 422 427 430 436 444 446 452 457 459 466 469 477 482 488 492
5 13 20 27 30 39 44 48 55 59 65 67 68 75 83 85 90 97 98 105 113 121 124 130 138 147 156 157 158 166 174 181 189 192 199 204 209 213 220 226 227 235 239 246 255 257 263 267 276 278 280 289 294 298 303 309 311 312 321 324 333 339 348 355 361 370 376 380 384 387 390 391 396 405 408 414 421 423 424 433 438 445 452 461 463 468 476 483 485 487 493 500 504 509 515 520 523 524 530 537 545 546 555 557 560 568 573 577 585 589 597 602 604 608 617 620 622 628 630 631 634 635 638 647 651 657 663 667 668 676 685 694 699 705 708 713 715 724 730 735 744 750 751 757 762 767
3 6 15 23 25 34 43 47 54 55 61 64 67 75 77 86 93 102 103 104 110 114 116 125 126 128 132 138 147 153 154 160 163 167 172 181 189 196 198 203 209 216 225 233 235 242 247 248 256 265 269 270 274 281 286 292 298 307 315 324 328 337 343 345 353 354 356 357 364 367 370 371 373 375 379 385 386 395 401 403 410 413 420 429 438 443 449 452 455 458 459 466 471 478 486 495 499 507 512 513 514 519 524 530 531 538 540 549 552 554 562 570 572 581 590 597 603 611 613 616 621 630 638 647 651 660 669 676 678 686 692 699 702 704 711 715 722 724 731 736 739 740 744 745 747 748 753 757 761 762 769 777 782 786 790 793 797 801 802 809 814 818 827 834 840 847 852 854 860 861 868 870 871 873 877 883 890
4 7 9 10 13 17 25 28
7 9 14 15 23 27 31 40 48 56 61 67 69 77 82 84 85 91 92 100 107 113 116 118 127 131 134 142 150 153 158 159 161 163 164 165 173 178 182 187 194 199 204 209 212 215 221 224 227 233 242 249 255 256 260 263 264 266 267 272 281 284 292 293 300 301 310 314 320 329 336 342 351 354 356 357 364 372 374 382 390 394 401 406 409 413 414 419 424 430 437 444 448 455 462 463 468 469 472 480 488 489 497 500 503 505 508 510 511 520 523 529 532 535 537 542 545 546 549 551 559 560 567 576 585 589 594 599 605 608 610 616 617 622 623 625 632 641 642 647 651 653 656 658 667 675 678 679 687 693 697 699 700 709 713 714 716 720 726 734 737 744 745 749 757 760
8 13 15 24 28 32 33 34
1 2 3 7 15 18 21 22 23 28 37 41 47 49 57 62 63 67 71 72 74 78 79 80 89 95 101 104
7 11 18 24 32 35 36 37 41 46 54 56 57 64 72 73 82 91 97 102 106 108 113 114 116 122 127 128 133 141 144 152 153 161 163 170 171 176 180 188 193 196 197 198 201 204 206 214 221 228 237 238 240 245 253 260 268 273 282 286 288 290 295 303 305 306 309 312 321 326 329 334 340 346 353 360 363 372 374 381 383 384 393 402 407 412 419 426 429 431 434 440 443 449 458 459 467 471 472 474 483 486 490 491 499 503 505 514 515 517 522 529 537 541 548 556 559 563 569 571 576 582 591 594 599 604 613 622 630
